# This file uses centimeters as units for non-parametric coordinates.

mtllib pen.mtl
g default
v -43.096272 -6.144686 7.241596
v -42.297009 -6.137268 7.304897
v -43.088863 6.538405 7.237675
v -42.289600 6.545823 7.300976
v -43.152164 4.055001 -0.196720
v -42.352901 4.062419 -0.133419
v -43.159573 -6.141587 -4.912788
v -42.360310 -6.134169 -4.849487
v -42.311634 6.546902 3.070393
v -43.110897 6.539484 3.007092
v -43.118305 -6.143607 3.011013
v -42.319042 -6.136189 3.074314
v -42.356640 0.295302 -4.851845
v -43.155903 0.287883 -4.915146
v -43.114628 0.285863 3.008656
v -43.092594 0.284797 7.239250
v -42.293339 0.292216 7.302551
v -42.315372 0.293281 3.071957
v -22.632061 -6.144686 7.074322
v -21.832806 -6.137268 7.137627
v -22.624653 6.538405 7.070404
v -21.825390 6.545823 7.133705
v -22.687954 4.055001 -0.363991
v -21.888691 4.062419 -0.300690
v -22.695362 -6.141587 -5.080059
v -21.896107 -6.134169 -5.016758
v -21.847424 6.546902 2.903122
v -22.646687 6.539484 2.839821
v -22.654095 -6.143607 2.843742
v -21.854839 -6.136189 2.907043
v -21.892429 0.295302 -5.019115
v -22.691692 0.287883 -5.082417
v -22.650425 0.285863 2.841385
v -22.628391 0.284784 7.071964
v -21.829128 0.292202 7.135269
v -21.851162 0.293281 2.904686
v -42.360226 -5.983414 -4.849525
v -43.159481 -5.990832 -4.912823
v -43.118214 -5.992852 3.010975
v -43.096188 -5.993931 7.241558
v -42.296917 -5.986513 7.304859
v -42.318951 -5.985434 3.074276
v -21.896015 -5.990686 -5.016792
v -22.695278 -5.998104 -5.080093
v -22.654011 -6.000125 2.843704
v -22.631977 -6.001204 7.074287
v -21.832722 -5.993785 7.137592
v -21.854748 -5.992706 2.907009
v -21.893414 -1.352583 -5.018703
v -22.692677 -1.360001 -5.082008
v -22.651409 -1.362022 2.841797
v -22.629375 -1.363101 7.072376
v -21.830120 -1.355682 7.135681
v -21.852146 -1.354603 2.905098
v -21.893925 -2.212486 -5.018486
v -22.693188 -2.219904 -5.081795
v -22.651920 -2.221924 2.842014
v -22.629887 -2.223003 7.072590
v -21.830631 -2.215585 7.135895
v -21.852657 -2.214506 2.905312
v -43.156879 -1.358788 -4.914734
v -43.115612 -1.360809 3.009068
v -43.093586 -1.361887 7.239647
v -42.294323 -1.354469 7.302948
v -42.316357 -1.353390 3.072365
v -42.357624 -1.351370 -4.851433
v -43.157352 -2.238492 -4.914268
v -43.116093 -2.240512 3.009533
v -43.094059 -2.241591 7.240112
v -42.294796 -2.234173 7.303413
v -42.316830 -2.233094 3.072830
v -42.358097 -2.231074 -4.850967
v -42.294170 6.546047 6.424068
v -43.093433 6.538629 6.360767
v -43.097164 0.285021 6.362343
v -43.098148 -1.361664 6.362740
v -43.098621 -2.241367 6.363205
v -43.100750 -5.993708 6.364651
v -43.100842 -6.144463 6.364689
v -42.301579 -6.137044 6.427990
v -42.301487 -5.986289 6.427952
v -42.299366 -2.233949 6.426506
v -42.298893 -1.354245 6.426041
v -42.297909 0.292439 6.425644
v -21.829075 6.546003 6.427002
v -22.628330 6.538586 6.363701
v -22.632069 0.284964 6.365261
v -22.633053 -1.362921 6.365673
v -22.633572 -2.222823 6.365887
v -22.635662 -6.001023 6.367580
v -22.635746 -6.144506 6.367619
v -21.836483 -6.137088 6.430923
v -21.836399 -5.993606 6.430885
v -21.834316 -2.215405 6.429192
v -21.833797 -1.355502 6.428974
v -21.832813 0.292383 6.428562
v -30.378117 -1.356628 -4.991894
v -30.378613 -2.224269 -4.991585
v -30.337345 -2.226290 2.932220
v -30.319340 -2.227171 6.389580
v -30.321445 -5.995265 6.391174
v -30.339443 -5.994383 2.933819
v -30.380718 -5.992363 -4.989983
v -30.380802 -6.138688 -4.989948
v -30.339535 -6.140708 2.933857
v -30.321537 -6.141590 6.391212
v -30.317501 -6.141787 7.164436
v -30.317417 -5.995462 7.164398
v -30.315311 -2.227369 7.162800
v -30.314816 -1.359727 7.162491
v -30.313831 0.287683 7.162075
v -30.310093 6.541305 7.160515
v -30.314121 6.541501 6.387295
v -30.317860 0.287880 6.388855
v -30.318844 -1.359530 6.389267
v -30.336849 -1.358649 2.931908
v -31.002422 -1.356354 -4.984573
v -31.002918 -2.224624 -4.984253
v -30.961651 -2.226644 2.939548
v -30.943676 -2.227525 6.391502
v -30.945782 -5.994797 6.393093
v -30.963749 -5.993917 2.941139
v -31.005024 -5.991897 -4.982662
v -31.005108 -6.138453 -4.982628
v -30.963840 -6.140472 2.941177
v -30.945873 -6.141353 6.393127
v -30.941807 -6.141551 7.171757
v -30.941723 -5.994996 7.171719
v -30.939617 -2.227723 7.170128
v -30.939121 -1.359453 7.169811
v -30.938137 0.287919 7.169395
v -30.934399 6.541540 7.167835
v -30.938457 6.541739 6.389214
v -30.942196 0.288117 6.390770
v -30.943180 -1.359255 6.391186
v -30.961155 -1.358374 2.939224
v -26.086330 -1.358512 -5.042217
v -26.086834 -2.221831 -5.041962
v -26.045567 -2.223852 2.881847
v -26.027370 -2.224743 6.376350
v -26.029461 -5.998481 6.378002
v -26.047665 -5.997589 2.883495
v -26.088932 -5.995569 -5.040302
v -26.089016 -6.140306 -5.040268
v -26.047749 -6.142327 2.883533
v -26.029552 -6.143218 6.378036
v -26.025715 -6.143406 7.114113
v -26.025631 -5.998669 7.114079
v -26.023533 -2.224931 7.112423
v -26.023029 -1.361611 7.112167
v -26.022045 0.286064 7.111755
v -26.018307 6.539685 7.110195
v -26.022144 6.539873 6.374119
v -26.025875 0.286252 6.375679
v -26.026859 -1.361423 6.376091
v -26.045063 -1.360532 2.881588
v -26.699596 -1.358243 -5.035027
v -26.700100 -2.222180 -5.034763
v -26.658833 -2.224200 2.889046
v -26.640667 -2.225090 6.378239
v -26.642765 -5.998021 6.379887
v -26.660931 -5.997131 2.890686
v -26.702198 -5.995111 -5.033112
v -26.702282 -6.140076 -5.033077
v -26.661015 -6.142096 2.890728
v -26.642849 -6.142985 6.379921
v -26.638981 -6.143174 7.121304
v -26.638905 -5.998211 7.121265
v -26.636799 -2.225279 7.119621
v -26.636295 -1.361342 7.119358
v -26.635311 0.286296 7.118946
v -26.631573 6.539917 7.117386
v -26.635441 6.540106 6.376003
v -26.639179 0.286485 6.377560
v -26.640163 -1.361153 6.377975
v -26.658329 -1.360263 2.888779
v -42.346668 -1.351906 -2.748230
v -42.345692 0.294765 -2.748642
v -42.341953 4.721872 0.716965
v -43.141209 4.714454 0.653660
v -43.144947 0.287347 -2.811943
v -43.145924 -1.359324 -2.811531
v -43.146404 -2.239028 -2.811066
v -43.148525 -5.991368 -2.809620
v -43.148617 -6.142123 -2.809586
v -42.349361 -6.134706 -2.746284
v -30.994152 -6.138988 -2.879425
v -30.369854 -6.139224 -2.886745
v -26.691334 -6.140612 -2.929871
v -26.078060 -6.140843 -2.937065
v -22.684406 -6.142123 -2.976856
v -21.885151 -6.134706 -2.913555
v -21.885059 -5.991222 -2.913586
v -21.882969 -2.213022 -2.915283
v -21.882465 -1.353119 -2.915504
v -21.881474 0.294765 -2.915913
v -21.877735 4.721872 0.549694
v -22.676998 4.714454 0.486389
v -22.680737 0.287347 -2.979210
v -22.681721 -1.360538 -2.978806
v -26.075375 -1.359048 -2.939011
v -26.688648 -1.358779 -2.931824
v -30.367161 -1.357164 -2.888691
v -30.991474 -1.356890 -2.881371
v -42.343937 0.294680 -2.411869
v -42.340199 4.827467 0.853134
v -43.139454 4.820048 0.789825
v -43.143192 0.287261 -2.475166
v -43.144169 -1.359410 -2.474758
v -43.144650 -2.239114 -2.474293
v -43.146770 -5.991454 -2.472843
v -43.146862 -6.142209 -2.472813
v -42.347614 -6.134791 -2.409508
v -30.992397 -6.139074 -2.542648
v -30.368099 -6.139310 -2.549969
v -26.689579 -6.140697 -2.593094
v -26.076305 -6.140929 -2.600288
v -22.682659 -6.142209 -2.640083
v -21.883396 -6.134791 -2.576778
v -21.883312 -5.991308 -2.576809
v -21.881214 -2.213108 -2.578506
v -21.880711 -1.353205 -2.578732
v -21.879719 0.294680 -2.579136
v -21.875980 4.827467 0.685860
v -22.675243 4.820048 0.622555
v -22.678982 0.287261 -2.642433
v -22.679966 -1.360624 -2.642033
v -26.073620 -1.359134 -2.602234
v -26.686893 -1.358865 -2.595047
v -30.365406 -1.357250 -2.551914
v -30.989719 -1.356976 -2.544594
v -42.344913 -1.351992 -2.411457
v -42.329464 0.293971 0.365784
v -42.325733 5.698390 1.976215
v -43.124989 5.690972 1.912910
v -43.128727 0.286553 0.302483
v -43.129704 -1.360119 0.302895
v -43.130184 -2.239823 0.303360
v -43.132305 -5.992163 0.304806
v -43.132397 -6.142918 0.304840
v -42.333141 -6.135499 0.368145
v -30.977932 -6.139783 0.235004
v -30.353634 -6.140018 0.227684
v -26.675114 -6.141405 0.184559
v -26.061840 -6.141637 0.177364
v -22.668194 -6.142918 0.137569
v -21.868931 -6.135499 0.200871
v -21.868839 -5.992017 0.200840
v -21.866749 -2.213816 0.199142
v -21.866238 -1.353913 0.198925
v -21.865253 0.293971 0.198517
v -21.861515 5.698390 1.808945
v -22.660778 5.690972 1.745640
v -22.664516 0.286553 0.135216
v -22.665501 -1.361332 0.135624
v -26.059155 -1.359842 0.175419
v -26.672428 -1.359573 0.182610
v -30.350941 -1.357958 0.225739
v -30.975254 -1.357684 0.233055
v -42.330448 -1.352700 0.366196
v -42.326984 0.293850 0.841396
v -42.323254 5.847517 2.168518
v -43.122517 5.840099 2.105213
v -43.126255 0.286431 0.778095
v -43.127224 -1.360240 0.778507
v -43.127705 -2.239944 0.778973
v -43.129826 -5.992284 0.780418
v -43.129925 -6.143039 0.780453
v -42.330669 -6.135620 0.843754
v -30.975452 -6.139904 0.710617
v -30.351154 -6.140140 0.703297
v -26.672634 -6.141526 0.660172
v -26.059361 -6.141759 0.652977
v -22.665714 -6.143039 0.613182
v -21.866451 -6.135620 0.676483
v -21.866367 -5.992138 0.676449
v -21.864269 -2.213937 0.674755
v -21.863758 -1.354035 0.674538
v -21.862774 0.293850 0.674129
v -21.859035 5.847517 2.001247
v -22.658298 5.840099 1.937943
v -22.662037 0.286431 0.610828
v -22.663029 -1.361453 0.611237
v -26.056675 -1.359964 0.651031
v -26.669949 -1.359694 0.658222
v -30.348469 -1.358080 0.701351
v -30.972775 -1.357806 0.708664
v -42.327976 -1.352821 0.841805
v -42.313610 0.293195 3.410267
v -42.309879 6.546816 3.408703
v -43.109135 6.539397 3.345402
v -43.112865 0.285776 3.346966
v -43.113850 -1.360895 3.347378
v -43.114330 -2.240598 3.347839
v -43.116451 -5.992939 3.349285
v -43.116543 -6.143694 3.349323
v -42.317280 -6.136275 3.412624
v -30.962032 -6.140561 3.289402
v -30.337719 -6.140797 3.282627
v -26.659184 -6.142185 3.242710
v -26.045910 -6.142417 3.236050
v -22.652241 -6.143698 3.199223
v -21.852985 -6.136279 3.262524
v -21.852901 -5.992797 3.262489
v -21.850811 -2.214597 3.260796
v -21.850292 -1.354694 3.260578
v -21.849316 0.293191 3.260166
v -21.845570 6.546811 3.258602
v -22.644833 6.539393 3.195301
v -22.648571 0.285772 3.196865
v -22.649555 -1.362113 3.197277
v -26.043224 -1.360622 3.234104
v -26.656498 -1.360353 3.240761
v -30.335033 -1.358737 3.280678
v -30.959339 -1.358463 3.287453
v -42.314594 -1.353476 3.410675
v -42.311382 0.293086 3.837933
v -42.307652 6.546706 3.836369
v -43.106907 6.539289 3.773071
v -43.110638 0.285667 3.774628
v -43.111622 -1.361004 3.775043
v -43.112103 -2.240707 3.775505
v -43.114223 -5.993048 3.776951
v -43.114315 -6.143803 3.776989
v -42.315060 -6.136384 3.840290
v -30.959743 -6.140674 3.729599
v -30.335423 -6.140909 3.723515
v -26.656872 -6.142299 3.687656
v -26.043591 -6.142530 3.681675
v -22.649899 -6.143812 3.648594
v -21.850643 -6.136395 3.711891
v -21.850559 -5.992911 3.711861
v -21.848469 -2.214711 3.710167
v -21.847958 -1.354809 3.709946
v -21.846973 0.293076 3.709538
v -21.843227 6.546697 3.707973
v -22.642490 6.539279 3.644672
v -22.646229 0.285657 3.646236
v -22.647221 -1.362227 3.646648
v -26.040897 -1.360736 3.679729
v -26.654186 -1.360466 3.685707
v -30.332737 -1.358850 3.721565
v -30.957050 -1.358576 3.727654
v -42.312366 -1.353585 3.838341
v -30.991474 1.797421 -2.880722
v -42.346668 1.763224 -2.748230
v -42.344913 1.763138 -2.411457
v -30.989719 1.797335 -2.543945
v -30.975254 1.757446 0.233055
v -42.330448 1.762430 0.366196
v -42.327976 1.762309 0.841805
v -30.972775 1.757324 0.708664
v -42.312366 1.761545 3.838341
v -42.314594 1.761654 3.410675
v -30.957050 1.756555 3.727654
v -30.959339 1.756667 3.287453
v -30.974277 3.980088 0.233620
v -42.329472 3.985072 0.366760
v -42.327000 3.984951 0.842369
v -30.971806 4.156504 0.708706
v -42.311390 3.984187 3.838905
v -42.313618 3.984296 3.411240
v -30.956074 3.979197 3.728218
v -30.958363 3.979309 3.288017
v -42.311390 6.057808 3.838905
v -42.313618 6.057917 3.411240
v -30.956074 6.052817 3.728218
v -30.958363 6.052930 3.288017
v -30.997089 -1.356615 -3.959488
v -42.352283 -1.351631 -3.826347
v -42.351307 0.295040 -3.826759
v -42.347569 4.383832 0.281052
v -43.146824 4.376413 0.217751
v -43.150562 0.287622 -3.890060
v -43.151539 -1.359049 -3.889648
v -43.152012 -2.238753 -3.889183
v -43.154140 -5.991094 -3.887737
v -43.154232 -6.141849 -3.887703
v -42.354977 -6.134431 -3.824402
v -30.999767 -6.138714 -3.957542
v -30.375469 -6.138949 -3.964863
v -26.696949 -6.140337 -4.007992
v -26.083675 -6.140569 -4.015182
v -22.690022 -6.141849 -4.054974
v -21.890766 -6.134431 -3.991673
v -21.890675 -5.990948 -3.991703
v -21.888584 -2.212747 -3.993401
v -21.888073 -1.352844 -3.993622
v -21.887089 0.295040 -3.994030
v -21.883350 4.383832 0.113781
v -22.682613 4.376413 0.050476
v -22.686352 0.287622 -4.057327
v -22.687336 -1.360263 -4.056923
v -26.080990 -1.358773 -4.017128
v -26.694263 -1.358504 -4.009941
v -30.372776 -1.356889 -3.966808
v -30.943180 6.056936 6.391186
v -30.957050 6.057616 3.727654
v -30.318844 6.056662 6.389267
v -30.332737 6.057342 3.721565
v -30.961155 6.057817 2.939224
v -30.972782 4.825677 1.160492
v -30.336849 6.057543 2.931908
v -30.348476 4.825401 1.153179
v -30.372532 1.795029 -3.902267
v -30.996845 1.795303 -3.894947
v -30.991482 2.797364 -2.089466
v -30.367168 2.794436 -2.096180
v -30.989719 2.982966 -1.776096
v -30.365406 2.980039 -1.782810
v -30.975246 4.512308 0.719471
v -30.350933 4.512034 0.712154
v -30.959339 6.057728 3.287453
v -30.335033 6.057454 3.280678
v -26.640163 6.055038 6.377975
v -26.654186 6.055725 3.685707
v -26.026859 6.054768 6.376091
v -26.040897 6.055455 3.679729
v -26.658329 6.055928 2.888779
v -26.669952 4.823788 1.110050
v -26.045063 6.055659 2.881588
v -26.056679 4.823519 1.102859
v -26.688652 2.777183 -2.135746
v -26.694019 1.793414 -3.945400
v -26.075378 2.774310 -2.142338
v -26.080746 1.793145 -3.952587
v -26.686897 2.962788 -1.822376
v -26.073624 2.959913 -1.828968
v -26.672421 4.510420 0.669025
v -26.059147 4.510151 0.661835
v -26.656498 6.055839 3.240761
v -26.043224 6.055569 3.234104
v -30.996845 1.739154 -3.929745
v -30.372532 1.738881 -3.937065
v -30.367153 1.836328 -2.887398
v -30.365398 1.836242 -2.550621
v -30.350941 2.261490 0.225739
v -30.348469 2.261369 0.701351
v -30.336849 2.260800 2.931908
v -30.335033 2.260711 3.280678
v -30.332737 2.260598 3.721565
v -30.318844 2.259918 6.389267
v -30.943180 2.260193 6.391186
v -30.957050 2.260873 3.727654
v -30.959339 2.260985 3.287453
v -30.961155 2.261074 2.939224
v -30.972775 2.261642 0.708664
v -30.975254 2.261764 0.233055
v -26.694031 1.742416 -3.981651
v -26.080757 1.742147 -3.988838
v -26.075375 1.839594 -2.939171
v -26.073620 1.839508 -2.602394
v -26.059166 2.264756 0.173965
v -26.056686 2.264635 0.649578
v -26.045074 2.264066 2.880135
v -26.043236 2.263976 3.232651
v -26.040909 2.263863 3.678276
v -26.026871 2.263175 6.374638
v -26.640175 2.263445 6.376522
v -26.654198 2.264132 3.684254
v -26.656509 2.264246 3.239307
v -26.658340 2.264335 2.887325
v -26.669960 2.264904 0.656769
v -26.672440 2.265025 0.181156
v -26.686893 1.839778 -2.595207
v -26.688648 1.839864 -2.931984
v -26.114288 4.823545 1.103535
v -26.102673 6.055684 2.882263
v -26.100834 6.055594 3.234730
v -26.098511 6.055481 3.680290
v -26.084473 6.054793 6.376270
v -26.084484 2.263200 6.374817
v -26.084473 -1.361398 6.376270
v -26.083488 0.286274 6.375854
v -26.079758 6.539895 6.374294
v -26.075916 6.539707 7.110870
v -26.079655 0.286086 7.112431
v -26.080639 -1.361586 7.112843
v -26.081142 -2.224964 7.113098
v -26.083241 -5.998625 7.114754
v -26.083324 -6.143384 7.114788
v -26.087166 -6.143196 6.378212
v -26.101204 -6.142509 3.682236
v -26.103519 -6.142395 3.236675
v -26.105358 -6.142305 2.884209
v -26.116970 -6.141737 0.653652
v -26.119450 -6.141616 0.178040
v -26.133915 -6.140907 -2.599613
v -26.135674 -6.140821 -2.936390
v -26.141285 -6.140547 -4.014507
v -26.146626 -6.140285 -5.039593
v -26.146542 -5.995526 -5.039627
v -26.105274 -5.997546 2.884171
v -26.087074 -5.998437 6.378178
v -26.084984 -2.224776 6.376526
v -26.103176 -2.223885 2.882523
v -26.144444 -2.221864 -5.041283
v -26.143940 -1.358486 -5.041542
v -26.138599 -1.358748 -4.016453
v -26.138367 1.742172 -3.988163
v -26.138355 1.793171 -3.951912
v -26.132988 2.774580 -2.141720
v -26.131233 2.960183 -1.828350
v -26.116760 4.510176 0.662510
v -26.628441 4.823770 1.109562
v -26.616821 6.055910 2.888294
v -26.614990 6.055820 3.240311
v -26.612675 6.055707 3.685303
v -26.598648 6.055019 6.377850
v -26.598660 2.263427 6.376396
v -26.598648 -1.361171 6.377850
v -26.597668 0.286469 6.377430
v -26.593929 6.540090 6.375877
v -26.590065 6.539902 7.116901
v -26.593800 0.286280 7.118458
v -26.594784 -1.361360 7.118870
v -26.595287 -2.225256 7.119133
v -26.597393 -5.998241 7.120781
v -26.597469 -6.143190 7.120815
v -26.601337 -6.143002 6.379795
v -26.615360 -6.142314 3.687252
v -26.617672 -6.142200 3.242260
v -26.619503 -6.142111 2.890244
v -26.631123 -6.141542 0.659687
v -26.633602 -6.141421 0.184074
v -26.648071 -6.140713 -2.593582
v -26.649822 -6.140627 -2.930359
v -26.655437 -6.140352 -4.008476
v -26.660770 -6.140091 -5.033566
v -26.660686 -5.995142 -5.033600
v -26.619423 -5.997162 2.890198
v -26.601250 -5.998052 6.379761
v -26.599155 -2.225067 6.378113
v -26.617321 -2.224177 2.888557
v -26.658592 -2.222156 -5.035252
v -26.658089 -1.358261 -5.035515
v -26.652752 -1.358522 -4.010426
v -26.652523 1.742398 -3.982136
v -26.652508 1.793396 -3.945885
v -26.647141 2.776989 -2.136192
v -26.645386 2.962593 -1.822823
v -26.630909 4.510402 0.668537
v -30.402622 4.825425 1.153812
v -30.390995 6.057566 2.932541
v -30.389179 6.057478 3.281265
v -30.386883 6.057365 3.722092
v -30.372990 6.056685 6.389435
v -30.372990 2.259942 6.389435
v -30.372990 -1.359506 6.389435
v -30.372005 0.287901 6.389023
v -30.368267 6.541522 6.387459
v -30.364239 6.541325 7.161148
v -30.367977 0.287704 7.162712
v -30.368961 -1.359704 7.163124
v -30.369457 -2.227399 7.163433
v -30.371563 -5.995421 7.165031
v -30.371647 -6.141767 7.165073
v -30.375683 -6.141569 6.391380
v -30.389568 -6.140889 3.724041
v -30.391865 -6.140777 3.283215
v -30.393681 -6.140687 2.934490
v -30.405300 -6.140119 0.703930
v -30.407780 -6.139997 0.228317
v -30.422245 -6.139290 -2.549335
v -30.424000 -6.139203 -2.886112
v -30.429615 -6.138928 -3.964230
v -30.434948 -6.138667 -4.989311
v -30.434864 -5.992323 -4.989349
v -30.393589 -5.994343 2.934452
v -30.375591 -5.995224 6.391342
v -30.373486 -2.227202 6.389744
v -30.391491 -2.226320 2.932858
v -30.432758 -2.224300 -4.990948
v -30.432262 -1.356604 -4.991261
v -30.426922 -1.356866 -3.966171
v -30.426678 1.738904 -3.936432
v -30.426678 1.795053 -3.901634
v -30.421314 2.794690 -2.095596
v -30.419552 2.980293 -1.782230
v -30.405079 4.512058 0.712788
v -30.915241 4.825652 1.159821
v -30.903614 6.057792 2.938553
v -30.901798 6.057703 3.286827
v -30.899509 6.057590 3.727093
v -30.885639 6.056911 6.391010
v -30.885639 2.260168 6.391010
v -30.885639 -1.359280 6.391010
v -30.884655 0.288096 6.390594
v -30.880917 6.541717 6.389038
v -30.876858 6.541518 7.167160
v -30.880596 0.287897 7.168724
v -30.881580 -1.359479 7.169136
v -30.882076 -2.227690 7.169453
v -30.884182 -5.995039 7.171043
v -30.884266 -6.141573 7.171082
v -30.888325 -6.141375 6.392952
v -30.902203 -6.140696 3.729038
v -30.904491 -6.140583 3.288776
v -30.906300 -6.140493 2.940502
v -30.917912 -6.139926 0.709942
v -30.920391 -6.139804 0.234329
v -30.934856 -6.139095 -2.543324
v -30.936611 -6.139009 -2.880100
v -30.942226 -6.138736 -3.958218
v -30.947567 -6.138474 -4.983303
v -30.947483 -5.991940 -4.983337
v -30.906208 -5.993959 2.940464
v -30.888241 -5.994840 6.392918
v -30.886135 -2.227492 6.391323
v -30.904110 -2.226611 2.938873
v -30.945377 -2.224591 -4.984928
v -30.944881 -1.356379 -4.985249
v -30.939548 -1.356641 -3.960163
v -30.939304 1.739129 -3.930420
v -30.939304 1.795277 -3.895622
v -30.933941 2.797094 -2.090088
v -30.932178 2.982696 -1.776714
v -30.917706 4.512283 0.718796
v -26.080986 -1.322199 -4.016796
v -26.075375 -1.321321 -2.939011
v -26.073620 -1.321407 -2.602234
v -26.059155 -1.317092 0.175404
v -26.056675 -1.317213 0.651016
v -26.045059 -1.317782 2.881569
v -26.043224 -1.317872 3.234085
v -26.040894 -1.317985 3.679714
v -26.026859 -1.318673 6.376076
v -26.084473 -1.318647 6.376251
v -26.598648 -1.318421 6.377831
v -26.640160 -1.318402 6.377960
v -26.654186 -1.317716 3.685692
v -26.656498 -1.317603 3.240746
v -26.658325 -1.317513 2.888763
v -26.669945 -1.316944 0.658207
v -26.672428 -1.316823 0.182590
v -26.686893 -1.321138 -2.595051
v -26.688648 -1.321052 -2.931824
v -26.694260 -1.321930 -4.009605
v -26.652748 -1.321948 -4.010090
v -26.138596 -1.322174 -4.016121
v -30.372768 -1.297113 -3.966232
v -30.367161 -1.295501 -2.888668
v -30.365406 -1.295587 -2.551888
v -30.350941 -1.288070 0.225739
v -30.348469 -1.288192 0.701351
v -30.336849 -1.288760 2.931908
v -30.335033 -1.288849 3.280682
v -30.332729 -1.288962 3.721565
v -30.318844 -1.289642 6.389267
v -30.372990 -1.289618 6.389435
v -30.885639 -1.289392 6.391010
v -30.943172 -1.289367 6.391186
v -30.957050 -1.288687 3.727654
v -30.959339 -1.288575 3.287453
v -30.961155 -1.288486 2.939224
v -30.972775 -1.287918 0.708664
v -30.975254 -1.287796 0.233055
v -30.989719 -1.295313 -2.544567
v -30.991474 -1.295227 -2.881348
v -30.997082 -1.296839 -3.958916
v -30.939548 -1.296864 -3.959587
v -30.426914 -1.297089 -3.965599
v -26.026955 6.054772 6.358383
v -26.084568 6.054798 6.358562
v -26.598740 6.055024 6.360165
v -26.640259 6.055043 6.360291
v -26.640270 2.263450 6.358837
v -26.640255 -1.318398 6.360279
v -26.640259 -1.361148 6.360291
v -30.318943 -1.359526 6.371746
v -30.318935 -1.289638 6.371746
v -30.318935 2.259923 6.371746
v -30.318943 6.056665 6.371746
v -30.373081 6.056690 6.371918
v -30.885731 6.056915 6.373512
v -30.943272 6.056941 6.373692
v -30.943272 2.260198 6.373692
v -30.943264 -1.289362 6.373692
v -30.943272 -1.359250 6.373692
v -42.298977 -1.354241 6.409046
v -42.298000 0.292444 6.408646
v -42.294254 6.546051 6.407070
v -43.093517 6.538633 6.343769
v -43.097248 0.285025 6.345345
v -43.098232 -1.361660 6.345745
v -43.098713 -2.241363 6.346210
v -43.100842 -5.993703 6.347656
v -43.100933 -6.144458 6.347694
v -42.301670 -6.137039 6.410995
v -30.945965 -6.141349 6.375633
v -30.888416 -6.141371 6.375454
v -30.375774 -6.141565 6.373863
v -30.321629 -6.141585 6.373692
v -26.642941 -6.142982 6.362240
v -26.601433 -6.142997 6.362110
v -26.087261 -6.143191 6.360504
v -26.029644 -6.143213 6.360329
v -22.635838 -6.144502 6.349762
v -21.836575 -6.137083 6.413067
v -21.836494 -5.993601 6.413029
v -21.834408 -2.215400 6.411331
v -21.833893 -1.355497 6.411118
v -21.832909 0.292387 6.410702
v -21.829166 6.546008 6.409142
v -22.628426 6.538590 6.345840
v -22.632164 0.284969 6.347401
v -22.633144 -1.362916 6.347816
v -26.026955 -1.361419 6.358383
v -26.026951 -1.318668 6.358368
v -26.026962 2.263179 6.356926
v -26.022175 6.489340 6.374130
v -26.079788 6.489363 6.374306
v -26.593960 6.489557 6.375889
v -26.635471 6.489573 6.376015
v -30.314152 6.490969 6.387306
v -30.368298 6.490990 6.387474
v -30.880947 6.491184 6.389050
v -30.938488 6.491205 6.389225
v -42.294201 6.495514 6.424080
v -42.294285 6.495519 6.407082
v -42.307674 6.496174 3.836380
v -42.309910 6.496283 3.408714
v -42.311665 6.496369 3.070404
v -42.323284 5.802640 2.157791
v -42.325764 5.654719 1.963203
v -42.340229 4.790839 0.826752
v -42.341984 4.686099 0.688961
v -42.347599 4.350792 0.247860
v -42.352940 4.031979 -0.171547
v -43.152195 4.024561 -0.234848
v -43.146854 4.343373 0.184559
v -43.141239 4.678680 0.625656
v -43.139484 4.783421 0.763443
v -43.125019 5.647302 1.899899
v -43.122547 5.795222 2.094486
v -43.110928 6.488952 3.007103
v -43.109165 6.488865 3.345413
v -43.106937 6.488755 3.773087
v -43.093548 6.488101 6.343781
v -43.093464 6.488096 6.360779
v -43.088894 6.487873 7.237690
v -42.289631 6.495291 7.300987
v -30.934429 6.491008 7.167850
v -30.876888 6.490985 7.167171
v -30.364269 6.490791 7.161163
v -30.310116 6.490772 7.160526
v -26.631603 6.489384 7.117397
v -26.590096 6.489369 7.116913
v -26.075947 6.489175 7.110882
v -26.018337 6.489153 7.110210
v -22.624683 6.487872 7.070415
v -21.825420 6.495291 7.133720
v -21.829105 6.495471 6.427017
v -21.829197 6.495476 6.409157
v -21.843258 6.496164 3.707985
v -21.845600 6.496279 3.258614
v -21.847454 6.496369 2.903133
v -21.859066 5.802640 1.990524
v -21.861546 5.654719 1.795933
v -21.876011 4.790839 0.659477
v -21.877766 4.686099 0.521687
v -21.883381 4.350792 0.080589
v -21.888721 4.031979 -0.338818
v -22.687984 4.024561 -0.402119
v -22.682644 4.343373 0.017281
v -22.677029 4.678680 0.458385
v -22.675278 4.783421 0.596172
v -22.660809 5.647302 1.732624
v -22.658329 5.795222 1.927219
v -22.646717 6.488952 2.839832
v -22.644863 6.488860 3.195313
v -22.642521 6.488746 3.644688
v -22.628456 6.488058 6.345852
v -22.628361 6.488053 6.363712
v -26.021950 6.539864 6.411743
v -26.079563 6.539886 6.411942
v -26.593731 6.540080 6.413750
v -26.635242 6.540095 6.413895
v -30.313915 6.541492 6.426815
v -30.368061 6.541512 6.427002
v -30.880711 6.541706 6.428810
v -30.938251 6.541728 6.429008
v -42.293934 6.546036 6.468887
v -43.093204 6.538617 6.405586
v -43.093235 6.488085 6.405598
v -43.096935 0.285010 6.407162
v -43.097912 -1.361675 6.407558
v -43.098385 -2.241379 6.408024
v -43.100521 -5.993719 6.409470
v -43.100605 -6.144474 6.409508
v -42.301350 -6.137055 6.472809
v -30.945667 -6.141363 6.432926
v -30.888119 -6.141385 6.432720
v -30.375477 -6.141580 6.430923
v -30.321331 -6.141601 6.430729
v -26.642651 -6.142995 6.417812
v -26.601143 -6.143011 6.417667
v -26.086971 -6.143206 6.415859
v -26.029354 -6.143228 6.415657
v -22.635559 -6.144515 6.403740
v -21.836292 -6.137096 6.467041
v -21.836212 -5.993615 6.467007
v -21.834129 -2.215414 6.465313
v -21.833611 -1.355511 6.465096
v -21.832626 0.292373 6.464684
v -21.828915 6.495461 6.463139
v -21.828888 6.545994 6.463123
v -22.628143 6.538576 6.399818
v -26.018467 6.539694 7.079353
v -26.076077 6.539715 7.080009
v -26.590229 6.539909 7.085854
v -26.631733 6.539925 7.086319
v -30.310261 6.541312 7.128117
v -30.364414 6.541332 7.128731
v -30.877033 6.541526 7.134556
v -30.934574 6.541548 7.135208
v -42.289799 6.545833 7.264233
v -43.089062 6.538415 7.200932
v -43.089085 6.487882 7.200947
v -43.092785 0.284807 7.202507
v -43.093777 -1.361878 7.202904
v -43.094250 -2.241582 7.203369
v -43.096378 -5.993921 7.204815
v -43.096462 -6.144677 7.204853
v -42.297207 -6.137259 7.268154
v -30.941982 -6.141543 7.139133
v -30.884441 -6.141564 7.138474
v -30.371822 -6.141758 7.132656
v -30.317669 -6.141779 7.132038
v -26.639141 -6.143167 7.090240
v -26.597633 -6.143182 7.089764
v -26.083485 -6.143375 7.083923
v -26.025875 -6.143397 7.083271
v -22.632214 -6.144678 7.044708
v -21.832958 -6.137260 7.108017
v -21.832878 -5.993778 7.107979
v -21.830784 -2.215577 7.106281
v -21.830273 -1.355675 7.106071
v -21.829285 0.292210 7.105656
v -21.825577 6.495298 7.104107
v -21.825546 6.545831 7.104095
v -22.624809 6.538413 7.040791
v -22.624718 6.431919 7.070427
v -26.018368 6.433199 7.110226
v -26.075981 6.433222 7.110897
v -26.590126 6.433415 7.116924
v -26.631638 6.433431 7.117413
v -30.310146 6.434819 7.160542
v -30.364300 6.434838 7.161179
v -30.876919 6.435032 7.167183
v -30.934460 6.435054 7.167866
v -42.289661 6.439338 7.301003
v -43.088924 6.431920 7.237705
v -43.089115 6.431929 7.200962
v -43.093266 6.432132 6.405609
v -43.093502 6.432143 6.360790
v -43.093586 6.432148 6.343792
v -43.106976 6.432802 3.773102
v -43.109196 6.432912 3.345425
v -43.110958 6.432999 3.007114
v -43.122578 5.745531 2.082611
v -43.125050 5.598947 1.885487
v -43.139515 4.742864 0.734230
v -43.141270 4.639070 0.594646
v -43.146893 4.306790 0.147804
v -43.152225 3.990855 -0.277065
v -42.352970 3.998273 -0.213764
v -42.347637 4.314208 0.211105
v -42.342014 4.646488 0.657955
v -42.340260 4.750283 0.797539
v -42.325794 5.606364 1.948795
v -42.323315 5.752950 2.145920
v -42.311695 6.440416 3.070419
v -42.309940 6.440330 3.408730
v -42.307713 6.440221 3.836391
v -42.294323 6.439566 6.407097
v -42.294239 6.439561 6.424095
v -30.938526 6.435252 6.389240
v -30.880985 6.435231 6.389061
v -30.368336 6.435037 6.387489
v -30.314190 6.435016 6.387318
v -26.635506 6.433619 6.376026
v -26.593994 6.433604 6.375900
v -26.079823 6.433409 6.374317
v -26.022209 6.433387 6.374146
v -22.628395 6.432100 6.363724
v -22.628490 6.432105 6.345867
v -22.642555 6.432793 3.644703
v -22.644897 6.432907 3.195324
v -22.646751 6.432999 2.839848
v -22.658360 5.745531 1.915344
v -22.660839 5.598947 1.718216
v -22.675308 4.742864 0.566959
v -22.677063 4.639070 0.427380
v -22.682678 4.306790 -0.019474
v -22.688019 3.990855 -0.444336
v -21.888756 3.998273 -0.381035
v -21.883415 4.314208 0.043835
v -21.877800 4.646488 0.490677
v -21.876045 4.750283 0.630264
v -21.861576 5.606364 1.781525
v -21.859097 5.752950 1.978649
v -21.847488 6.440416 2.903149
v -21.845634 6.440326 3.258629
v -21.843292 6.440211 3.708000
v -21.829231 6.439523 6.409172
v -21.829140 6.439518 6.427032
v -21.828949 6.439508 6.463150
v -21.825607 6.439345 7.104122
v -21.825455 6.439338 7.133736
v -21.832775 -6.084893 7.137615
v -22.632030 -6.092312 7.074306
v -26.025684 -6.090573 7.114101
v -26.083294 -6.090543 7.114777
v -26.597443 -6.090281 7.120800
v -26.638950 -6.090259 7.121288
v -30.317471 -6.088375 7.164421
v -30.371616 -6.088346 7.165058
v -30.884235 -6.088084 7.171066
v -30.941776 -6.088055 7.171741
v -42.296978 -6.082238 7.304882
v -43.096241 -6.089657 7.241581
v -43.096432 -6.089647 7.204838
v -43.100574 -6.089444 6.409496
v -43.100811 -6.089433 6.364674
v -43.100903 -6.089429 6.347679
v -43.114285 -6.088773 3.776974
v -43.116512 -6.088664 3.349308
v -43.118275 -6.088578 3.010998
v -43.129887 -6.088009 0.780437
v -43.132366 -6.087888 0.304829
v -43.146832 -6.087179 -2.472824
v -43.148586 -6.087093 -2.809597
v -43.154202 -6.086819 -3.887714
v -43.159542 -6.086557 -4.912800
v -42.360279 -6.079140 -4.849499
v -31.005077 -6.084956 -4.982639
v -30.947536 -6.084986 -4.983318
v -30.434917 -6.085248 -4.989326
v -30.380772 -6.085276 -4.989964
v -26.702251 -6.087160 -5.033092
v -26.660740 -6.087181 -5.033581
v -26.146595 -6.087444 -5.039604
v -26.088985 -6.087474 -5.040279
v -22.695332 -6.089212 -5.080070
v -21.896072 -6.081794 -5.016769
v -21.890732 -6.082056 -3.991684
v -21.885117 -6.082331 -2.913567
v -21.883366 -6.082417 -2.576790
v -21.868900 -6.083124 0.200859
v -21.866421 -6.083245 0.676472
v -21.854809 -6.083814 2.907032
v -21.852955 -6.083905 3.262512
v -21.850613 -6.084020 3.711880
v -21.836544 -6.084709 6.413052
v -21.836452 -6.084713 6.430908
v -21.836262 -6.084723 6.467030
v -21.832928 -6.084886 7.108006
v -21.891865 0.295274 -4.910393
v -21.888191 4.031782 -0.335972
v -21.888157 4.065793 -0.294334
v -21.888126 4.096509 -0.256733
v -22.687389 4.089091 -0.320030
v -22.687416 4.058375 -0.357635
v -22.687450 4.024364 -0.399277
v -22.691128 0.287856 -4.973694
v -22.692112 -1.360029 -4.973286
v -26.085762 -1.358539 -4.933491
v -26.143375 -1.358514 -4.932819
v -26.657520 -1.358288 -4.926792
v -26.699028 -1.358270 -4.926304
v -30.377552 -1.356656 -4.883167
v -30.431698 -1.356632 -4.882538
v -30.944317 -1.356407 -4.876526
v -31.001858 -1.356382 -4.875851
v -42.357059 -1.351398 -4.742710
v -42.356068 0.295274 -4.743118
v -42.352406 4.031782 -0.168701
v -42.352375 4.065793 -0.127064
v -42.352329 4.096509 -0.089458
v -43.151600 4.089091 -0.152760
v -43.151630 4.058375 -0.190365
v -43.151661 4.024364 -0.232002
v -43.155338 0.287856 -4.806419
v -43.156315 -1.358816 -4.806011
v -43.156788 -2.238520 -4.805546
v -43.158916 -5.990860 -4.804100
v -43.158970 -6.086585 -4.804077
v -43.159008 -6.141615 -4.804066
v -42.359745 -6.134197 -4.740765
v -31.004543 -6.138480 -4.873905
v -30.947002 -6.138502 -4.874577
v -30.434383 -6.138695 -4.880589
v -30.380238 -6.138716 -4.881226
v -26.701714 -6.140103 -4.924355
v -26.660206 -6.140119 -4.924843
v -26.146061 -6.140313 -4.930866
v -26.088451 -6.140334 -4.931545
v -22.694798 -6.141615 -4.971333
v -21.895538 -6.134197 -4.908031
v -21.895504 -6.081821 -4.908047
v -21.895451 -5.990714 -4.908066
v -21.893360 -2.212513 -4.909763
v -21.892845 -1.352611 -4.909981
v -22.693264 -2.348002 -5.081760
v -22.651997 -2.350023 2.842049
v -22.633648 -2.350922 6.365917
v -26.027447 -2.352679 6.376381
v -26.085060 -2.352709 6.376556
v -26.599232 -2.352975 6.378143
v -26.640743 -2.352996 6.378269
v -30.319416 -2.354901 6.389610
v -30.373562 -2.354929 6.389771
v -30.886211 -2.355194 6.391350
v -30.943760 -2.355224 6.391529
v -42.299442 -2.361104 6.426529
v -42.316906 -2.360248 3.072853
v -42.358181 -2.358228 -4.850945
v -43.157429 -2.365647 -4.914246
v -43.156864 -2.365674 -4.805523
v -43.152088 -2.365908 -3.889160
v -43.146488 -2.366183 -2.811043
v -43.144726 -2.366268 -2.474266
v -43.130260 -2.366977 0.303383
v -43.127781 -2.367099 0.778996
v -43.116177 -2.367667 3.009556
v -43.114407 -2.367753 3.347862
v -43.112179 -2.367862 3.775528
v -43.098789 -2.368517 6.346233
v -43.098698 -2.368522 6.363228
v -43.098461 -2.368533 6.408047
v -43.094326 -2.368736 7.203392
v -43.094135 -2.368745 7.240135
v -42.294880 -2.361327 7.303436
v -30.939693 -2.355423 7.170158
v -30.882153 -2.355393 7.169479
v -30.369534 -2.355127 7.163464
v -30.315388 -2.355098 7.162830
v -26.636875 -2.353185 7.119652
v -26.595364 -2.353164 7.119164
v -26.081219 -2.352897 7.113129
v -26.023613 -2.352867 7.112453
v -22.629963 -2.351102 7.072620
v -21.830708 -2.343683 7.135925
v -21.830860 -2.343676 7.106316
v -21.834206 -2.343512 6.465347
v -21.834393 -2.343503 6.429222
v -21.834484 -2.343499 6.411362
v -21.848549 -2.342810 3.710197
v -21.850887 -2.342695 3.260830
v -21.852734 -2.342605 2.905346
v -21.864346 -2.342036 0.674786
v -21.866829 -2.341915 0.199173
v -21.881290 -2.341207 -2.578476
v -21.883045 -2.341121 -2.915253
v -21.888664 -2.340846 -3.993366
v -21.893436 -2.340612 -4.909729
v -21.894001 -2.340584 -5.018452
v -22.692608 -1.243836 -5.082039
v -22.692043 -1.243864 -4.973316
v -22.687267 -1.244097 -4.056953
v -22.681652 -1.244372 -2.978836
v -22.679897 -1.244458 -2.642059
v -22.665428 -1.245167 0.135593
v -22.662960 -1.245288 0.611206
v -22.651340 -1.245857 2.841766
v -22.649487 -1.245947 3.197247
v -22.647148 -1.246062 3.646618
v -22.633076 -1.246751 6.347786
v -22.632984 -1.246755 6.365643
v -26.026791 -1.245273 6.376064
v -26.084404 -1.245248 6.376240
v -26.598579 -1.245023 6.377819
v -26.640095 -1.245005 6.377949
v -30.318775 -1.243398 6.389236
v -30.372921 -1.243375 6.389404
v -30.885571 -1.243151 6.390980
v -30.943111 -1.243126 6.391159
v -42.298824 -1.238165 6.426014
v -42.298908 -1.238160 6.409019
v -42.312290 -1.237506 3.838314
v -42.314526 -1.237396 3.410648
v -42.316288 -1.237310 3.072338
v -42.327908 -1.236742 0.841774
v -42.330379 -1.236620 0.366165
v -42.344845 -1.235912 -2.411484
v -42.346592 -1.235826 -2.748260
v -42.352215 -1.235551 -3.826378
v -42.356983 -1.235318 -4.742741
v -42.357555 -1.235290 -4.851463
v -43.156811 -1.242708 -4.914764
v -43.156246 -1.242736 -4.806038
v -43.151470 -1.242970 -3.889679
v -43.145855 -1.243245 -2.811562
v -43.144100 -1.243330 -2.474785
v -43.129635 -1.244039 0.302864
v -43.127155 -1.244160 0.778477
v -43.115543 -1.244729 3.009037
v -43.113781 -1.244815 3.347351
v -43.111553 -1.244924 3.775017
v -43.098164 -1.245579 6.345715
v -43.098080 -1.245583 6.362709
v -43.097843 -1.245595 6.407532
v -43.093700 -1.245797 7.202877
v -43.093517 -1.245807 7.239620
v -42.294254 -1.238388 7.302921
v -30.939053 -1.243324 7.169781
v -30.881512 -1.243349 7.169109
v -30.368893 -1.243572 7.163097
v -30.314747 -1.243596 7.162460
v -26.636227 -1.245194 7.119328
v -26.594711 -1.245212 7.118839
v -26.080570 -1.245436 7.112816
v -26.022961 -1.245461 7.112137
v -22.629307 -1.246935 7.072350
v -21.830051 -1.239517 7.135654
v -21.830204 -1.239509 7.106041
v -21.833538 -1.239346 6.465069
v -21.833729 -1.239337 6.428944
v -21.833824 -1.239332 6.411087
v -21.847889 -1.238643 3.709919
v -21.850224 -1.238529 3.260551
v -21.852077 -1.238438 2.905071
v -21.863689 -1.237869 0.674507
v -21.866165 -1.237748 0.198895
v -21.880642 -1.237040 -2.578758
v -21.882397 -1.236954 -2.915535
v -21.888004 -1.236679 -3.993652
v -21.892776 -1.236446 -4.910011
v -21.893345 -1.236418 -5.018734
v -26.030888 -1.358795 -4.017715
v -26.025272 -1.359070 -2.939598
v -26.023518 -1.359156 -2.602821
v -26.009052 -1.359864 0.174831
v -26.006573 -1.359986 0.650444
v -25.994961 -1.360554 2.881001
v -25.993122 -1.360644 3.233562
v -25.990795 -1.360758 3.679241
v -25.976852 -1.361441 6.358227
v -25.976753 -1.361446 6.375938
v -25.976685 -1.245295 6.375912
v -25.975769 0.286233 6.375523
v -25.972103 6.433368 6.373989
v -25.972069 6.489321 6.373974
v -25.972038 6.539854 6.373962
v -25.971844 6.539845 6.411568
v -25.968361 6.539675 7.078785
v -25.968204 6.539666 7.109608
v -25.968235 6.489134 7.109623
v -25.968266 6.433180 7.109638
v -25.971943 0.286045 7.111168
v -25.972858 -1.245482 7.111549
v -25.972927 -1.361633 7.111580
v -25.973431 -2.224903 7.111835
v -25.973511 -2.352841 7.111866
v -25.975529 -5.998706 7.113491
v -25.975582 -6.090598 7.113514
v -25.975609 -6.143425 7.113525
v -25.975773 -6.143416 7.082703
v -25.979248 -6.143247 6.415482
v -25.979450 -6.143237 6.377880
v -25.979538 -6.143232 6.360172
v -25.993484 -6.142550 3.681187
v -25.995804 -6.142435 3.235508
v -25.997646 -6.142346 2.882946
v -26.009258 -6.141778 0.652390
v -26.011738 -6.141656 0.176777
v -26.026203 -6.140947 -2.600876
v -26.027958 -6.140862 -2.937653
v -26.033573 -6.140588 -4.015770
v -26.038349 -6.140353 -4.932133
v -26.038910 -6.140326 -5.040855
v -26.038883 -6.087499 -5.040867
v -26.038830 -5.995606 -5.040890
v -25.997559 -5.997626 2.882908
v -25.979355 -5.998518 6.377850
v -25.977341 -2.352653 6.376228
v -25.977264 -2.224715 6.376198
v -25.995464 -2.223824 2.881260
v -26.036732 -2.221803 -5.042549
v -26.036228 -1.358534 -5.042805
v -26.035660 -1.358561 -4.934078
v -26.748566 -1.358480 -4.009304
v -26.742950 -1.358755 -2.931187
v -26.741196 -1.358841 -2.594410
v -26.726730 -1.359549 0.183247
v -26.724251 -1.359671 0.658859
v -26.712631 -1.360239 2.889416
v -26.710800 -1.360329 3.241348
v -26.708488 -1.360443 3.686234
v -26.694565 -1.361125 6.360458
v -26.694466 -1.361129 6.378143
v -26.694397 -1.244981 6.378117
v -26.693485 0.286505 6.377728
v -26.689808 6.433640 6.376190
v -26.689777 6.489594 6.376179
v -26.689743 6.540127 6.376171
v -26.689548 6.540116 6.414085
v -26.686035 6.539946 7.086937
v -26.685875 6.539937 7.118023
v -26.685905 6.489405 7.118034
v -26.685940 6.433452 7.118046
v -26.689613 0.286316 7.119583
v -26.690529 -1.245170 7.119965
v -26.690598 -1.361318 7.119995
v -26.691101 -2.225310 7.120258
v -26.691177 -2.353214 7.120289
v -26.693207 -5.998170 7.121902
v -26.693253 -6.090231 7.121925
v -26.693283 -6.143154 7.121941
v -26.693443 -6.143147 7.090858
v -26.696953 -6.142975 6.418003
v -26.697155 -6.142965 6.380089
v -26.697243 -6.142961 6.362408
v -26.711174 -6.142278 3.688187
v -26.713482 -6.142164 3.243301
v -26.715317 -6.142075 2.891365
v -26.726933 -6.141506 0.660809
v -26.729416 -6.141385 0.185196
v -26.743881 -6.140676 -2.592461
v -26.745636 -6.140592 -2.929234
v -26.751251 -6.140316 -4.007355
v -26.756016 -6.140082 -4.923717
v -26.756584 -6.140055 -5.032444
v -26.756554 -6.087132 -5.032455
v -26.756500 -5.995070 -5.032475
v -26.715233 -5.997090 2.891323
v -26.697071 -5.997980 6.380054
v -26.695049 -2.353024 6.378437
v -26.694969 -2.225121 6.378407
v -26.713135 -2.224231 2.889683
v -26.754402 -2.222211 -5.034126
v -26.753899 -1.358219 -5.034389
v -26.753330 -1.358246 -4.925667
v -30.318829 -1.356913 -3.967442
v -30.313213 -1.357188 -2.889324
v -30.311459 -1.357274 -2.552547
v -30.296993 -1.357982 0.225105
v -30.294521 -1.358103 0.700718
v -30.282902 -1.358672 2.931274
v -30.281086 -1.358761 3.280094
v -30.278790 -1.358874 3.721039
v -30.264996 -1.359550 6.371578
v -30.264896 -1.359554 6.389103
v -30.264828 -1.243422 6.389072
v -30.263912 0.287860 6.388687
v -30.260242 6.434995 6.387150
v -30.260204 6.490948 6.387138
v -30.260174 6.541481 6.387127
v -30.259960 6.541471 6.426624
v -30.256313 6.541292 7.127502
v -30.256145 6.541285 7.159882
v -30.256168 6.490751 7.159893
v -30.256199 6.434798 7.159908
v -30.259884 0.287663 7.161442
v -30.260799 -1.243619 7.161827
v -30.260868 -1.359751 7.161858
v -30.261364 -2.227338 7.162167
v -30.261440 -2.355070 7.162197
v -30.263470 -5.995502 7.163765
v -30.263523 -6.088403 7.163788
v -30.263546 -6.141807 7.163803
v -30.263721 -6.141799 7.131424
v -30.267384 -6.141621 6.430538
v -30.267590 -6.141610 6.391045
v -30.267673 -6.141606 6.373524
v -30.281475 -6.140930 3.722988
v -30.283772 -6.140817 3.282040
v -30.285580 -6.140728 2.933224
v -30.297207 -6.140160 0.702663
v -30.299686 -6.140038 0.227051
v -30.314152 -6.139330 -2.550602
v -30.315907 -6.139244 -2.887375
v -30.321522 -6.138969 -3.965492
v -30.326290 -6.138736 -4.881859
v -30.326855 -6.138708 -4.990582
v -30.326824 -6.085303 -4.990593
v -30.326771 -5.992404 -4.990612
v -30.285496 -5.994424 2.933186
v -30.267498 -5.995305 6.391006
v -30.265469 -2.354873 6.389442
v -30.265392 -2.227141 6.389412
v -30.283398 -2.226259 2.931587
v -30.324665 -2.224239 -4.992218
v -30.324169 -1.356652 -4.992527
v -30.323605 -1.356679 -4.883797
v -31.049107 -1.356593 -3.958881
v -31.043499 -1.356868 -2.880764
v -31.043499 1.758263 -2.880764
v -31.041744 1.758177 -2.543983
v -31.041744 -1.356953 -2.543983
v -31.027279 -1.357661 0.233665
v -31.027279 1.757469 0.233665
v -31.026302 3.980111 0.234226
v -31.023830 4.155718 0.709316
v -31.024799 1.757347 0.709274
v -31.024799 -1.357783 0.709274
v -31.013180 -1.358352 2.939835
v -31.011364 -1.358441 3.288017
v -31.011364 1.756690 3.288017
v -31.010387 3.979332 3.288582
v -31.010387 6.052953 3.288582
v -31.008099 6.052840 3.728722
v -31.008099 3.979219 3.728722
v -31.009075 1.756577 3.728161
v -31.009075 -1.358553 3.728161
v -30.995296 -1.359228 6.373852
v -30.995205 -1.359232 6.391346
v -30.995136 -1.243103 6.391315
v -30.994221 0.288137 6.390930
v -30.990551 6.435272 6.389400
v -30.990520 6.491225 6.389385
v -30.990482 6.541758 6.389374
v -30.990276 6.541748 6.429192
v -30.986599 6.541568 7.135799
v -30.986423 6.541559 7.168446
v -30.986454 6.491027 7.168457
v -30.986485 6.435074 7.168472
v -30.990162 0.287939 7.170006
v -30.991070 -1.243302 7.170391
v -30.991138 -1.359431 7.170422
v -30.991642 -2.227753 7.170738
v -30.991718 -2.355450 7.170769
v -30.993748 -5.994957 7.172329
v -30.993801 -6.088028 7.172352
v -30.993832 -6.141532 7.172367
v -30.994007 -6.141523 7.139725
v -30.997692 -6.141343 6.433109
v -30.997898 -6.141334 6.393288
v -30.997990 -6.141329 6.375797
v -31.011768 -6.140654 3.730106
v -31.014057 -6.140542 3.289967
v -31.015858 -6.140452 2.941788
v -31.027470 -6.139884 0.711227
v -31.029957 -6.139763 0.235615
v -31.044415 -6.139054 -2.542038
v -31.046169 -6.138968 -2.878815
v -31.051792 -6.138694 -3.956932
v -31.056568 -6.138460 -4.873299
v -31.057133 -6.138433 -4.982018
v -31.057102 -6.084929 -4.982029
v -31.057049 -5.991858 -4.982052
v -31.015766 -5.993877 2.941750
v -30.997807 -5.994758 6.393253
v -30.995785 -2.355251 6.391689
v -30.995701 -2.227554 6.391663
v -31.013676 -2.226674 2.940159
v -31.054943 -2.224653 -4.983643
v -31.054440 -1.356331 -4.983963
v -31.053883 -1.356359 -4.875240
v -42.283260 -1.351661 -3.827156
v -42.277645 -1.351936 -2.749039
v -42.277645 1.763194 -2.749039
v -42.275898 1.763108 -2.412266
v -42.275898 -1.352022 -2.412266
v -42.261425 -1.352730 0.365387
v -42.261425 1.762400 0.365387
v -42.260448 3.985042 0.365952
v -42.257977 3.985994 0.841557
v -42.258953 1.762279 0.840996
v -42.258953 -1.352852 0.840996
v -42.247334 -1.353420 3.071556
v -42.245571 -1.353507 3.409927
v -42.245571 1.761624 3.409927
v -42.244595 3.984266 3.410492
v -42.244595 6.057886 3.410492
v -42.242367 6.057777 3.838230
v -42.242367 3.984156 3.838230
v -42.243343 1.761514 3.837669
v -42.243343 -1.353616 3.837669
v -42.229946 -1.354272 6.408833
v -42.229862 -1.354276 6.425831
v -42.229794 -1.238195 6.425804
v -42.228878 0.292413 6.425430
v -42.225216 6.439535 6.423885
v -42.225178 6.495488 6.423870
v -42.225140 6.546021 6.423859
v -42.224903 6.546009 6.468643
v -42.220776 6.545807 7.263447
v -42.220577 6.545797 7.300167
v -42.220608 6.495265 7.300179
v -42.220638 6.439311 7.300194
v -42.224316 0.292190 7.301743
v -42.225231 -1.238418 7.302113
v -42.225300 -1.354499 7.302139
v -42.225773 -2.234134 7.302601
v -42.225857 -2.361291 7.302624
v -42.227894 -5.986565 7.304050
v -42.227955 -6.082273 7.304073
v -42.227985 -6.137294 7.304089
v -42.228184 -6.137284 7.267368
v -42.232319 -6.137082 6.472565
v -42.232548 -6.137071 6.427780
v -42.232639 -6.137066 6.410782
v -42.246037 -6.136411 3.839615
v -42.248257 -6.136301 3.411877
v -42.250019 -6.136214 3.073502
v -42.261646 -6.135646 0.842945
v -42.264118 -6.135526 0.367332
v -42.278591 -6.134817 -2.410316
v -42.280338 -6.134731 -2.747093
v -42.285954 -6.134457 -3.825211
v -42.290722 -6.134223 -4.741573
v -42.291286 -6.134195 -4.850296
v -42.291256 -6.079175 -4.850307
v -42.291203 -5.983465 -4.850334
v -42.249928 -5.985485 3.073463
v -42.232456 -5.986341 6.427742
v -42.230419 -2.361068 6.426315
v -42.230343 -2.233910 6.426292
v -42.247807 -2.233054 3.072018
v -42.289074 -2.231035 -4.851776
v -42.288601 -1.351400 -4.852245
v -42.288036 -1.351428 -4.743523
v -42.277645 1.709798 -2.749039
v -31.043499 1.704867 -2.880764
v -30.991474 1.721666 -2.881050
v -30.989719 1.721580 -2.544273
v -31.041744 1.704781 -2.543983
v -42.275898 1.709712 -2.412266
v -42.344913 1.709742 -2.411457
v -42.346668 1.709828 -2.748230
v -42.260494 3.880091 0.365925
v -31.026348 3.875160 0.234200
v -30.974323 3.875137 0.233593
v -30.971851 4.043218 0.708702
v -31.023876 4.042470 0.709316
v -42.258022 3.880992 0.841530
v -42.327045 3.880000 0.842342
v -42.329517 3.880121 0.366734
v -42.244595 5.993994 3.410492
v -31.010387 5.989060 3.288582
v -30.958363 5.989038 3.288017
v -30.956074 5.988925 3.728218
v -31.008099 5.988948 3.728722
v -42.242367 5.993885 3.838230
v -42.311390 5.993916 3.838905
v -42.313618 5.994024 3.411240
v -22.695244 -5.936429 -5.080109
v -22.653973 -5.938449 2.843689
v -22.635624 -5.939348 6.367565
v -25.979317 -5.936920 6.377834
v -26.029423 -5.936883 6.377987
v -26.087040 -5.936842 6.378162
v -26.601212 -5.936468 6.379749
v -26.642727 -5.936439 6.379871
v -26.697037 -5.936399 6.380039
v -30.267460 -5.933805 6.390995
v -30.321407 -5.933767 6.391159
v -30.375553 -5.933728 6.391327
v -30.888203 -5.933355 6.392906
v -30.945751 -5.933313 6.393082
v -30.997768 -5.933276 6.393238
v -42.232418 -5.925119 6.427731
v -42.301456 -5.925069 6.427940
v -42.318913 -5.924212 3.074265
v -42.360188 -5.922194 -4.849537
v -43.159443 -5.929611 -4.912830
v -43.158878 -5.929639 -4.804111
v -43.154102 -5.929873 -3.887749
v -43.148495 -5.930147 -2.809628
v -43.146732 -5.930233 -2.472851
v -43.132267 -5.930942 0.304794
v -43.129787 -5.931064 0.780407
v -43.118176 -5.931632 3.010963
v -43.116413 -5.931718 3.349274
v -43.114185 -5.931827 3.776943
v -43.100803 -5.932483 6.347645
v -43.100712 -5.932487 6.364639
v -43.100483 -5.932498 6.409458
v -43.096340 -5.932701 7.204803
v -43.096149 -5.932710 7.241547
v -42.296879 -5.925292 7.304848
v -42.227863 -5.925342 7.304039
v -30.993710 -5.933475 7.172314
v -30.941685 -5.933513 7.171703
v -30.884144 -5.933554 7.171028
v -30.371525 -5.933925 7.165016
v -30.317379 -5.933965 7.164383
v -30.263439 -5.934003 7.163750
v -26.693169 -5.936588 7.121887
v -26.638866 -5.936628 7.121250
v -26.597355 -5.936658 7.120766
v -26.083202 -5.937030 7.114742
v -26.025593 -5.937072 7.114063
v -25.975491 -5.937108 7.113480
v -22.631943 -5.939528 7.074272
v -21.832684 -5.932110 7.137577
v -21.832840 -5.932102 7.107964
v -21.836174 -5.931940 6.466991
v -21.836361 -5.931930 6.430870
v -21.836456 -5.931926 6.413013
v -21.850525 -5.931236 3.711845
v -21.852863 -5.931122 3.262474
v -21.854713 -5.931031 2.906994
v -21.866329 -5.930462 0.676434
v -21.868801 -5.930342 0.200821
v -21.883274 -5.929633 -2.576824
v -21.885025 -5.929547 -2.913601
v -21.890640 -5.929273 -3.991718
v -21.895412 -5.929039 -4.908081
v -21.895977 -5.929011 -5.016808
v -22.693302 -2.412630 -5.081741
v -22.652035 -2.414650 2.842064
v -22.633686 -2.415549 6.365932
v -25.977379 -2.417199 6.376244
v -26.027485 -2.417224 6.376396
v -26.085098 -2.417252 6.376572
v -26.599270 -2.417507 6.378159
v -26.640781 -2.417527 6.378284
v -26.695091 -2.417554 6.378452
v -30.265507 -2.419316 6.389458
v -30.319454 -2.419342 6.389626
v -30.373600 -2.419369 6.389782
v -30.886250 -2.419622 6.391365
v -30.943798 -2.419650 6.391541
v -30.995823 -2.419676 6.391705
v -42.230457 -2.425221 6.426327
v -42.299480 -2.425255 6.426540
v -42.316944 -2.424399 3.072865
v -42.358219 -2.422379 -4.850933
v -43.157467 -2.429798 -4.914234
v -43.156902 -2.429825 -4.805511
v -43.152126 -2.430059 -3.889145
v -43.146526 -2.430334 -2.811031
v -43.144764 -2.430419 -2.474255
v -43.130299 -2.431128 0.303394
v -43.127819 -2.431250 0.779007
v -43.116215 -2.431818 3.009567
v -43.114445 -2.431904 3.347874
v -43.112217 -2.432013 3.775539
v -43.098827 -2.432668 6.346245
v -43.098736 -2.432673 6.363239
v -43.098499 -2.432684 6.408058
v -43.094372 -2.432887 7.203403
v -43.094173 -2.432896 7.240147
v -42.294918 -2.425478 7.303448
v -42.225895 -2.425444 7.302635
v -30.991756 -2.419875 7.170784
v -30.939732 -2.419849 7.170174
v -30.882191 -2.419820 7.169495
v -30.369572 -2.419567 7.163479
v -30.315426 -2.419539 7.162846
v -30.261478 -2.419513 7.162209
v -26.691216 -2.417743 7.120304
v -26.636917 -2.417716 7.119667
v -26.595402 -2.417695 7.119179
v -26.081257 -2.417440 7.113144
v -26.023651 -2.417412 7.112469
v -25.973549 -2.417387 7.111881
v -22.630001 -2.415730 7.072636
v -21.830746 -2.408311 7.135944
v -21.830898 -2.408303 7.106331
v -21.834244 -2.408140 6.465363
v -21.834431 -2.408131 6.429237
v -21.834522 -2.408126 6.411377
v -21.848587 -2.407437 3.710217
v -21.850925 -2.407323 3.260845
v -21.852776 -2.407232 2.905361
v -21.864384 -2.406663 0.674801
v -21.866867 -2.406542 0.199188
v -21.881329 -2.405834 -2.578461
v -21.883083 -2.405748 -2.915237
v -21.888702 -2.405473 -3.993347
v -21.893475 -2.405240 -4.909714
v -21.894039 -2.405212 -5.018433
v -22.609539 -2.347225 -5.075127
v -22.609463 -2.219126 -5.075161
v -22.608952 -1.359224 -5.075375
v -22.608883 -1.243059 -5.075409
v -22.607967 0.288660 -5.075783
v -22.604294 3.991632 -0.437706
v -22.604259 4.025338 -0.395489
v -22.604229 4.055778 -0.357361
v -22.603664 4.089868 -0.313400
v -22.598888 4.377191 0.057106
v -22.593277 4.715231 0.493023
v -22.591518 4.820826 0.629189
v -22.577053 5.691750 1.752274
v -22.574574 5.840876 1.944572
v -22.562962 6.540261 2.846451
v -22.561108 6.540171 3.201931
v -22.558765 6.540056 3.651306
v -22.544701 6.539367 6.352470
v -22.544605 6.539362 6.370331
v -22.544418 6.539352 6.406448
v -22.541088 6.539189 7.047421
v -22.540928 6.539183 7.077034
v -22.540958 6.488649 7.077045
v -22.540993 6.432696 7.077061
v -22.544666 0.285561 7.078594
v -22.545582 -1.246158 7.078979
v -22.545650 -1.362324 7.079006
v -22.546162 -2.222226 7.079220
v -22.546238 -2.350325 7.079250
v -22.546276 -2.414953 7.079269
v -22.548222 -5.938751 7.080906
v -22.548256 -6.000426 7.080917
v -22.548306 -6.091535 7.080940
v -22.548336 -6.143909 7.080952
v -22.548489 -6.143902 7.051338
v -22.551834 -6.143738 6.410370
v -22.552021 -6.143728 6.374249
v -22.552116 -6.143724 6.356396
v -22.566177 -6.143036 3.655224
v -22.568516 -6.142920 3.205853
v -22.570370 -6.142831 2.850376
v -22.581989 -6.142262 0.619816
v -22.584469 -6.142140 0.144199
v -22.598934 -6.141432 -2.633453
v -22.600681 -6.141346 -2.970226
v -22.606300 -6.141071 -4.048344
v -22.611076 -6.140838 -4.964703
v -22.611637 -6.140810 -5.073425
v -22.611607 -6.088435 -5.073441
v -22.611553 -5.997328 -5.073463
v -22.611519 -5.935652 -5.073479
v -22.609577 -2.411853 -5.075111
v -21.950684 -2.341110 -5.022942
v -21.950603 -2.213012 -5.022972
v -21.950096 -1.353109 -5.023193
v -21.950024 -1.236944 -5.023224
v -21.949108 0.294776 -5.023602
v -21.945435 3.997747 -0.385525
v -21.945400 4.031453 -0.343304
v -21.945374 4.061893 -0.305180
v -21.944809 4.095983 -0.261223
v -21.940033 4.383306 0.109291
v -21.934414 4.721346 0.545204
v -21.932663 4.826941 0.681374
v -21.918194 5.697865 1.804455
v -21.915718 5.846991 1.996761
v -21.904106 6.546376 2.898632
v -21.902248 6.546286 3.254116
v -21.899910 6.546171 3.703484
v -21.885845 6.545482 6.404652
v -21.885754 6.545477 6.422512
v -21.885571 6.545468 6.458633
v -21.882229 6.545305 7.099606
v -21.882069 6.545298 7.129215
v -21.882103 6.494764 7.129230
v -21.882137 6.438811 7.129250
v -21.885811 0.291676 7.130779
v -21.886730 -1.240043 7.131165
v -21.886799 -1.356208 7.131191
v -21.887310 -2.216111 7.131405
v -21.887390 -2.344209 7.131435
v -21.887424 -2.408837 7.131454
v -21.889366 -5.932636 7.133087
v -21.889404 -5.994311 7.133106
v -21.889454 -6.085419 7.133125
v -21.889484 -6.137794 7.133137
v -21.889641 -6.137787 7.103527
v -21.892975 -6.137623 6.462551
v -21.893166 -6.137613 6.426434
v -21.893257 -6.137609 6.408577
v -21.907326 -6.136921 3.707401
v -21.909664 -6.136806 3.258034
v -21.911522 -6.136715 2.902554
v -21.923130 -6.136147 0.671993
v -21.925613 -6.136025 0.196381
v -21.940079 -6.135317 -2.581268
v -21.941830 -6.135231 -2.918045
v -21.947449 -6.134956 -3.996162
v -21.952217 -6.134724 -4.912521
v -21.952789 -6.134695 -5.021244
v -21.952751 -6.082320 -5.021259
v -21.952698 -5.991213 -5.021282
v -21.952656 -5.929538 -5.021294
v -21.950722 -2.405738 -5.022919
v -43.104588 -1.358303 -4.910595
v -43.104519 -1.242223 -4.910622
v -43.103611 0.288369 -4.911007
v -43.099934 3.991341 -0.272923
v -43.099911 4.025046 -0.230709
v -43.099873 4.055486 -0.192577
v -43.099308 4.089576 -0.148617
v -43.094540 4.376899 0.221893
v -43.088917 4.714939 0.657803
v -43.087162 4.820534 0.793968
v -43.072697 5.691458 1.917053
v -43.070225 5.840584 2.109356
v -43.058605 6.539968 3.011230
v -43.056843 6.539883 3.349545
v -43.054615 6.539774 3.777210
v -43.041225 6.539119 6.347908
v -43.041142 6.539114 6.364910
v -43.040913 6.539103 6.409729
v -43.036770 6.538900 7.205070
v -43.036572 6.538890 7.241814
v -43.036602 6.488358 7.241833
v -43.036633 6.432405 7.241848
v -43.040302 0.285283 7.243389
v -43.041225 -1.245321 7.243763
v -43.041294 -1.361402 7.243786
v -43.041767 -2.241106 7.244251
v -43.041843 -2.368260 7.244278
v -43.041882 -2.432411 7.244289
v -43.043858 -5.932225 7.245689
v -43.043896 -5.993446 7.245701
v -43.043949 -6.089171 7.245720
v -43.043980 -6.144200 7.245739
v -43.044170 -6.144192 7.208992
v -43.048313 -6.143989 6.413651
v -43.048550 -6.143977 6.368832
v -43.048641 -6.143972 6.351837
v -43.062023 -6.143317 3.781132
v -43.064251 -6.143209 3.353466
v -43.066013 -6.143122 3.015156
v -43.077633 -6.142553 0.784595
v -43.080105 -6.142432 0.308983
v -43.094570 -6.141724 -2.468670
v -43.096325 -6.141638 -2.805443
v -43.101940 -6.141363 -3.883564
v -43.106716 -6.141129 -4.799927
v -43.107281 -6.141102 -4.908646
v -43.107250 -6.086072 -4.908661
v -43.107189 -5.990347 -4.908680
v -43.107151 -5.929127 -4.908688
v -43.105175 -2.429312 -4.910091
v -43.105145 -2.365161 -4.910103
v -43.105061 -2.238007 -4.910130
v -42.435375 -1.236012 -4.857628
v -42.434467 0.294579 -4.858009
v -42.430790 3.997551 -0.219929
v -42.430759 4.031257 -0.177711
v -42.430729 4.061697 -0.139584
v -42.430157 4.095787 -0.095623
v -42.425396 4.383109 0.274887
v -42.419773 4.721149 0.710800
v -42.418018 4.826744 0.846970
v -42.403553 5.697668 1.970055
v -42.401081 5.846794 2.162354
v -42.389454 6.546180 3.064228
v -42.387699 6.546094 3.402538
v -42.385479 6.545984 3.830204
v -42.372082 6.545329 6.400906
v -42.371998 6.545325 6.417904
v -42.371754 6.545313 6.462723
v -42.367619 6.545111 7.258068
v -42.367420 6.545101 7.294815
v -42.367458 6.494568 7.294823
v -42.367481 6.438615 7.294838
v -42.371159 0.291493 7.296391
v -42.372082 -1.239111 7.296757
v -42.372150 -1.355191 7.296783
v -42.372616 -2.234895 7.297249
v -42.372700 -2.362050 7.297272
v -42.372746 -2.426200 7.297283
v -42.374706 -5.926014 7.298683
v -42.374737 -5.987235 7.298695
v -42.374798 -6.082960 7.298717
v -42.374828 -6.137990 7.298733
v -42.375027 -6.137980 7.261990
v -42.379177 -6.137778 6.466644
v -42.379398 -6.137766 6.421825
v -42.379490 -6.137762 6.404831
v -42.392879 -6.137106 3.834126
v -42.395100 -6.136997 3.406460
v -42.396862 -6.136911 3.068153
v -42.408489 -6.136342 0.837589
v -42.410961 -6.136222 0.361980
v -42.425434 -6.135513 -2.415672
v -42.427181 -6.135427 -2.752445
v -42.432796 -6.135153 -3.830566
v -42.437565 -6.134919 -4.746929
v -42.438129 -6.134892 -4.855652
v -42.438099 -6.079862 -4.855663
v -42.438053 -5.984137 -4.855690
v -42.438007 -5.922915 -4.855698
v -42.436039 -2.423102 -4.857094
v -42.436008 -2.358950 -4.857109
v -42.435917 -2.231796 -4.857132
v -42.435444 -1.352092 -4.857597
v -26.036709 -2.189035 -5.042561
v -22.693169 -2.187263 -5.081802
v -22.609440 -2.186486 -5.075169
v -21.950581 -2.180371 -5.022976
v -21.893906 -2.179845 -5.018494
v -21.893341 -2.179873 -4.909771
v -21.888561 -2.180107 -3.993408
v -21.882950 -2.180382 -2.915291
v -21.881191 -2.180467 -2.578514
v -21.866726 -2.181175 0.199135
v -21.864246 -2.181297 0.674747
v -21.852638 -2.181866 2.905304
v -21.850788 -2.181956 3.260788
v -21.848446 -2.182070 3.710163
v -21.834385 -2.182760 6.411327
v -21.834293 -2.182764 6.429184
v -21.834106 -2.182773 6.465305
v -21.830761 -2.182937 7.106274
v -21.830612 -2.182944 7.135887
v -21.887291 -2.183470 7.131393
v -22.546143 -2.189586 7.079212
v -22.629868 -2.190363 7.072582
v -25.973412 -2.192134 7.111824
v -26.023510 -2.192161 7.112411
v -26.081123 -2.192192 7.113091
v -26.595268 -2.192464 7.119125
v -26.636776 -2.192486 7.119614
v -26.691082 -2.192514 7.120247
v -30.261341 -2.194406 7.162155
v -30.315289 -2.194435 7.162788
v -30.369442 -2.194463 7.163422
v -30.882053 -2.194735 7.169441
v -30.939594 -2.194765 7.170116
v -30.991619 -2.194793 7.170727
v -42.225750 -2.200744 7.302582
v -42.294773 -2.200781 7.303398
v -42.372601 -2.201503 7.297230
v -43.041752 -2.207714 7.244236
v -43.094044 -2.208199 7.240097
v -43.094234 -2.208190 7.203350
v -43.098370 -2.207987 6.408005
v -43.098606 -2.207975 6.363186
v -43.098690 -2.207971 6.346195
v -43.112087 -2.207315 3.775486
v -43.114315 -2.207206 3.347824
v -43.116077 -2.207120 3.009514
v -43.127689 -2.206552 0.778954
v -43.130169 -2.206431 0.303341
v -43.144634 -2.205722 -2.474312
v -43.146389 -2.205636 -2.811085
v -43.151989 -2.205361 -3.889198
v -43.156765 -2.205128 -4.805565
v -43.157337 -2.205100 -4.914288
v -43.105045 -2.204615 -4.910145
v -42.435894 -2.198404 -4.857151
v -42.358082 -2.197682 -4.850986
v -42.289059 -2.197645 -4.851791
v -31.054920 -2.191693 -4.983654
v -31.002903 -2.191666 -4.984268
v -30.945354 -2.191635 -4.984940
v -30.432743 -2.191364 -4.990959
v -30.378590 -2.191335 -4.991596
v -30.324642 -2.191307 -4.992226
v -26.754383 -2.189415 -5.034134
v -26.700081 -2.189386 -5.034775
v -26.658569 -2.189364 -5.035259
v -26.144421 -2.189092 -5.041290
v -26.086815 -2.189061 -5.041969
v -26.036263 -1.417848 -5.042786
v -22.692715 -1.419084 -5.081993
v -22.608986 -1.418307 -5.075359
v -21.950130 -1.412192 -5.023178
v -21.893452 -1.411666 -5.018688
v -21.892879 -1.411693 -4.909966
v -21.888111 -1.411927 -3.993607
v -21.882504 -1.412202 -2.915489
v -21.880745 -1.412288 -2.578716
v -21.866272 -1.412996 0.198940
v -21.863792 -1.413117 0.674553
v -21.852180 -1.413686 2.905113
v -21.850327 -1.413777 3.260593
v -21.847996 -1.413891 3.709961
v -21.833927 -1.414580 6.411133
v -21.833836 -1.414585 6.428989
v -21.833645 -1.414594 6.465111
v -21.830307 -1.414757 7.106087
v -21.830158 -1.414765 7.135696
v -21.886833 -1.415291 7.131203
v -22.545685 -1.421406 7.079021
v -22.629410 -1.422183 7.072388
v -25.972961 -1.420947 7.111595
v -26.023064 -1.420928 7.112183
v -26.080673 -1.420907 7.112862
v -26.594818 -1.420717 7.118889
v -26.636330 -1.420702 7.119377
v -26.690632 -1.420682 7.120014
v -30.260906 -1.419362 7.161877
v -30.314854 -1.419342 7.162510
v -30.368992 -1.419322 7.163143
v -30.881618 -1.419132 7.169159
v -30.939152 -1.419111 7.169830
v -30.991177 -1.419092 7.170444
v -42.225330 -1.414938 7.302170
v -42.294353 -1.414912 7.302982
v -42.372181 -1.415635 7.296814
v -43.041325 -1.421845 7.243816
v -43.093616 -1.422330 7.239681
v -43.093807 -1.422321 7.202938
v -43.097942 -1.422118 6.407589
v -43.098179 -1.422107 6.362770
v -43.098263 -1.422103 6.345779
v -43.111652 -1.421447 3.775078
v -43.113880 -1.421338 3.347408
v -43.115650 -1.421252 3.009098
v -43.127254 -1.420683 0.778538
v -43.129742 -1.420562 0.302929
v -43.144199 -1.419853 -2.474728
v -43.145954 -1.419767 -2.811501
v -43.151569 -1.419492 -3.889618
v -43.156353 -1.419259 -4.805981
v -43.156910 -1.419231 -4.914703
v -43.104618 -1.418746 -4.910564
v -42.435474 -1.412535 -4.857567
v -42.357655 -1.411813 -4.851402
v -42.288631 -1.411838 -4.852215
v -31.054470 -1.415992 -4.983940
v -31.002453 -1.416011 -4.984550
v -30.944920 -1.416033 -4.985226
v -30.432301 -1.416222 -4.991238
v -30.378155 -1.416242 -4.991871
v -30.324207 -1.416262 -4.992508
v -26.753933 -1.417582 -5.034370
v -26.699631 -1.417602 -5.035007
v -26.658123 -1.417618 -5.035500
v -26.143978 -1.417808 -5.041523
v -26.086365 -1.417829 -5.042198
v -21.892414 0.308837 -5.002163
v -21.949097 0.308311 -5.006649
v -22.607956 0.302196 -5.058830
v -22.691677 0.301418 -5.065460
v -22.691116 0.301513 -4.956974
v -22.686340 0.302313 -4.042568
v -22.680725 0.303253 -2.966759
v -22.678970 0.303547 -2.630699
v -22.664501 0.305971 0.141003
v -22.662025 0.306386 0.615597
v -22.650414 0.308332 2.841377
v -22.648560 0.308241 3.196857
v -22.646214 0.308126 3.646233
v -22.632149 0.307438 6.347397
v -22.632057 0.307433 6.365257
v -25.975758 0.308702 6.375519
v -26.025864 0.308721 6.375675
v -26.083473 0.308743 6.375847
v -26.597656 0.308938 6.377426
v -26.639164 0.308954 6.377556
v -26.693474 0.308974 6.377724
v -30.263897 0.310329 6.388680
v -30.317844 0.310349 6.388851
v -30.371990 0.310370 6.389019
v -30.884647 0.310564 6.390587
v -30.942181 0.310586 6.390762
v -30.994205 0.310606 6.390926
v -42.228870 0.314882 6.425426
v -42.297894 0.314908 6.425640
v -42.297985 0.314913 6.408642
v -42.311367 0.315555 3.837925
v -42.313595 0.315664 3.410263
v -42.315357 0.315750 3.071949
v -42.326977 0.313804 0.846165
v -42.329449 0.313389 0.371571
v -42.343922 0.310966 -2.400135
v -42.345684 0.310672 -2.736191
v -42.351292 0.309731 -3.812000
v -42.356060 0.308932 -4.726398
v -42.356625 0.308837 -4.834888
v -42.434452 0.308114 -4.841053
v -43.103596 0.301904 -4.894054
v -43.155888 0.301418 -4.898193
v -43.155331 0.301513 -4.789700
v -43.150547 0.302313 -3.875301
v -43.144939 0.303253 -2.799492
v -43.143185 0.303547 -2.463436
v -43.128712 0.305971 0.308270
v -43.126247 0.306386 0.782864
v -43.114613 0.308332 3.008652
v -43.112850 0.308245 3.346962
v -43.110622 0.308136 3.774624
v -43.097240 0.307494 6.345341
v -43.097157 0.307490 6.362335
v -43.096928 0.307479 6.407154
v -43.092777 0.307276 7.202499
v -43.092579 0.307266 7.239243
v -43.040287 0.307752 7.243382
v -42.371143 0.313962 7.296383
v -42.293331 0.314685 7.302544
v -42.224300 0.314658 7.301735
v -30.990147 0.310407 7.169998
v -30.938122 0.310388 7.169392
v -30.880581 0.310366 7.168720
v -30.367962 0.310173 7.162704
v -30.313816 0.310152 7.162071
v -30.259869 0.310132 7.161438
v -26.689602 0.308785 7.119579
v -26.635300 0.308765 7.118938
v -26.593784 0.308749 7.118454
v -26.079639 0.308555 7.112427
v -26.022030 0.308533 7.111748
v -25.971928 0.308514 7.111164
v -22.628376 0.307253 7.071957
v -22.544651 0.308030 7.078590
v -21.885799 0.314145 7.130775
v -21.829117 0.314671 7.135265
v -21.829273 0.314679 7.105648
v -21.832615 0.314842 6.464676
v -21.832798 0.314852 6.428558
v -21.832893 0.314856 6.410698
v -21.846962 0.315545 3.709530
v -21.849304 0.315660 3.260162
v -21.851151 0.315750 2.904678
v -21.862762 0.313804 0.678898
v -21.865238 0.313389 0.204300
v -21.879704 0.310966 -2.567406
v -21.881462 0.310672 -2.903458
v -21.887074 0.309731 -3.979271
v -21.891853 0.308932 -4.893673
v -21.892441 0.274825 -5.019108
v -21.949120 0.274299 -5.023594
v -22.607979 0.268184 -5.075779
v -22.691700 0.267407 -5.082409
v -22.691135 0.267379 -4.973686
v -22.686363 0.267146 -4.057323
v -22.680748 0.266871 -2.979206
v -22.678993 0.266785 -2.642426
v -22.664528 0.266077 0.135223
v -22.662048 0.265955 0.610832
v -22.650436 0.265386 2.841393
v -22.648582 0.265296 3.196873
v -22.646240 0.265181 3.646244
v -22.632175 0.264493 6.347404
v -22.632080 0.264488 6.365265
v -25.975780 0.265759 6.375530
v -26.025887 0.265778 6.375687
v -26.083500 0.265800 6.375858
v -26.597679 0.265996 6.377438
v -26.639191 0.266011 6.377563
v -26.693501 0.266032 6.377735
v -30.263927 0.267390 6.388691
v -30.317867 0.267410 6.388863
v -30.372013 0.267431 6.389027
v -30.884670 0.267626 6.390602
v -30.942204 0.267647 6.390774
v -30.994236 0.267667 6.390938
v -42.228893 0.271952 6.425438
v -42.297924 0.271978 6.425648
v -42.298016 0.271982 6.408649
v -42.311390 0.272625 3.837936
v -42.313618 0.272734 3.410271
v -42.315380 0.272820 3.071964
v -42.327000 0.273389 0.841400
v -42.329479 0.273510 0.365788
v -42.343945 0.274218 -2.411865
v -42.345707 0.274304 -2.748638
v -42.351315 0.274579 -3.826756
v -42.356083 0.274813 -4.743111
v -42.356655 0.274840 -4.851837
v -42.434483 0.274118 -4.858006
v -43.103626 0.267908 -4.911003
v -43.155910 0.267422 -4.915142
v -43.155346 0.267394 -4.806416
v -43.150578 0.267161 -3.890057
v -43.144962 0.266886 -2.811935
v -43.143208 0.266800 -2.475159
v -43.128735 0.266092 0.302490
v -43.126263 0.265970 0.778099
v -43.114643 0.265401 3.008659
v -43.112881 0.265315 3.346973
v -43.110653 0.265206 3.774635
v -43.097256 0.264564 6.345348
v -43.097172 0.264560 6.362350
v -43.096951 0.264548 6.407169
v -43.092793 0.264345 7.202511
v -43.092602 0.264336 7.239258
v -43.040310 0.264821 7.243393
v -42.371166 0.271032 7.296394
v -42.293354 0.271754 7.302555
v -42.224331 0.271728 7.301750
v -30.990170 0.267469 7.170010
v -30.938145 0.267449 7.169399
v -30.880604 0.267427 7.168732
v -30.367985 0.267233 7.162720
v -30.313839 0.267213 7.162079
v -30.259899 0.267193 7.161446
v -26.689625 0.265843 7.119587
v -26.635323 0.265822 7.118950
v -26.593811 0.265807 7.118465
v -26.079666 0.265612 7.112434
v -26.022060 0.265591 7.111759
v -25.971954 0.265572 7.111176
v -22.628403 0.264308 7.071968
v -22.544678 0.265085 7.078602
v -21.885822 0.271200 7.130787
v -21.829140 0.271726 7.135273
v -21.829300 0.271734 7.105659
v -21.832638 0.271897 6.464687
v -21.832825 0.271906 6.428570
v -21.832920 0.271911 6.410706
v -21.846989 0.272600 3.709541
v -21.849327 0.272714 3.260170
v -21.851173 0.272805 2.904694
v -21.862785 0.273374 0.674133
v -21.865269 0.273495 0.198521
v -21.879730 0.274203 -2.579132
v -21.881485 0.274289 -2.915909
v -21.887100 0.274564 -3.994026
v -21.891876 0.274798 -4.910385
v -42.277958 -1.351921 -2.809147
v -31.043812 -1.356852 -2.940876
v -30.991787 -1.356875 -2.941479
v -30.991787 -1.295317 -2.941425
v -30.991764 1.831169 -2.938602
v -30.991779 2.741495 -2.190128
v -30.934238 2.741239 -2.190754
v -30.421612 2.738956 -2.196289
v -30.367466 2.738715 -2.196877
v -30.367451 1.830895 -2.945923
v -30.367474 -1.295591 -2.948746
v -30.367474 -1.357149 -2.948799
v -30.313526 -1.357173 -2.949436
v -26.743263 -1.358740 -2.991295
v -26.688961 -1.358764 -2.991932
v -26.688961 -1.321101 -2.991913
v -26.688950 1.834430 -2.990505
v -26.688953 2.722334 -2.236641
v -26.647438 2.722150 -2.237091
v -26.133289 2.719862 -2.242645
v -26.075680 2.719606 -2.243267
v -26.075676 1.834161 -2.997692
v -26.075687 -1.321370 -2.999100
v -26.075687 -1.359033 -2.999119
v -26.025585 -1.359055 -2.999706
v -22.682034 -1.360523 -3.038918
v -22.681965 -1.244357 -3.038944
v -22.681061 0.266886 -3.039314
v -22.681053 0.287362 -3.039318
v -22.681038 0.303201 -3.026741
v -22.677376 4.620543 0.402466
v -22.677341 4.659986 0.433792
v -22.677311 4.695606 0.462082
v -22.593590 4.696383 0.468716
v -21.934727 4.702499 0.520901
v -21.878048 4.703025 0.525391
v -21.878078 4.667404 0.497093
v -21.878113 4.627962 0.465763
v -21.881775 0.310619 -2.963440
v -21.881786 0.294781 -2.976021
v -21.881798 0.274304 -2.976017
v -21.882710 -1.236939 -2.975647
v -21.882778 -1.353104 -2.975613
v -21.882816 -1.412187 -2.975597
v -21.883263 -2.180367 -2.975399
v -21.883282 -2.213007 -2.975391
v -21.883358 -2.341106 -2.975365
v -21.883396 -2.405733 -2.975346
v -21.885338 -5.929531 -2.973713
v -21.885372 -5.991207 -2.973694
v -21.885429 -6.082315 -2.973675
v -21.885464 -6.134689 -2.973663
v -21.942142 -6.135216 -2.978153
v -22.600994 -6.141331 -3.030334
v -22.684719 -6.142108 -3.036964
v -26.028271 -6.140847 -2.997761
v -26.078373 -6.140828 -2.997173
v -26.135990 -6.140806 -2.996502
v -26.650135 -6.140612 -2.990467
v -26.691647 -6.140596 -2.989979
v -26.745953 -6.140576 -2.989342
v -30.316219 -6.139229 -2.947483
v -30.370167 -6.139209 -2.946854
v -30.424313 -6.139188 -2.946224
v -30.936924 -6.138994 -2.940208
v -30.994465 -6.138973 -2.939533
v -31.046482 -6.138953 -2.938923
v -42.280651 -6.134716 -2.807201
v -42.349682 -6.134689 -2.806393
v -42.427494 -6.135412 -2.812553
v -43.096638 -6.141623 -2.865555
v -43.148930 -6.142108 -2.869694
v -43.148899 -6.087078 -2.869705
v -43.148838 -5.991353 -2.869732
v -43.148808 -5.930132 -2.869736
v -43.146839 -2.430318 -2.871140
v -43.146801 -2.366167 -2.871155
v -43.146717 -2.239013 -2.871174
v -43.146702 -2.205621 -2.871193
v -43.146267 -1.419752 -2.871609
v -43.146236 -1.359309 -2.871643
v -43.146168 -1.243229 -2.871670
v -43.145283 0.266901 -2.872047
v -43.145260 0.287362 -2.872055
v -43.145252 0.303201 -2.859474
v -43.141582 4.620543 0.569733
v -43.141552 4.659986 0.601063
v -43.141521 4.695606 0.629356
v -43.089230 4.696092 0.633499
v -42.420086 4.702303 0.686493
v -42.342266 4.703025 0.692657
v -42.342304 4.667404 0.664368
v -42.342327 4.627962 0.633041
v -42.345997 0.310619 -2.796173
v -42.346004 0.294781 -2.808754
v -42.346020 0.274319 -2.808746
v -42.346905 -1.235811 -2.808369
v -42.346981 -1.351891 -2.808342
v -42.261745 -1.352715 0.304001
v -31.027599 -1.357646 0.172279
v -30.975574 -1.357669 0.171669
v -30.975574 -1.287962 0.171669
v -30.975574 2.252366 0.171700
v -30.975567 4.478510 0.664318
v -30.918026 4.478479 0.663647
v -30.405399 4.478207 0.657650
v -30.351254 4.478178 0.657017
v -30.351254 2.252092 0.164379
v -30.351261 -1.288237 0.164352
v -30.351261 -1.357943 0.164352
v -30.297314 -1.357967 0.163719
v -26.727051 -1.359534 0.121861
v -26.672749 -1.359557 0.121223
v -26.672749 -1.316918 0.121204
v -26.672760 2.255627 0.119801
v -26.672741 4.476218 0.613964
v -26.631229 4.476195 0.613480
v -26.117081 4.475922 0.607464
v -26.059467 4.475891 0.606789
v -26.059483 2.255358 0.112606
v -26.059475 -1.317187 0.114017
v -26.059475 -1.359827 0.114033
v -26.009373 -1.359849 0.113445
v -22.665821 -1.361316 0.074238
v -22.665745 -1.245151 0.074211
v -22.664848 0.266092 0.073837
v -22.664837 0.286568 0.073830
v -22.664822 0.305917 0.079746
v -22.661160 5.580027 1.692772
v -22.661129 5.628210 1.707508
v -22.661095 5.671725 1.720821
v -22.577370 5.672503 1.727455
v -21.918510 5.678617 1.779633
v -21.861835 5.679143 1.784122
v -21.861866 5.635628 1.770821
v -21.861893 5.587445 1.756081
v -21.865559 0.313336 0.143044
v -21.865574 0.293987 0.137131
v -21.865589 0.273511 0.137135
v -21.866486 -1.237732 0.137508
v -21.866554 -1.353898 0.137543
v -21.866592 -1.412980 0.137558
v -21.867046 -2.181160 0.137749
v -21.867065 -2.213800 0.137756
v -21.867149 -2.341899 0.137787
v -21.867188 -2.406526 0.137802
v -21.869122 -5.930326 0.139435
v -21.869160 -5.992002 0.139454
v -21.869221 -6.083109 0.139473
v -21.869251 -6.135484 0.139484
v -21.925930 -6.136009 0.134995
v -22.584785 -6.142124 0.082813
v -22.668510 -6.142901 0.076183
v -26.012058 -6.141640 0.115391
v -26.062160 -6.141622 0.115978
v -26.119770 -6.141600 0.116653
v -26.633919 -6.141405 0.122688
v -26.675434 -6.141390 0.123177
v -26.729733 -6.141369 0.123810
v -30.300007 -6.140022 0.165665
v -30.353954 -6.140002 0.166298
v -30.408100 -6.139981 0.166931
v -30.920712 -6.139789 0.172943
v -30.978252 -6.139767 0.173618
v -31.030270 -6.139748 0.174229
v -42.264439 -6.135509 0.305946
v -42.333462 -6.135484 0.306759
v -42.411282 -6.136206 0.300594
v -43.080425 -6.142416 0.247597
v -43.132717 -6.142901 0.243454
v -43.132687 -6.087873 0.243443
v -43.132626 -5.992146 0.243420
v -43.132587 -5.930926 0.243408
v -43.130619 -2.431113 0.242008
v -43.130581 -2.366962 0.241997
v -43.130505 -2.239807 0.241978
v -43.130489 -2.206415 0.241955
v -43.130054 -1.420546 0.241543
v -43.130024 -1.360103 0.241508
v -43.129955 -1.244023 0.241478
v -43.129055 0.266107 0.241108
v -43.129040 0.286568 0.241096
v -43.129025 0.305917 0.247013
v -43.125370 5.580027 1.860046
v -43.125340 5.628210 1.874783
v -43.125309 5.671725 1.888092
v -43.073017 5.672210 1.892235
v -42.403873 5.678421 1.945236
v -42.326046 5.679143 1.951393
v -42.326084 5.635628 1.938091
v -42.326115 5.587445 1.923351
v -42.329769 0.313336 0.310314
v -42.329784 0.293987 0.304398
v -42.329800 0.273526 0.304401
v -42.330700 -1.236605 0.304779
v -42.330769 -1.352684 0.304813
v -42.245800 -1.353495 3.365616
v -31.011600 -1.358429 3.242424
v -30.959576 -1.358452 3.241852
v -30.959576 -1.288564 3.241852
v -30.959576 2.260996 3.241852
v -30.959576 6.057739 3.241852
v -30.902035 6.057714 3.241222
v -30.389416 6.057489 3.235600
v -30.335270 6.057466 3.235008
v -30.335270 2.260722 3.235008
v -30.335270 -1.288838 3.235012
v -30.335270 -1.358726 3.235008
v -30.281322 -1.358750 3.234417
v -26.711040 -1.360317 3.195263
v -26.656738 -1.360341 3.194668
v -26.656738 -1.317591 3.194656
v -26.656750 2.264257 3.193214
v -26.656738 6.055850 3.194668
v -26.615231 6.055832 3.194214
v -26.101074 6.055606 3.188576
v -26.043465 6.055580 3.187943
v -26.043476 2.263988 3.186489
v -26.043465 -1.317860 3.187923
v -26.043465 -1.360610 3.187943
v -25.993366 -1.360633 3.187393
v -22.649796 -1.362101 3.150726
v -22.649731 -1.245936 3.150696
v -22.648827 0.265308 3.150322
v -22.648815 0.285784 3.150314
v -22.648800 0.308253 3.150307
v -22.645138 6.432920 3.148773
v -22.645103 6.488873 3.148762
v -22.645073 6.539405 3.148750
v -22.561348 6.540182 3.155380
v -21.902493 6.546297 3.207565
v -21.845814 6.546824 3.212051
v -21.845844 6.496290 3.212063
v -21.845879 6.440337 3.212082
v -21.849545 0.315672 3.213612
v -21.849560 0.293203 3.213615
v -21.849567 0.272726 3.213623
v -21.850464 -1.238517 3.214001
v -21.850536 -1.354682 3.214027
v -21.850571 -1.413765 3.214043
v -21.851032 -2.181944 3.214237
v -21.851051 -2.214585 3.214245
v -21.851131 -2.342683 3.214279
v -21.851166 -2.407311 3.214294
v -21.853107 -5.931110 3.215923
v -21.853142 -5.992785 3.215939
v -21.853195 -6.083893 3.215965
v -21.853226 -6.136268 3.215973
v -21.909908 -6.136794 3.211483
v -22.568760 -6.142909 3.159306
v -22.652485 -6.143686 3.152672
v -25.996044 -6.142424 3.189342
v -26.046150 -6.142406 3.189888
v -26.103764 -6.142384 3.190521
v -26.617912 -6.142189 3.196163
v -26.659424 -6.142173 3.196617
v -26.713722 -6.142153 3.197216
v -30.284008 -6.140805 3.236362
v -30.337955 -6.140785 3.236954
v -30.392101 -6.140765 3.237549
v -30.904728 -6.140572 3.243168
v -30.962269 -6.140550 3.243805
v -31.014294 -6.140530 3.244373
v -42.248486 -6.136290 3.367565
v -42.317516 -6.136264 3.368324
v -42.395329 -6.136987 3.362156
v -43.064487 -6.143197 3.309162
v -43.116772 -6.143682 3.305023
v -43.116749 -6.088653 3.305004
v -43.116680 -5.992928 3.304985
v -43.116642 -5.931706 3.304970
v -43.114674 -2.431892 3.303574
v -43.114643 -2.367741 3.303562
v -43.114559 -2.240587 3.303535
v -43.114552 -2.207195 3.303524
v -43.114109 -1.421327 3.303104
v -43.114079 -1.360883 3.303074
v -43.114017 -1.244804 3.303047
v -43.113110 0.265326 3.302670
v -43.113094 0.285788 3.302662
v -43.113087 0.308257 3.302662
v -43.109425 6.432923 3.301121
v -43.109394 6.488876 3.301113
v -43.109364 6.539409 3.301102
v -43.057072 6.539894 3.305244
v -42.387928 6.546105 3.358238
v -42.310108 6.546827 3.364403
v -42.310139 6.496294 3.364414
v -42.310169 6.440341 3.364426
v -42.313824 0.315675 3.365963
v -42.313847 0.293206 3.365963
v -42.313854 0.272745 3.365967
v -42.314754 -1.237385 3.366344
v -42.314823 -1.353465 3.366371
v -42.258572 -1.352870 0.913334
v -31.024426 -1.357801 0.781612
v -30.972401 -1.357824 0.781002
v -30.972401 -1.287936 0.781002
v -30.972401 2.261624 0.781002
v -30.972408 4.865636 1.218178
v -30.914860 4.865610 1.217506
v -30.402241 4.865384 1.211498
v -30.348095 4.865360 1.210861
v -30.348087 2.261350 0.773689
v -30.348087 -1.288210 0.773689
v -30.348087 -1.358098 0.773689
v -30.294147 -1.358122 0.773056
v -26.723873 -1.359689 0.731197
v -26.669571 -1.359713 0.730560
v -26.669567 -1.316962 0.730545
v -26.669582 2.264885 0.729107
v -26.669575 4.863747 1.167736
v -26.628063 4.863729 1.167248
v -26.113911 4.863503 1.161217
v -26.056301 4.863478 1.160545
v -26.056309 2.264616 0.721916
v -26.056297 -1.317232 0.723351
v -26.056297 -1.359982 0.723370
v -26.006195 -1.360004 0.722782
v -22.662651 -1.361472 0.683575
v -22.662582 -1.245306 0.683544
v -22.661671 0.265937 0.683170
v -22.661659 0.286413 0.683167
v -22.661648 0.306449 0.687782
v -22.657986 5.767826 1.945328
v -22.657951 5.817720 1.956818
v -22.657921 5.862781 1.967190
v -22.574196 5.863557 1.973820
v -21.915340 5.869672 2.026009
v -21.858658 5.870198 2.030499
v -21.858692 5.825138 2.020123
v -21.858719 5.775245 2.008633
v -21.862385 0.313867 0.751080
v -21.862396 0.293832 0.746468
v -21.862408 0.273355 0.746471
v -21.863312 -1.237888 0.746845
v -21.863384 -1.354053 0.746876
v -21.863415 -1.413136 0.746891
v -21.863873 -2.181315 0.747086
v -21.863892 -2.213956 0.747093
v -21.863972 -2.342055 0.747124
v -21.864006 -2.406682 0.747139
v -21.865952 -5.930481 0.748772
v -21.865990 -5.992156 0.748787
v -21.866043 -6.083264 0.748810
v -21.866074 -6.135639 0.748821
v -21.922752 -6.136165 0.744331
v -22.581615 -6.142281 0.692154
v -22.665337 -6.143057 0.685520
v -26.008881 -6.141796 0.724728
v -26.058983 -6.141777 0.725315
v -26.116592 -6.141756 0.725990
v -26.630745 -6.141561 0.732025
v -26.672256 -6.141545 0.732510
v -26.726555 -6.141524 0.733147
v -30.296825 -6.140179 0.775002
v -30.350780 -6.140158 0.775635
v -30.404926 -6.140138 0.776268
v -30.917538 -6.139944 0.782276
v -30.975071 -6.139922 0.782955
v -31.027096 -6.139903 0.783566
v -42.261272 -6.135665 0.915283
v -42.330296 -6.135639 0.916092
v -42.408115 -6.136361 0.909927
v -43.077251 -6.142571 0.856934
v -43.129543 -6.143057 0.852791
v -43.129505 -6.088028 0.852776
v -43.129452 -5.992302 0.852757
v -43.129414 -5.931082 0.852741
v -43.127438 -2.431268 0.851345
v -43.127399 -2.367117 0.851330
v -43.127331 -2.239963 0.851311
v -43.127316 -2.206571 0.851292
v -43.126881 -1.420702 0.850876
v -43.126850 -1.360258 0.850845
v -43.126781 -1.244179 0.850815
v -43.125889 0.265952 0.850437
v -43.125881 0.286413 0.850433
v -43.125874 0.306449 0.855049
v -43.122196 5.767826 2.112595
v -43.122173 5.817720 2.124084
v -43.122143 5.862781 2.134460
v -43.069851 5.863265 2.138607
v -42.400700 5.869475 2.191601
v -42.322872 5.870198 2.197769
v -42.322910 5.825138 2.187389
v -42.322941 5.775245 2.175903
v -42.326595 0.313867 0.918346
v -42.326603 0.293832 0.913734
v -42.326618 0.273370 0.913738
v -42.327526 -1.236760 0.914112
v -42.327602 -1.352840 0.914143
v -42.344669 -1.352004 -2.363907
v -42.344601 -1.235924 -2.363934
v -42.343700 0.274206 -2.364319
v -42.343693 0.294667 -2.364323
v -42.343670 0.311007 -2.352688
v -42.340008 4.764937 0.817245
v -42.339985 4.805628 0.846207
v -42.339954 4.842376 0.872360
v -42.417774 4.841653 0.866196
v -43.086918 4.835443 0.813194
v -43.139210 4.834957 0.809052
v -43.139240 4.798209 0.782898
v -43.139271 4.757519 0.753937
v -43.142933 0.303589 -2.415989
v -43.142941 0.287249 -2.427616
v -43.142956 0.266788 -2.427608
v -43.143848 -1.243343 -2.427235
v -43.143925 -1.359422 -2.427208
v -43.143955 -1.419865 -2.427177
v -43.144390 -2.205734 -2.426762
v -43.144405 -2.239126 -2.426743
v -43.144482 -2.366281 -2.426716
v -43.144520 -2.430431 -2.426704
v -43.146488 -5.930245 -2.425301
v -43.146526 -5.991466 -2.425293
v -43.146587 -6.087192 -2.425274
v -43.146618 -6.142221 -2.425262
v -43.094326 -6.141735 -2.421120
v -42.425190 -6.135526 -2.368122
v -42.347370 -6.134804 -2.361961
v -42.278347 -6.134830 -2.362766
v -31.044163 -6.139067 -2.494488
v -30.992153 -6.139087 -2.495102
v -30.934612 -6.139108 -2.495777
v -30.422001 -6.139302 -2.501785
v -30.367847 -6.139321 -2.502419
v -30.313908 -6.139342 -2.503052
v -26.743633 -6.140689 -2.544910
v -26.689331 -6.140709 -2.545544
v -26.647823 -6.140725 -2.546032
v -26.133671 -6.140919 -2.552063
v -26.076057 -6.140942 -2.552738
v -26.025955 -6.140960 -2.553326
v -22.682411 -6.142221 -2.592533
v -22.598686 -6.141443 -2.585903
v -21.939831 -6.135329 -2.533718
v -21.883148 -6.134804 -2.529228
v -21.883118 -6.082429 -2.529240
v -21.883064 -5.991321 -2.529259
v -21.883026 -5.929646 -2.529278
v -21.881081 -2.405846 -2.530910
v -21.881046 -2.341219 -2.530926
v -21.880966 -2.213120 -2.530956
v -21.880943 -2.180480 -2.530964
v -21.880497 -1.412300 -2.531166
v -21.880463 -1.353217 -2.531181
v -21.880398 -1.237052 -2.531212
v -21.879482 0.274191 -2.531582
v -21.879471 0.294667 -2.531586
v -21.879456 0.311007 -2.519958
v -21.875797 4.764937 0.649971
v -21.875763 4.805628 0.678932
v -21.875732 4.842376 0.705086
v -21.932415 4.841849 0.700600
v -22.591270 4.835734 0.648415
v -22.674995 4.834957 0.641781
v -22.675030 4.798209 0.615627
v -22.675060 4.757519 0.586666
v -22.678722 0.303589 -2.583252
v -22.678734 0.287249 -2.594883
v -22.678745 0.266773 -2.594879
v -22.679649 -1.244471 -2.594509
v -22.679718 -1.360636 -2.594482
v -26.023270 -1.359168 -2.555271
v -26.073372 -1.359146 -2.554684
v -26.073372 -1.321333 -2.554684
v -26.073372 1.846788 -2.554867
v -26.073376 2.986450 -1.786327
v -26.130985 2.986716 -1.785709
v -26.645138 2.989089 -1.780174
v -26.686649 2.989281 -1.779728
v -26.686646 1.847057 -2.547680
v -26.686646 -1.321064 -2.547501
v -26.686646 -1.358877 -2.547497
v -26.740948 -1.358853 -2.546860
v -30.311207 -1.357286 -2.504997
v -30.365154 -1.357262 -2.504364
v -30.365154 -1.295458 -2.504337
v -30.365147 1.843522 -2.503094
v -30.365154 3.006264 -1.740101
v -30.419300 3.006514 -1.739521
v -30.931934 3.008881 -1.733994
v -30.989475 3.009146 -1.733376
v -30.989468 1.843796 -2.495773
v -30.989475 -1.295184 -2.497021
v -30.989475 -1.356988 -2.497044
v -31.041492 -1.356966 -2.496433
v -42.275646 -1.352034 -2.364719
v -42.312008 -1.237520 3.892269
v -42.311108 0.272611 3.891891
v -42.311100 0.293073 3.891888
v -42.311085 0.315542 3.891884
v -42.307430 6.440207 3.890350
v -42.307392 6.496161 3.890335
v -42.307369 6.546693 3.890324
v -42.385197 6.545970 3.884159
v -43.054333 6.539760 3.831169
v -43.106625 6.539274 3.827026
v -43.106655 6.488742 3.827042
v -43.106693 6.432789 3.827057
v -43.110340 0.308123 3.828583
v -43.110355 0.285654 3.828587
v -43.110371 0.265193 3.828594
v -43.111271 -1.244938 3.828976
v -43.111340 -1.361018 3.829002
v -43.111370 -1.421461 3.829033
v -43.111805 -2.207329 3.829441
v -43.111820 -2.240721 3.829460
v -43.111897 -2.367876 3.829487
v -43.111935 -2.432027 3.829498
v -43.113903 -5.931840 3.830902
v -43.113941 -5.993061 3.830910
v -43.114002 -6.088787 3.830929
v -43.114033 -6.143816 3.830944
v -43.061741 -6.143332 3.835091
v -42.392597 -6.137120 3.888084
v -42.314777 -6.136398 3.894245
v -42.245754 -6.136424 3.893581
v -31.011478 -6.140668 3.785637
v -30.959454 -6.140688 3.785137
v -30.901913 -6.140710 3.784584
v -30.389278 -6.140903 3.779659
v -30.335133 -6.140924 3.779140
v -30.281185 -6.140944 3.778618
v -26.710880 -6.142292 3.744316
v -26.656582 -6.142313 3.743793
v -26.615067 -6.142328 3.743393
v -26.100910 -6.142523 3.738453
v -26.043297 -6.142545 3.737900
v -25.993191 -6.142564 3.737415
v -22.649605 -6.143827 3.705292
v -22.565880 -6.143050 3.711918
v -21.907032 -6.136935 3.764095
v -21.850346 -6.136409 3.768585
v -21.850319 -6.084034 3.768578
v -21.850266 -5.992927 3.768559
v -21.850231 -5.931251 3.768543
v -21.848293 -2.407452 3.766911
v -21.848255 -2.342824 3.766891
v -21.848171 -2.214725 3.766861
v -21.848152 -2.182085 3.766857
v -21.847702 -1.413906 3.766659
v -21.847660 -1.354823 3.766644
v -21.847595 -1.238658 3.766613
v -21.846695 0.272585 3.766235
v -21.846680 0.293062 3.766232
v -21.846668 0.315531 3.766224
v -21.842999 6.440197 3.764694
v -21.842960 6.496150 3.764679
v -21.842930 6.546682 3.764671
v -21.899612 6.546157 3.760178
v -22.558468 6.540042 3.708000
v -22.642197 6.539264 3.701366
v -22.642223 6.488731 3.701385
v -22.642258 6.432778 3.701401
v -22.645916 0.308112 3.702927
v -22.645935 0.285643 3.702930
v -22.645947 0.265167 3.702938
v -22.646854 -1.246076 3.703312
v -22.646927 -1.362242 3.703342
v -25.990505 -1.360772 3.735474
v -26.040604 -1.360750 3.735950
v -26.040600 -1.318000 3.735935
v -26.040615 2.263848 3.734497
v -26.040604 6.055441 3.735950
v -26.098217 6.055467 3.736504
v -26.612381 6.055693 3.741444
v -26.653896 6.055711 3.741844
v -26.653908 2.264118 3.740391
v -26.653896 -1.317730 3.741829
v -26.653896 -1.360481 3.741844
v -26.708199 -1.360457 3.742363
v -30.278500 -1.358888 3.776672
v -30.332447 -1.358864 3.777191
v -30.332439 -1.288976 3.777191
v -30.332447 2.260584 3.777191
v -30.332447 6.057327 3.777191
v -30.386593 6.057351 3.777710
v -30.899220 6.057576 3.782639
v -30.956760 6.057602 3.783192
v -30.956760 2.260859 3.783192
v -30.956760 -1.288702 3.783192
v -30.956760 -1.358590 3.783192
v -31.008785 -1.358567 3.783691
v -42.243061 -1.353629 3.891636
v -42.312084 -1.353599 3.892296
v -22.654602 6.538595 6.363785
v -22.654633 6.488063 6.363796
v -22.654663 6.432110 6.363804
v -22.658329 0.307443 6.365337
v -22.658340 0.284974 6.365341
v -22.658352 0.264498 6.365345
v -22.659256 -1.246744 6.365726
v -22.659325 -1.362909 6.365753
v -22.659416 -1.362904 6.347897
v -22.673195 -1.362230 3.703594
v -22.673492 -1.362216 3.646904
v -22.675827 -1.362101 3.197563
v -22.676064 -1.362089 3.151012
v -22.677677 -1.362011 2.842102
v -22.688923 -1.361460 0.683880
v -22.689297 -1.361442 0.611542
v -22.691769 -1.361320 0.135933
v -22.692089 -1.361305 0.074543
v -22.705990 -1.360624 -2.594173
v -22.706234 -1.360612 -2.641724
v -22.707993 -1.360526 -2.978497
v -22.708302 -1.360511 -3.038612
v -22.713604 -1.360251 -4.056614
v -22.718380 -1.360017 -4.972980
v -22.718945 -1.359990 -5.081703
v -22.718983 -1.419074 -5.081688
v -22.719437 -2.187277 -5.081493
v -22.719456 -2.219919 -5.081486
v -22.678188 -2.221939 2.842323
v -22.659843 -2.222838 6.365967
v -22.659920 -2.350935 6.365997
v -22.659958 -2.415562 6.366013
v -22.661896 -5.939329 6.367649
v -22.661934 -6.001003 6.367664
v -22.680283 -6.000105 2.844009
v -22.721550 -5.998084 -5.079788
v -22.721603 -6.089199 -5.079765
v -22.721634 -6.141577 -5.079754
v -22.721069 -6.141605 -4.971027
v -22.716293 -6.141838 -4.054665
v -22.710987 -6.142098 -3.036659
v -22.710674 -6.142113 -2.976547
v -22.708931 -6.142199 -2.639774
v -22.708679 -6.142211 -2.592224
v -22.694782 -6.142892 0.076488
v -22.694466 -6.142907 0.137878
v -22.691986 -6.143028 0.613487
v -22.691605 -6.143046 0.685825
v -22.680367 -6.143598 2.844048
v -22.678757 -6.143677 3.152958
v -22.678509 -6.143688 3.199509
v -22.676167 -6.143803 3.648849
v -22.675877 -6.143817 3.705544
v -22.662109 -6.144491 6.349842
v -22.662014 -6.144496 6.367699
v -22.661831 -6.144505 6.403831
v -22.658485 -6.144669 7.045006
v -22.658333 -6.144676 7.074631
v -22.658298 -6.092299 7.074615
v -22.658245 -6.001184 7.074596
v -22.658211 -5.939509 7.074581
v -22.656269 -2.415742 7.072941
v -22.656231 -2.351115 7.072926
v -22.656155 -2.223018 7.072895
v -22.656136 -2.190377 7.072887
v -22.655678 -1.422174 7.072697
v -22.655643 -1.363089 7.072685
v -22.655579 -1.246924 7.072659
v -22.654671 0.264318 7.072277
v -22.654659 0.284794 7.072273
v -22.654648 0.307263 7.072266
v -22.650986 6.431930 7.070736
v -22.650951 6.487883 7.070724
v -22.650921 6.538415 7.070713
v -22.651081 6.538423 7.041088
v -22.654415 6.538586 6.399910
v -30.991764 1.771592 -2.938656
v -30.996845 1.681301 -3.930302
v -30.939312 1.681276 -3.930973
v -30.426678 1.681051 -3.936985
v -30.372540 1.681028 -3.937618
v -30.367451 1.771317 -2.945976
v -30.367153 1.776649 -2.887424
v -30.365406 1.776563 -2.550644
v -30.365147 1.783706 -2.503117
v -30.351254 2.184628 0.164379
v -30.350941 2.193850 0.225739
v -30.348469 2.193729 0.701351
v -30.348087 2.193711 0.773689
v -30.336849 2.193160 2.931908
v -30.335270 2.193083 3.235008
v -30.335033 2.193071 3.280678
v -30.332737 2.192959 3.721565
v -30.332447 2.192945 3.777191
v -30.318935 2.192283 6.371746
v -30.318844 2.192279 6.389267
v -30.372990 2.192303 6.389435
v -30.885639 2.192529 6.391010
v -30.943180 2.192554 6.391186
v -30.943272 2.192559 6.373692
v -30.956760 2.193219 3.783192
v -30.957050 2.193233 3.727654
v -30.959339 2.193345 3.287453
v -30.959576 2.193357 3.241852
v -30.961155 2.193434 2.939224
v -30.972401 2.193985 0.781002
v -30.972775 2.194003 0.708664
v -30.975254 2.194124 0.233055
v -30.975574 2.184902 0.171700
v -30.989468 1.783980 -2.495796
v -42.306873 -5.869167 -11.219862
v -22.699600 -5.869167 -11.219862
v -42.306873 -5.869167 0.387129
v -22.699600 -5.869167 0.387129
v -42.306873 -2.331929 0.387129
v -22.699600 -2.331929 0.387129
v -42.306873 -2.331929 -11.219862
v -22.699600 -2.331929 -11.219862
v -42.306873 -5.804688 0.387129
v -42.306873 -5.804688 -11.219862
v -22.699600 -5.804688 -11.219862
v -22.699600 -5.804688 0.387129
v -42.306873 -4.414193 0.387129
v -42.306873 -4.414193 -11.219862
v -22.699600 -4.414193 -11.219862
v -22.699600 -4.414193 0.387129
v -42.306873 -2.684871 0.387129
v -42.306873 -2.684871 -11.219862
v -22.699600 -2.684871 -11.219862
v -22.699600 -2.684871 0.387129
v -42.163956 -2.331929 0.387129
v -42.163956 -2.331929 -11.219862
v -42.163956 -2.684871 -11.219862
v -42.163956 -4.414193 -11.219862
v -42.163956 -5.804688 -11.219862
v -42.163956 -5.869167 -11.219862
v -42.163956 -5.869167 0.387129
v -42.163956 -5.804688 0.387129
v -42.163956 -4.414193 0.387129
v -42.163956 -2.684871 0.387129
v -42.306873 -2.331929 0.310858
v -42.306873 -2.684871 0.310858
v -42.306873 -4.414193 0.310858
v -42.306873 -5.804688 0.310858
v -42.306873 -5.869167 0.310858
v -42.163956 -5.869167 0.310858
v -22.699600 -5.869167 0.310858
v -22.699600 -5.804688 0.310858
v -22.699600 -4.414193 0.310858
v -22.699600 -2.684871 0.310858
v -22.699600 -2.331929 0.310858
v -42.306873 -2.331929 -11.134727
v -42.306873 -2.684871 -11.134727
v -42.306873 -4.414193 -11.134727
v -42.306873 -5.804688 -11.134727
v -42.306873 -5.869167 -11.134727
v -42.163956 -5.869167 -11.134727
v -22.699600 -5.869167 -11.134727
v -22.699600 -5.804688 -11.134727
v -22.699600 -4.414193 -11.134727
v -22.699600 -2.684871 -11.134727
v -22.699600 -2.331929 -11.134727
v -22.750595 -2.331929 0.387129
v -22.750595 -2.684871 0.387129
v -22.750595 -4.414193 0.387129
v -22.750595 -5.804688 0.387129
v -22.750595 -5.869167 0.387129
v -22.750595 -5.869167 0.310858
v -22.750595 -5.869167 -11.134727
v -22.750595 -5.869167 -11.219862
v -22.750595 -5.804688 -11.219862
v -22.750595 -4.414193 -11.219862
v -22.750595 -2.684871 -11.219862
v -22.750595 -2.331929 -11.219862
v -41.489906 -2.331929 -0.096496
v -41.358894 -2.331929 -0.096496
v -41.489906 -2.331929 -10.736238
v -41.358894 -2.331929 -10.736238
v -41.489906 -2.331929 -0.166411
v -23.516571 -2.331929 -0.096496
v -23.516571 -2.331929 -0.166411
v -23.563314 -2.331929 -0.096496
v -23.563314 -2.331929 -10.736238
v -41.489906 -2.331929 -10.658197
v -23.516571 -2.331929 -10.658197
v -23.516571 -2.331929 -10.736238
v -41.489906 -5.718333 -0.096496
v -41.358894 -5.718333 -0.096496
v -41.489906 -5.718333 -10.736238
v -41.358894 -5.718333 -10.736238
v -41.489906 -5.718333 -0.166411
v -23.516571 -5.718333 -0.096496
v -23.516571 -5.718333 -0.166411
v -23.563314 -5.718333 -0.096496
v -23.563314 -5.718333 -10.736238
v -41.489906 -5.718333 -10.658197
v -23.516571 -5.718333 -10.658197
v -23.516571 -5.718333 -10.736238
v -41.273476 -5.718333 -10.736238
v -41.273476 -2.331929 -10.736238
v -42.070770 -2.331929 -11.219862
v -42.070770 -2.684870 -11.219862
v -42.070770 -4.414193 -11.219862
v -42.070770 -5.804688 -11.219862
v -42.070770 -5.869167 -11.219862
v -42.070770 -5.869167 -11.134727
v -42.070770 -5.869167 0.310858
v -42.070770 -5.869167 0.387129
v -42.070770 -5.804688 0.387129
v -42.070770 -4.414193 0.387129
v -42.070770 -2.684871 0.387129
v -42.070770 -2.331929 0.387129
v -41.273476 -2.331929 -0.096496
v -41.273476 -5.718333 -0.096496
v -23.643734 -5.718333 -10.736238
v -23.643734 -2.331929 -10.736238
v -22.838324 -2.331929 -11.219862
v -22.838324 -2.684871 -11.219862
v -22.838324 -4.414193 -11.219862
v -22.838324 -5.804688 -11.219862
v -22.838324 -5.869167 -11.219862
v -22.838324 -5.869167 -11.134727
v -22.838324 -5.869167 0.310858
v -22.838324 -5.869167 0.387129
v -22.838324 -5.804688 0.387129
v -22.838324 -4.414193 0.387129
v -22.838324 -2.684871 0.387129
v -22.838324 -2.331929 0.387129
v -23.643734 -2.331929 -0.096496
v -23.643734 -5.718333 -0.096496
v -42.070770 -4.342417 -11.219862
v -42.163956 -4.342417 -11.219862
v -42.306873 -4.342417 -11.219862
v -42.306873 -4.342417 -11.134727
v -42.306873 -4.342417 0.310858
v -42.306873 -4.342417 0.387129
v -42.163956 -4.342417 0.387129
v -42.070770 -4.342417 0.387129
v -22.838324 -4.342417 0.387129
v -22.750595 -4.342417 0.387129
v -22.699600 -4.342417 0.387129
v -22.699600 -4.342417 0.310858
v -22.699600 -4.342417 -11.134727
v -22.699600 -4.342417 -11.219862
v -22.750595 -4.342417 -11.219862
v -22.838324 -4.342417 -11.219862
v -42.070770 -5.728929 -11.219862
v -42.163956 -5.728929 -11.219862
v -42.306873 -5.728929 -11.219862
v -42.306873 -5.728929 -11.134727
v -42.306873 -5.728929 0.310858
v -42.306873 -5.728929 0.387129
v -42.163956 -5.728929 0.387129
v -42.070770 -5.728929 0.387129
v -22.838324 -5.728929 0.387129
v -22.750595 -5.728929 0.387129
v -22.699600 -5.728929 0.387129
v -22.699600 -5.728929 0.310858
v -22.699600 -5.728929 -11.134727
v -22.699600 -5.728929 -11.219862
v -22.750595 -5.728929 -11.219862
v -22.838324 -5.728929 -11.219862
v -42.070770 -2.670386 -11.219862
v -42.163956 -2.670386 -11.219862
v -42.306873 -2.670386 -11.219862
v -42.306873 -2.670386 -11.134727
v -42.306873 -2.670386 0.310858
v -42.306873 -2.670386 0.387129
v -42.163956 -2.670386 0.387129
v -42.070770 -2.670386 0.387129
v -22.838324 -2.670386 0.387129
v -22.750595 -2.670386 0.387129
v -22.699600 -2.670386 0.387129
v -22.699600 -2.670386 0.310858
v -22.699600 -2.670386 -11.134727
v -22.699600 -2.670386 -11.219862
v -22.750595 -2.670386 -11.219862
v -22.838324 -2.670386 -11.219862
v -42.062874 -2.331929 -11.215071
v -42.155979 -2.331929 -11.215071
v -42.298782 -2.331929 -11.215071
v -42.298782 -2.331929 -11.130006
v -42.298782 -2.331929 0.306129
v -42.298782 -2.331929 0.382337
v -42.155979 -2.331929 0.382337
v -42.062874 -2.331929 0.382337
v -22.846304 -2.331929 0.382337
v -22.758646 -2.331929 0.382337
v -22.707695 -2.331929 0.382337
v -22.707695 -2.331929 0.306129
v -22.707695 -2.331929 -11.130006
v -22.707695 -2.331929 -11.215071
v -22.758646 -2.331929 -11.215071
v -22.846304 -2.331929 -11.215071
v -41.324444 -2.331929 -10.767153
v -41.410358 -2.331929 -10.767153
v -41.542130 -2.331929 -10.767153
v -41.542130 -2.331929 -10.688660
v -41.542130 -2.331929 -0.135902
v -41.542130 -2.331929 -0.065580
v -41.410358 -2.331929 -0.065580
v -41.324444 -2.331929 -0.065580
v -23.592247 -2.331929 -0.065580
v -23.511362 -2.331929 -0.065580
v -23.464348 -2.331929 -0.065580
v -23.464348 -2.331929 -0.135902
v -23.464348 -2.331929 -10.688660
v -23.464348 -2.331929 -10.767153
v -23.511362 -2.331929 -10.767153
v -23.592249 -2.331929 -10.767153
v -41.273476 -2.468811 -10.736238
v -41.358894 -2.468811 -10.736238
v -41.489906 -2.468811 -10.736238
v -41.489906 -2.468811 -10.658197
v -41.489906 -2.468811 -0.166411
v -41.489906 -2.468811 -0.096496
v -41.358894 -2.468811 -0.096496
v -41.273476 -2.468811 -0.096496
v -23.643734 -2.468811 -0.096496
v -23.563314 -2.468811 -0.096496
v -23.516571 -2.468811 -0.096496
v -23.516571 -2.468811 -0.166411
v -23.516571 -2.468811 -10.658197
v -23.516571 -2.468811 -10.736238
v -23.563314 -2.468811 -10.736238
v -23.643734 -2.468811 -10.736238
v -41.273476 -5.655298 -10.736238
v -41.358894 -5.655298 -10.736238
v -41.489906 -5.655298 -10.736238
v -41.489906 -5.655298 -10.658197
v -41.489906 -5.655298 -0.166411
v -41.489906 -5.655298 -0.096496
v -41.358894 -5.655298 -0.096496
v -41.273476 -5.655298 -0.096496
v -23.643734 -5.655298 -0.096496
v -23.563314 -5.655298 -0.096496
v -23.516571 -5.655298 -0.096496
v -23.516571 -5.655298 -0.166411
v -23.516571 -5.655298 -10.658197
v -23.516571 -5.655298 -10.736238
v -23.563314 -5.655298 -10.736238
v -23.643734 -5.655298 -10.736238
v -32.250034 -4.012450 -12.902359
v -32.443066 -3.921255 -12.902359
v -32.636093 -4.012450 -12.902359
v -32.716049 -4.232613 -12.902359
v -32.636093 -4.452776 -12.902359
v -32.443066 -4.543971 -12.902359
v -32.250034 -4.452776 -12.902359
v -32.170082 -4.232613 -12.902359
v -32.086391 -3.825805 -12.767292
v -32.443066 -3.657300 -12.767292
v -32.799736 -3.825805 -12.767292
v -32.947475 -4.232613 -12.767292
v -32.799736 -4.639421 -12.767292
v -32.443066 -4.807927 -12.767292
v -32.086391 -4.639421 -12.767292
v -31.938654 -4.232613 -12.767292
v -31.977049 -3.701093 -12.565149
v -32.443066 -3.480930 -12.565149
v -32.909081 -3.701093 -12.565149
v -33.102112 -4.232613 -12.565149
v -32.909081 -4.764133 -12.565149
v -32.443066 -4.984297 -12.565149
v -31.977049 -4.764133 -12.565149
v -31.784019 -4.232613 -12.565149
v -31.938654 -3.657300 -12.326706
v -32.443066 -3.418997 -12.326706
v -32.947475 -3.657300 -12.326706
v -33.156410 -4.232613 -12.326706
v -32.947475 -4.807927 -12.326706
v -32.443066 -5.046229 -12.326706
v -31.938654 -4.807927 -12.326706
v -31.729719 -4.232613 -12.326706
v -31.977049 -3.701093 -12.088263
v -32.443066 -3.480930 -12.088263
v -32.909081 -3.701093 -12.088263
v -33.102112 -4.232613 -12.088263
v -32.909081 -4.764133 -12.088263
v -32.443066 -4.984297 -12.088263
v -31.977049 -4.764133 -12.088263
v -31.784019 -4.232613 -12.088263
v -32.086391 -3.825805 -11.886120
v -32.443066 -3.657300 -11.886120
v -32.799736 -3.825805 -11.886120
v -32.947475 -4.232613 -11.886120
v -32.799736 -4.639421 -11.886120
v -32.443066 -4.807927 -11.886120
v -32.086391 -4.639421 -11.886120
v -31.938654 -4.232613 -11.886120
v -32.250034 -4.012450 -11.751052
v -32.443066 -3.921255 -11.751052
v -32.636093 -4.012450 -11.751052
v -32.716049 -4.232613 -11.751052
v -32.636093 -4.452776 -11.751052
v -32.443066 -4.543971 -11.751052
v -32.250034 -4.452776 -11.751052
v -32.170082 -4.232613 -11.751052
v -32.443066 -4.232613 -12.949788
v -32.250034 -4.012450 -11.751052
v -32.443066 -3.921255 -11.751052
v -32.636093 -4.012450 -11.751052
v -32.716049 -4.232613 -11.751052
v -32.636093 -4.452776 -11.751052
v -32.443066 -4.543971 -11.751052
v -32.250034 -4.452776 -11.751052
v -32.170082 -4.232613 -11.751052
v -32.199230 -3.954504 -11.435549
v -32.443066 -3.839307 -11.435549
v -32.686901 -3.954504 -11.435549
v -32.787899 -4.232613 -11.435549
v -32.686901 -4.510723 -11.435549
v -32.443066 -4.625919 -11.435549
v -32.199230 -4.510723 -11.435549
v -32.098228 -4.232613 -11.435549
v -32.077663 -3.815851 -11.372616
v -32.443066 -3.643223 -11.372616
v -32.808468 -3.815851 -11.372616
v -32.959820 -4.232613 -11.372616
v -32.808468 -4.649375 -11.372616
v -32.443066 -4.822003 -11.372616
v -32.077663 -4.649375 -11.372616
v -31.926310 -4.232613 -11.372616
v -32.061245 -3.797125 -11.251780
v -32.443066 -3.616740 -11.251780
v -32.824886 -3.797125 -11.251780
v -32.983040 -4.232613 -11.251780
v -32.824883 -4.668101 -11.251780
v -32.443066 -4.848486 -11.251780
v -32.061245 -4.668101 -11.251780
v -31.903090 -4.232613 -11.251780
v -32.061245 -3.797125 -11.164913
v -32.443066 -3.616740 -11.164915
v -32.443066 -4.232613 -11.260910
v -32.824886 -3.797125 -11.164914
v -32.983040 -4.232613 -11.164914
v -32.824883 -4.668101 -11.164914
v -32.443066 -4.848486 -11.164915
v -32.061245 -4.668101 -11.164914
v -31.903090 -4.232613 -11.164913
v -32.061245 -3.797125 -11.178566
v -31.903090 -4.232613 -11.178566
v -32.061245 -4.668101 -11.178566
v -32.443066 -4.848486 -11.178566
v -32.824883 -4.668101 -11.178566
v -32.983040 -4.232613 -11.178566
v -32.824886 -3.797125 -11.178566
v -32.443066 -3.616740 -11.178566
v -32.064323 -3.800636 -11.274439
v -31.907444 -4.232613 -11.274439
v -32.064323 -4.664590 -11.274439
v -32.443066 -4.843521 -11.274439
v -32.821804 -4.664590 -11.274439
v -32.978687 -4.232613 -11.274439
v -32.821808 -3.800636 -11.274439
v -32.443066 -3.621706 -11.274439
v -32.102760 -3.844475 -11.385609
v -31.961803 -4.232613 -11.385609
v -32.102760 -4.620750 -11.385609
v -32.443066 -4.781523 -11.385609
v -32.783371 -4.620750 -11.385609
v -32.924328 -4.232613 -11.385609
v -32.783371 -3.844476 -11.385609
v -32.443066 -3.683703 -11.385609
v -32.202766 -3.958537 -11.457507
v -32.103230 -4.232613 -11.457507
v -32.202766 -4.506689 -11.457507
v -32.443066 -4.620215 -11.457507
v -32.683365 -4.506689 -11.457507
v -32.782902 -4.232613 -11.457507
v -32.683365 -3.958537 -11.457507
v -32.443066 -3.845010 -11.457507
v -32.241306 -4.002492 -11.758258
v -32.157734 -4.232613 -11.758258
v -32.241306 -4.462734 -11.758258
v -32.443066 -4.558053 -11.758258
v -32.644825 -4.462734 -11.758258
v -32.728397 -4.232613 -11.758258
v -32.644825 -4.002492 -11.758258
v -32.443066 -3.907173 -11.758258
vt 0.375000 0.000000
vt 0.625000 0.000000
vt 0.375000 0.250000
vt 0.625000 0.250000
vt 0.375000 0.500000
vt 0.625000 0.500000
vt 0.375000 0.750000
vt 0.625000 0.750000
vt 0.375000 1.000000
vt 0.625000 1.000000
vt 0.875000 0.250000
vt 0.125000 0.000000
vt 0.125000 0.250000
vt 0.625000 0.337018
vt 0.712018 0.250000
vt 0.287982 0.250000
vt 0.375000 0.337018
vt 0.287982 0.000000
vt 0.375000 0.912982
vt 0.625000 0.912982
vt 0.625000 0.625951
vt 0.875000 0.124049
vt 0.125000 0.124049
vt 0.375000 0.625951
vt 0.287982 0.124049
vt 0.375000 0.124049
vt 0.625000 0.124049
vt 0.712018 0.124049
vt 0.375000 0.124049
vt 0.625000 0.124049
vt 0.625000 0.250000
vt 0.375000 0.250000
vt 0.625000 0.337018
vt 0.375000 0.337018
vt 0.375000 0.500000
vt 0.625000 0.500000
vt 0.625000 0.625951
vt 0.375000 0.625951
vt 0.375000 0.912982
vt 0.625000 0.912982
vt 0.625000 1.000000
vt 0.375000 1.000000
vt 0.712018 0.124049
vt 0.712018 0.250000
vt 0.287982 0.124049
vt 0.287982 0.250000
vt 0.125000 0.124049
vt 0.125000 0.250000
vt 0.375000 0.750000
vt 0.625000 0.750000
vt 0.875000 0.124049
vt 0.875000 0.250000
vt 0.375000 0.000000
vt 0.625000 0.000000
vt 0.712018 0.000000
vt 0.875000 0.000000
vt 0.625000 0.746964
vt 0.875000 0.003036
vt 0.125000 0.003036
vt 0.375000 0.746964
vt 0.287982 0.003036
vt 0.375000 0.003036
vt 0.625000 0.003036
vt 0.712018 0.003036
vt 0.625000 0.747110
vt 0.875000 0.002890
vt 0.125000 0.002890
vt 0.375000 0.747110
vt 0.287982 0.002890
vt 0.375000 0.002890
vt 0.625000 0.002890
vt 0.712018 0.002890
vt 0.625000 0.659140
vt 0.875000 0.090860
vt 0.125000 0.090860
vt 0.375000 0.659140
vt 0.287982 0.090860
vt 0.375000 0.090860
vt 0.625000 0.090860
vt 0.712018 0.090860
vt 0.625000 0.676459
vt 0.875000 0.073541
vt 0.125000 0.073541
vt 0.375000 0.676459
vt 0.287982 0.073541
vt 0.375000 0.073541
vt 0.625000 0.073541
vt 0.712018 0.073541
vt 0.125000 0.090884
vt 0.375000 0.659116
vt 0.287982 0.090884
vt 0.375000 0.090884
vt 0.625000 0.090884
vt 0.712018 0.090884
vt 0.625000 0.659116
vt 0.875000 0.090884
vt 0.125000 0.074925
vt 0.375000 0.675075
vt 0.287982 0.074925
vt 0.375000 0.074925
vt 0.625000 0.074925
vt 0.712018 0.074925
vt 0.625000 0.675075
vt 0.875000 0.074925
vt 0.625000 0.268037
vt 0.643037 0.250000
vt 0.356963 0.250000
vt 0.375000 0.268037
vt 0.356963 0.124049
vt 0.356963 0.090884
vt 0.356963 0.074925
vt 0.356963 0.003036
vt 0.356963 0.000000
vt 0.375000 0.981963
vt 0.625000 0.981963
vt 0.643037 0.003036
vt 0.643037 0.074925
vt 0.643037 0.090884
vt 0.643037 0.124049
vt 0.625000 0.264536
vt 0.639536 0.250000
vt 0.360464 0.250000
vt 0.375000 0.264536
vt 0.360464 0.124049
vt 0.360464 0.090860
vt 0.360464 0.073541
vt 0.360464 0.002890
vt 0.375000 0.985464
vt 0.625000 0.985464
vt 0.639536 0.000000
vt 0.639536 0.002890
vt 0.639536 0.073541
vt 0.639536 0.090860
vt 0.639536 0.124049
vt 0.472705 0.659131
vt 0.418114 0.090869
vt 0.418114 0.074082
vt 0.472705 0.675918
vt 0.453703 0.074082
vt 0.470899 0.074082
vt 0.470899 0.002947
vt 0.453704 0.002947
vt 0.472705 0.747053
vt 0.418114 0.002947
vt 0.472705 0.750000
vt 0.472705 0.912982
vt 0.472705 0.984096
vt 0.472705 0.000000
vt 0.472705 1.000000
vt 0.472705 0.002947
vt 0.472705 0.074082
vt 0.472705 0.090869
vt 0.472705 0.124049
vt 0.472705 0.250000
vt 0.470899 0.250000
vt 0.472705 0.265904
vt 0.470899 0.124049
vt 0.470899 0.090869
vt 0.453704 0.090869
vt 0.480642 0.659130
vt 0.441925 0.090870
vt 0.441925 0.074126
vt 0.480642 0.675874
vt 0.467165 0.074126
vt 0.479870 0.074126
vt 0.479870 0.002952
vt 0.467165 0.002952
vt 0.480642 0.747048
vt 0.441925 0.002952
vt 0.480642 0.750000
vt 0.480642 0.912982
vt 0.480642 0.983985
vt 0.480642 0.000000
vt 0.480642 1.000000
vt 0.480642 0.002952
vt 0.480642 0.074126
vt 0.480642 0.090870
vt 0.480642 0.124049
vt 0.480642 0.250000
vt 0.479870 0.250000
vt 0.480642 0.266015
vt 0.479870 0.124049
vt 0.479870 0.090870
vt 0.467165 0.090870
vt 0.418143 0.659136
vt 0.254430 0.090864
vt 0.254430 0.073780
vt 0.418143 0.676220
vt 0.361160 0.073780
vt 0.409229 0.073780
vt 0.409229 0.002915
vt 0.361160 0.002915
vt 0.418143 0.747085
vt 0.254430 0.002915
vt 0.418143 0.750000
vt 0.418143 0.912982
vt 0.418143 0.984860
vt 0.418143 0.000000
vt 0.418143 1.000000
vt 0.418143 0.002915
vt 0.418143 0.073780
vt 0.418143 0.090864
vt 0.418143 0.124049
vt 0.418143 0.250000
vt 0.409229 0.250000
vt 0.418143 0.265140
vt 0.409229 0.124049
vt 0.409229 0.090864
vt 0.361160 0.090864
vt 0.425940 0.659136
vt 0.277820 0.090865
vt 0.277820 0.073823
vt 0.425940 0.676177
vt 0.374384 0.073823
vt 0.418041 0.073823
vt 0.418041 0.002920
vt 0.374384 0.002920
vt 0.425940 0.747080
vt 0.277820 0.002920
vt 0.425940 0.750000
vt 0.425940 0.912982
vt 0.425940 0.984751
vt 0.425940 0.000000
vt 0.425940 1.000000
vt 0.425940 0.002920
vt 0.425940 0.073823
vt 0.425940 0.090865
vt 0.425940 0.124049
vt 0.425940 0.250000
vt 0.418041 0.250000
vt 0.425940 0.265249
vt 0.418041 0.124049
vt 0.418041 0.090865
vt 0.374384 0.090865
vt 0.831740 0.090884
vt 0.831740 0.124049
vt 0.625000 0.456740
vt 0.831740 0.250000
vt 0.168260 0.250000
vt 0.375000 0.456740
vt 0.168260 0.124049
vt 0.168260 0.090884
vt 0.168260 0.074925
vt 0.168260 0.003036
vt 0.168260 0.000000
vt 0.375000 0.793260
vt 0.625000 0.793260
vt 0.480642 0.793260
vt 0.472705 0.793260
vt 0.425940 0.793260
vt 0.418143 0.793260
vt 0.375000 0.793260
vt 0.625000 0.793260
vt 0.831740 0.000000
vt 0.831740 0.002890
vt 0.831740 0.073541
vt 0.831740 0.090860
vt 0.831740 0.124049
vt 0.625000 0.456740
vt 0.831740 0.250000
vt 0.168260 0.250000
vt 0.375000 0.456740
vt 0.168260 0.124049
vt 0.168260 0.090860
vt 0.282759 0.090864
vt 0.303451 0.090865
vt 0.427561 0.090869
vt 0.448624 0.090870
vt 0.824813 0.124049
vt 0.625000 0.449813
vt 0.824813 0.250000
vt 0.175187 0.250000
vt 0.375000 0.449813
vt 0.175187 0.124049
vt 0.175187 0.090884
vt 0.175187 0.074925
vt 0.175187 0.003036
vt 0.175187 0.000000
vt 0.375000 0.800187
vt 0.625000 0.800187
vt 0.480642 0.800187
vt 0.472705 0.800187
vt 0.425940 0.800187
vt 0.418143 0.800187
vt 0.375000 0.800187
vt 0.625000 0.800187
vt 0.824813 0.000000
vt 0.824813 0.002890
vt 0.824813 0.073541
vt 0.824813 0.090860
vt 0.824813 0.124049
vt 0.625000 0.449813
vt 0.824813 0.250000
vt 0.175187 0.250000
vt 0.375000 0.449813
vt 0.175187 0.124049
vt 0.175187 0.090860
vt 0.287296 0.090864
vt 0.307555 0.090865
vt 0.429073 0.090869
vt 0.449697 0.090870
vt 0.824813 0.090884
vt 0.767680 0.124049
vt 0.625000 0.392680
vt 0.767680 0.250000
vt 0.232320 0.250000
vt 0.375000 0.392680
vt 0.232320 0.124049
vt 0.232320 0.090884
vt 0.232320 0.074925
vt 0.232320 0.003036
vt 0.232320 0.000000
vt 0.375000 0.857320
vt 0.625000 0.857320
vt 0.480642 0.857320
vt 0.472705 0.857320
vt 0.425940 0.857320
vt 0.418143 0.857320
vt 0.375000 0.857320
vt 0.625000 0.857320
vt 0.767680 0.000000
vt 0.767680 0.002890
vt 0.767680 0.073541
vt 0.767680 0.090860
vt 0.767680 0.124049
vt 0.625000 0.392680
vt 0.767680 0.250000
vt 0.232320 0.250000
vt 0.375000 0.392680
vt 0.232320 0.124049
vt 0.232320 0.090860
vt 0.324709 0.090864
vt 0.341405 0.090865
vt 0.441549 0.090869
vt 0.458545 0.090870
vt 0.767680 0.090884
vt 0.757897 0.124049
vt 0.625000 0.382897
vt 0.757897 0.250000
vt 0.242103 0.250000
vt 0.375000 0.382897
vt 0.242103 0.124049
vt 0.242103 0.090884
vt 0.242103 0.074925
vt 0.242103 0.003036
vt 0.242103 0.000000
vt 0.375000 0.867103
vt 0.625000 0.867103
vt 0.480642 0.867103
vt 0.472705 0.867103
vt 0.425940 0.867103
vt 0.418143 0.867103
vt 0.375000 0.867103
vt 0.625000 0.867103
vt 0.757897 0.000000
vt 0.757897 0.002890
vt 0.757897 0.073541
vt 0.757897 0.090860
vt 0.757897 0.124049
vt 0.625000 0.382897
vt 0.757897 0.250000
vt 0.242103 0.250000
vt 0.375000 0.382897
vt 0.242103 0.124049
vt 0.242103 0.090860
vt 0.331115 0.090864
vt 0.347201 0.090865
vt 0.443685 0.090869
vt 0.460060 0.090870
vt 0.757897 0.090884
vt 0.705059 0.124049
vt 0.625000 0.330059
vt 0.705059 0.250000
vt 0.294941 0.250000
vt 0.375000 0.330059
vt 0.294941 0.124049
vt 0.294941 0.090884
vt 0.294941 0.074925
vt 0.294941 0.003036
vt 0.294941 0.000000
vt 0.375000 0.919941
vt 0.625000 0.919941
vt 0.480642 0.920145
vt 0.472705 0.920156
vt 0.425940 0.920222
vt 0.418143 0.920233
vt 0.375000 0.920294
vt 0.625000 0.920294
vt 0.704706 0.000000
vt 0.704706 0.002890
vt 0.704706 0.073541
vt 0.704706 0.090860
vt 0.704706 0.124049
vt 0.625000 0.329706
vt 0.704706 0.250000
vt 0.295294 0.250000
vt 0.375000 0.329706
vt 0.295294 0.124049
vt 0.295294 0.090860
vt 0.366009 0.090864
vt 0.378788 0.090865
vt 0.455438 0.090869
vt 0.468447 0.090870
vt 0.705059 0.090884
vt 0.696262 0.124049
vt 0.625000 0.321262
vt 0.696262 0.250000
vt 0.303738 0.250000
vt 0.375000 0.321262
vt 0.303738 0.124049
vt 0.303738 0.090884
vt 0.303738 0.074925
vt 0.303738 0.003036
vt 0.303738 0.000000
vt 0.375000 0.928738
vt 0.625000 0.928738
vt 0.480642 0.929199
vt 0.472705 0.929225
vt 0.425940 0.929374
vt 0.418143 0.929399
vt 0.375000 0.929537
vt 0.625000 0.929537
vt 0.695463 0.000000
vt 0.695463 0.002890
vt 0.695463 0.073541
vt 0.695463 0.090860
vt 0.695463 0.124049
vt 0.625000 0.320463
vt 0.695463 0.250000
vt 0.304537 0.250000
vt 0.375000 0.320463
vt 0.304537 0.124049
vt 0.304537 0.090860
vt 0.372139 0.090864
vt 0.384355 0.090865
vt 0.457631 0.090869
vt 0.470067 0.090870
vt 0.696262 0.090884
vt 0.448624 0.090870
vt 0.831740 0.090884
vt 0.824813 0.090884
vt 0.449697 0.090870
vt 0.458545 0.090870
vt 0.767680 0.090884
vt 0.757897 0.090884
vt 0.460060 0.090870
vt 0.705059 0.090884
vt 0.696262 0.090884
vt 0.470067 0.090870
vt 0.468447 0.090870
vt 0.458545 0.090870
vt 0.767680 0.090884
vt 0.757897 0.090884
vt 0.460060 0.090870
vt 0.705059 0.090884
vt 0.696262 0.090884
vt 0.470067 0.090870
vt 0.468447 0.090870
vt 0.705059 0.090884
vt 0.696262 0.090884
vt 0.470067 0.090870
vt 0.468447 0.090870
vt 0.445190 0.090870
vt 0.853915 0.090884
vt 0.853915 0.124049
vt 0.625000 0.478915
vt 0.853915 0.250000
vt 0.146085 0.250000
vt 0.375000 0.478915
vt 0.146085 0.124049
vt 0.146085 0.090884
vt 0.146085 0.074925
vt 0.146085 0.003036
vt 0.146085 0.000000
vt 0.375000 0.771085
vt 0.625000 0.771085
vt 0.480642 0.771085
vt 0.472705 0.771085
vt 0.425940 0.771085
vt 0.418143 0.771085
vt 0.375000 0.771085
vt 0.625000 0.771085
vt 0.853915 0.000000
vt 0.853915 0.002890
vt 0.853915 0.073541
vt 0.853915 0.090860
vt 0.853915 0.124049
vt 0.625000 0.478915
vt 0.853915 0.250000
vt 0.146085 0.250000
vt 0.375000 0.478915
vt 0.146085 0.124049
vt 0.146085 0.090860
vt 0.268238 0.090864
vt 0.290312 0.090865
vt 0.422719 0.090869
vt 0.470067 0.090870
vt 0.479870 0.090870
vt 0.470899 0.090869
vt 0.457631 0.090869
vt 0.460060 0.090870
vt 0.467165 0.090870
vt 0.453704 0.090869
vt 0.443685 0.090869
vt 0.384355 0.090865
vt 0.418041 0.090865
vt 0.409229 0.090864
vt 0.372139 0.090864
vt 0.347201 0.090865
vt 0.374384 0.090865
vt 0.361160 0.090864
vt 0.331115 0.090864
vt 0.290312 0.090865
vt 0.303451 0.090865
vt 0.282759 0.090864
vt 0.268238 0.090864
vt 0.422719 0.090869
vt 0.445190 0.090870
vt 0.448624 0.090870
vt 0.427561 0.090869
vt 0.307555 0.090865
vt 0.287296 0.090864
vt 0.449697 0.090870
vt 0.429073 0.090869
vt 0.341405 0.090865
vt 0.324709 0.090864
vt 0.458545 0.090870
vt 0.441549 0.090869
vt 0.378788 0.090865
vt 0.366009 0.090864
vt 0.468447 0.090870
vt 0.455438 0.090869
vt 0.418041 0.090865
vt 0.372139 0.090864
vt 0.384355 0.090865
vt 0.331115 0.090864
vt 0.409229 0.090864
vt 0.268238 0.090864
vt 0.361160 0.090864
vt 0.445190 0.090870
vt 0.282759 0.090864
vt 0.443685 0.090869
vt 0.422719 0.090869
vt 0.422719 0.090869
vt 0.453704 0.090869
vt 0.282759 0.090864
vt 0.427561 0.090869
vt 0.457631 0.090869
vt 0.287296 0.090864
vt 0.470899 0.090869
vt 0.479870 0.090870
vt 0.307555 0.090865
vt 0.470067 0.090870
vt 0.448624 0.090870
vt 0.303451 0.090865
vt 0.467165 0.090870
vt 0.445190 0.090870
vt 0.290312 0.090865
vt 0.460060 0.090870
vt 0.303451 0.090865
vt 0.268238 0.090864
vt 0.374384 0.090865
vt 0.290312 0.090865
vt 0.409229 0.090864
vt 0.347201 0.090865
vt 0.324709 0.090864
vt 0.441549 0.090869
vt 0.347201 0.090865
vt 0.331115 0.090864
vt 0.441549 0.090869
vt 0.341405 0.090865
vt 0.361160 0.090864
vt 0.443685 0.090869
vt 0.453704 0.090869
vt 0.366009 0.090864
vt 0.458545 0.090870
vt 0.455438 0.090869
vt 0.366009 0.090864
vt 0.449697 0.090870
vt 0.455438 0.090869
vt 0.372139 0.090864
vt 0.341405 0.090865
vt 0.457631 0.090869
vt 0.427561 0.090869
vt 0.307555 0.090865
vt 0.449697 0.090870
vt 0.429073 0.090869
vt 0.470067 0.090870
vt 0.448624 0.090870
vt 0.384355 0.090865
vt 0.468447 0.090870
vt 0.287296 0.090864
vt 0.378788 0.090865
vt 0.468447 0.090870
vt 0.324709 0.090864
vt 0.378788 0.090865
vt 0.467165 0.090870
vt 0.460060 0.090870
vt 0.374384 0.090865
vt 0.429073 0.090869
vt 0.458545 0.090870
vt 0.332626 0.090864
vt 0.362402 0.090864
vt 0.367209 0.090864
vt 0.373286 0.090864
vt 0.410057 0.090864
vt 0.427703 0.090869
vt 0.427703 0.090869
vt 0.427703 0.090869
vt 0.410057 0.090864
vt 0.410057 0.124049
vt 0.410057 0.250000
vt 0.418876 0.265150
vt 0.418876 0.250000
vt 0.418876 0.124049
vt 0.418876 0.090864
vt 0.418876 0.073784
vt 0.418876 0.002916
vt 0.418876 0.000000
vt 0.418876 1.000000
vt 0.418876 0.984850
vt 0.418876 0.929397
vt 0.418876 0.920232
vt 0.418876 0.912982
vt 0.418876 0.867103
vt 0.418876 0.857320
vt 0.418876 0.800187
vt 0.418876 0.793260
vt 0.418876 0.771085
vt 0.418876 0.750000
vt 0.418876 0.747084
vt 0.256628 0.002916
vt 0.362402 0.002916
vt 0.410057 0.002916
vt 0.410057 0.073784
vt 0.362402 0.073784
vt 0.256628 0.073784
vt 0.418876 0.676216
vt 0.418876 0.659136
vt 0.256628 0.090864
vt 0.330513 0.090864
vt 0.270311 0.090864
vt 0.330513 0.090864
vt 0.270311 0.090864
vt 0.330513 0.090864
vt 0.284703 0.090864
vt 0.289199 0.090864
vt 0.326277 0.090864
vt 0.346112 0.090864
vt 0.373489 0.090864
vt 0.377923 0.090864
vt 0.383528 0.090864
vt 0.417445 0.090864
vt 0.428971 0.090869
vt 0.428971 0.090869
vt 0.428971 0.090869
vt 0.417445 0.090864
vt 0.417445 0.124049
vt 0.417445 0.250000
vt 0.425412 0.265242
vt 0.425412 0.250000
vt 0.425412 0.124049
vt 0.425412 0.090864
vt 0.425412 0.073820
vt 0.425412 0.002919
vt 0.425412 0.000000
vt 0.425412 1.000000
vt 0.425412 0.984758
vt 0.425412 0.929376
vt 0.425412 0.920223
vt 0.425412 0.912982
vt 0.425412 0.867103
vt 0.425412 0.857320
vt 0.425412 0.800187
vt 0.425412 0.793260
vt 0.425412 0.771085
vt 0.425412 0.750000
vt 0.425412 0.747081
vt 0.276237 0.002919
vt 0.373489 0.002919
vt 0.417445 0.002919
vt 0.417445 0.073820
vt 0.373489 0.073820
vt 0.276237 0.073820
vt 0.425412 0.676180
vt 0.425412 0.659136
vt 0.276237 0.090864
vt 0.325143 0.090864
vt 0.288818 0.090864
vt 0.325143 0.090864
vt 0.288818 0.090864
vt 0.325143 0.090864
vt 0.302050 0.090864
vt 0.306183 0.090864
vt 0.340275 0.090864
vt 0.445105 0.090869
vt 0.454871 0.090869
vt 0.456566 0.090869
vt 0.458709 0.090869
vt 0.471677 0.090869
vt 0.471677 0.090869
vt 0.471677 0.090869
vt 0.471677 0.124049
vt 0.471677 0.250000
vt 0.473393 0.265914
vt 0.473393 0.250000
vt 0.473393 0.124049
vt 0.473393 0.090869
vt 0.473393 0.074086
vt 0.473393 0.002947
vt 0.473393 0.000000
vt 0.473393 1.000000
vt 0.473393 0.984086
vt 0.473393 0.929222
vt 0.473393 0.920155
vt 0.473393 0.912982
vt 0.473393 0.867103
vt 0.473393 0.857320
vt 0.473393 0.800187
vt 0.473393 0.793260
vt 0.473393 0.771085
vt 0.473393 0.750000
vt 0.473393 0.747053
vt 0.420179 0.002947
vt 0.454871 0.002947
vt 0.471677 0.002947
vt 0.471677 0.074086
vt 0.454871 0.074086
vt 0.420179 0.074086
vt 0.473393 0.675915
vt 0.473393 0.659131
vt 0.420179 0.090869
vt 0.387276 0.090865
vt 0.424667 0.090869
vt 0.387276 0.090865
vt 0.424667 0.090869
vt 0.387276 0.090865
vt 0.429388 0.090869
vt 0.430862 0.090869
vt 0.443023 0.090869
vt 0.458551 0.090870
vt 0.465925 0.090870
vt 0.467248 0.090870
vt 0.468921 0.090870
vt 0.479043 0.090870
vt 0.479043 0.090870
vt 0.479043 0.090870
vt 0.479043 0.124049
vt 0.479043 0.250000
vt 0.479910 0.266005
vt 0.479910 0.250000
vt 0.479910 0.124049
vt 0.479910 0.090870
vt 0.479910 0.074122
vt 0.479910 0.002951
vt 0.479910 0.000000
vt 0.479910 1.000000
vt 0.479910 0.983995
vt 0.479910 0.929202
vt 0.479910 0.920146
vt 0.479910 0.912982
vt 0.479910 0.867103
vt 0.479910 0.857320
vt 0.479910 0.800187
vt 0.479910 0.793260
vt 0.479910 0.771085
vt 0.479910 0.750000
vt 0.479910 0.747049
vt 0.439730 0.002951
vt 0.465925 0.002951
vt 0.479043 0.002951
vt 0.479043 0.074122
vt 0.465925 0.074122
vt 0.439730 0.074122
vt 0.479910 0.675878
vt 0.479910 0.659130
vt 0.439730 0.090870
vt 0.414936 0.090865
vt 0.443119 0.090870
vt 0.414936 0.090865
vt 0.443119 0.090870
vt 0.414936 0.090865
vt 0.446683 0.090870
vt 0.447796 0.090870
vt 0.456979 0.090870
vt 0.347201 0.090865
vt 0.331115 0.090864
vt 0.441549 0.090869
vt 0.341405 0.090865
vt 0.361160 0.090864
vt 0.443685 0.090869
vt 0.453703 0.090869
vt 0.366009 0.090864
vt 0.458545 0.090870
vt 0.455438 0.090869
vt 0.366009 0.090864
vt 0.449697 0.090870
vt 0.455438 0.090869
vt 0.372139 0.090864
vt 0.341405 0.090865
vt 0.457631 0.090869
vt 0.427561 0.090869
vt 0.307555 0.090865
vt 0.427703 0.090869
vt 0.428971 0.090869
vt 0.449697 0.090870
vt 0.429073 0.090869
vt 0.470067 0.090870
vt 0.448624 0.090870
vt 0.384355 0.090865
vt 0.468447 0.090870
vt 0.287296 0.090864
vt 0.378788 0.090865
vt 0.468447 0.090870
vt 0.324709 0.090864
vt 0.378788 0.090865
vt 0.467165 0.090870
vt 0.460060 0.090870
vt 0.374384 0.090865
vt 0.429073 0.090869
vt 0.458545 0.090870
vt 0.324709 0.090864
vt 0.441549 0.090869
vt 0.325143 0.090864
vt 0.330513 0.090864
vt 0.372139 0.090864
vt 0.384355 0.090865
vt 0.331115 0.090864
vt 0.409229 0.090864
vt 0.268238 0.090864
vt 0.361160 0.090864
vt 0.445190 0.090870
vt 0.282759 0.090864
vt 0.443685 0.090869
vt 0.422719 0.090869
vt 0.422719 0.090869
vt 0.453704 0.090869
vt 0.282759 0.090864
vt 0.427561 0.090869
vt 0.457631 0.090869
vt 0.287296 0.090864
vt 0.470899 0.090869
vt 0.471677 0.090869
vt 0.479043 0.090870
vt 0.479870 0.090870
vt 0.307555 0.090865
vt 0.470067 0.090870
vt 0.448624 0.090870
vt 0.303451 0.090865
vt 0.467165 0.090870
vt 0.445190 0.090870
vt 0.290312 0.090865
vt 0.460060 0.090870
vt 0.303451 0.090865
vt 0.268238 0.090864
vt 0.374384 0.090865
vt 0.290312 0.090865
vt 0.409229 0.090864
vt 0.347201 0.090865
vt 0.418041 0.090865
vt 0.414936 0.090865
vt 0.387276 0.090865
vt 0.408985 0.090864
vt 0.307777 0.090865
vt 0.409815 0.090864
vt 0.417222 0.090864
vt 0.449690 0.090870
vt 0.417820 0.090865
vt 0.449690 0.090870
vt 0.449690 0.090870
vt 0.417820 0.090865
vt 0.449690 0.090870
vt 0.470812 0.090869
vt 0.470812 0.090869
vt 0.470812 0.090869
vt 0.470812 0.090869
vt 0.471592 0.090869
vt 0.478977 0.090870
vt 0.479805 0.090870
vt 0.479805 0.090870
vt 0.479805 0.090870
vt 0.479805 0.090870
vt 0.643386 0.090884
vt 0.643386 0.124049
vt 0.625000 0.268386
vt 0.643386 0.250000
vt 0.356614 0.250000
vt 0.375000 0.268386
vt 0.356614 0.124049
vt 0.356614 0.090884
vt 0.356614 0.074925
vt 0.356614 0.003036
vt 0.356614 0.000000
vt 0.375000 0.981614
vt 0.625000 0.981614
vt 0.480642 0.983625
vt 0.479910 0.983635
vt 0.473393 0.983726
vt 0.472705 0.983735
vt 0.425940 0.984387
vt 0.425412 0.984394
vt 0.418876 0.984485
vt 0.418143 0.984496
vt 0.375000 0.985097
vt 0.625000 0.985097
vt 0.639903 0.000000
vt 0.639903 0.002890
vt 0.639903 0.073541
vt 0.639903 0.090860
vt 0.639903 0.124049
vt 0.625000 0.264903
vt 0.639903 0.250000
vt 0.360097 0.250000
vt 0.375000 0.264903
vt 0.360097 0.124049
vt 0.360097 0.090860
vt 0.307777 0.090865
vt 0.408985 0.090864
vt 0.307777 0.090865
vt 0.307777 0.090865
vt 0.409229 0.248982
vt 0.410057 0.248982
vt 0.417445 0.248982
vt 0.418041 0.248982
vt 0.470899 0.248982
vt 0.471677 0.248982
vt 0.479043 0.248982
vt 0.479870 0.248982
vt 0.643037 0.248982
vt 0.643386 0.248982
vt 0.696262 0.248982
vt 0.705059 0.248982
vt 0.712018 0.248982
vt 0.757897 0.248982
vt 0.767680 0.248982
vt 0.824813 0.248982
vt 0.831740 0.248982
vt 0.853915 0.248982
vt 0.625000 0.501018
vt 0.875000 0.248982
vt 0.125000 0.248982
vt 0.375000 0.501018
vt 0.146085 0.248982
vt 0.168260 0.248982
vt 0.175187 0.248982
vt 0.232320 0.248982
vt 0.242103 0.248982
vt 0.287982 0.248982
vt 0.294941 0.248982
vt 0.303738 0.248982
vt 0.356614 0.248982
vt 0.356963 0.248982
vt 0.375000 0.248982
vt 0.625000 0.248982
vt 0.480642 0.248982
vt 0.479910 0.248982
vt 0.473393 0.248982
vt 0.472705 0.248982
vt 0.425940 0.248982
vt 0.425412 0.248982
vt 0.418876 0.248982
vt 0.418143 0.248982
vt 0.375000 0.248982
vt 0.625000 0.248982
vt 0.639536 0.248982
vt 0.639903 0.248982
vt 0.695463 0.248982
vt 0.704706 0.248982
vt 0.712018 0.248982
vt 0.757897 0.248982
vt 0.767680 0.248982
vt 0.824813 0.248982
vt 0.831740 0.248982
vt 0.853915 0.248982
vt 0.625000 0.501018
vt 0.875000 0.248982
vt 0.125000 0.248982
vt 0.375000 0.501018
vt 0.146085 0.248982
vt 0.168260 0.248982
vt 0.175187 0.248982
vt 0.232320 0.248982
vt 0.242103 0.248982
vt 0.287982 0.248982
vt 0.295294 0.248982
vt 0.304537 0.248982
vt 0.360097 0.248982
vt 0.360464 0.248982
vt 0.418143 0.264366
vt 0.418876 0.264376
vt 0.425412 0.264463
vt 0.425940 0.264470
vt 0.472705 0.265091
vt 0.473393 0.265100
vt 0.479910 0.265187
vt 0.480642 0.265197
vt 0.625000 0.267115
vt 0.357885 0.250000
vt 0.375000 0.267115
vt 0.357885 0.248982
vt 0.357885 0.124049
vt 0.357885 0.090884
vt 0.357885 0.074925
vt 0.357885 0.003036
vt 0.357885 0.000000
vt 0.375000 0.982885
vt 0.625000 0.982885
vt 0.480642 0.984803
vt 0.479910 0.984813
vt 0.473393 0.984900
vt 0.472705 0.984909
vt 0.425940 0.985530
vt 0.425412 0.985537
vt 0.418876 0.985624
vt 0.418143 0.985634
vt 0.375000 0.986207
vt 0.625000 0.986207
vt 0.638793 0.000000
vt 0.638793 0.002890
vt 0.638793 0.073541
vt 0.638793 0.090860
vt 0.638793 0.124049
vt 0.638793 0.248982
vt 0.625000 0.263793
vt 0.638793 0.250000
vt 0.375000 0.263793
vt 0.418143 0.250634
vt 0.418876 0.250635
vt 0.425412 0.250639
vt 0.425940 0.250639
vt 0.472705 0.250666
vt 0.473393 0.250667
vt 0.479910 0.250671
vt 0.480642 0.250671
vt 0.625000 0.250756
vt 0.374244 0.250000
vt 0.375000 0.250756
vt 0.374244 0.248982
vt 0.374244 0.124049
vt 0.374244 0.090884
vt 0.374244 0.074925
vt 0.374244 0.003036
vt 0.374244 0.000000
vt 0.375000 0.999244
vt 0.625000 0.999244
vt 0.480642 0.999329
vt 0.479910 0.999329
vt 0.473393 0.999333
vt 0.472705 0.999334
vt 0.425940 0.999361
vt 0.425412 0.999361
vt 0.418876 0.999365
vt 0.418143 0.999366
vt 0.375000 0.999391
vt 0.625000 0.999391
vt 0.625609 0.000000
vt 0.625609 0.002890
vt 0.625609 0.073541
vt 0.625609 0.090860
vt 0.625609 0.124049
vt 0.625609 0.248982
vt 0.625000 0.250609
vt 0.625609 0.250000
vt 0.375000 0.250609
vt 0.375000 0.247855
vt 0.418143 0.247855
vt 0.418876 0.247855
vt 0.425412 0.247855
vt 0.425940 0.247855
vt 0.472705 0.247855
vt 0.473393 0.247855
vt 0.479910 0.247855
vt 0.480642 0.247855
vt 0.625000 0.247855
vt 0.375000 0.247855
vt 0.374244 0.247855
vt 0.357885 0.247855
vt 0.356963 0.247855
vt 0.356614 0.247855
vt 0.303738 0.247855
vt 0.294941 0.247855
vt 0.287982 0.247855
vt 0.242103 0.247855
vt 0.232320 0.247855
vt 0.175187 0.247855
vt 0.168260 0.247855
vt 0.146085 0.247855
vt 0.125000 0.247855
vt 0.375000 0.502145
vt 0.625000 0.502145
vt 0.875000 0.247855
vt 0.853915 0.247855
vt 0.831740 0.247855
vt 0.824813 0.247855
vt 0.767680 0.247855
vt 0.757897 0.247855
vt 0.712018 0.247855
vt 0.705059 0.247855
vt 0.696262 0.247855
vt 0.643386 0.247855
vt 0.643037 0.247855
vt 0.479870 0.247855
vt 0.479043 0.247855
vt 0.471677 0.247855
vt 0.470899 0.247855
vt 0.418041 0.247855
vt 0.417445 0.247855
vt 0.410057 0.247855
vt 0.409229 0.247855
vt 0.360464 0.247855
vt 0.360097 0.247855
vt 0.304537 0.247855
vt 0.295294 0.247855
vt 0.287982 0.247855
vt 0.242103 0.247855
vt 0.232320 0.247855
vt 0.175187 0.247855
vt 0.168260 0.247855
vt 0.146085 0.247855
vt 0.125000 0.247855
vt 0.375000 0.502145
vt 0.625000 0.502145
vt 0.875000 0.247855
vt 0.853915 0.247855
vt 0.831740 0.247855
vt 0.824813 0.247855
vt 0.767680 0.247855
vt 0.757897 0.247855
vt 0.712018 0.247855
vt 0.704706 0.247855
vt 0.695463 0.247855
vt 0.639903 0.247855
vt 0.639536 0.247855
vt 0.638793 0.247855
vt 0.625609 0.247855
vt 0.625000 0.247855
vt 0.625000 0.001055
vt 0.375000 0.001055
vt 0.418143 0.001064
vt 0.418876 0.001064
vt 0.425412 0.001066
vt 0.425940 0.001066
vt 0.472705 0.001076
vt 0.473393 0.001076
vt 0.479910 0.001077
vt 0.480642 0.001077
vt 0.625000 0.001108
vt 0.375000 0.001108
vt 0.374244 0.001108
vt 0.357885 0.001108
vt 0.356963 0.001108
vt 0.356614 0.001108
vt 0.303738 0.001108
vt 0.294941 0.001108
vt 0.287982 0.001108
vt 0.242103 0.001108
vt 0.232320 0.001108
vt 0.175187 0.001108
vt 0.168260 0.001108
vt 0.146085 0.001108
vt 0.125000 0.001108
vt 0.375000 0.748892
vt 0.625000 0.748892
vt 0.480642 0.748923
vt 0.479910 0.748923
vt 0.473393 0.748924
vt 0.472705 0.748924
vt 0.425940 0.748934
vt 0.425412 0.748934
vt 0.418876 0.748936
vt 0.418143 0.748936
vt 0.375000 0.748945
vt 0.625000 0.748945
vt 0.875000 0.001055
vt 0.853915 0.001055
vt 0.831740 0.001055
vt 0.824813 0.001055
vt 0.767680 0.001055
vt 0.757897 0.001055
vt 0.712018 0.001055
vt 0.704706 0.001055
vt 0.695463 0.001055
vt 0.639903 0.001055
vt 0.639536 0.001055
vt 0.638793 0.001055
vt 0.625609 0.001055
vt 0.872764 0.124049
vt 0.872764 0.247855
vt 0.872764 0.248982
vt 0.625000 0.497764
vt 0.872764 0.250000
vt 0.127236 0.250000
vt 0.375000 0.497764
vt 0.127236 0.248982
vt 0.127236 0.247855
vt 0.127236 0.124049
vt 0.127236 0.090860
vt 0.255895 0.090864
vt 0.258079 0.090864
vt 0.277571 0.090864
vt 0.279145 0.090865
vt 0.418603 0.090869
vt 0.420656 0.090869
vt 0.440090 0.090870
vt 0.442271 0.090870
vt 0.872764 0.090884
vt 0.872764 0.124049
vt 0.872764 0.247855
vt 0.872764 0.248982
vt 0.625000 0.497764
vt 0.872764 0.250000
vt 0.127236 0.250000
vt 0.375000 0.497764
vt 0.127236 0.248982
vt 0.127236 0.247855
vt 0.127236 0.124049
vt 0.127236 0.090884
vt 0.127236 0.074925
vt 0.127236 0.003036
vt 0.127236 0.001108
vt 0.127236 0.000000
vt 0.375000 0.752236
vt 0.625000 0.752236
vt 0.480642 0.752236
vt 0.479910 0.752236
vt 0.473393 0.752236
vt 0.472705 0.752236
vt 0.425940 0.752236
vt 0.425412 0.752236
vt 0.418876 0.752236
vt 0.418143 0.752236
vt 0.375000 0.752236
vt 0.625000 0.752236
vt 0.872764 0.000000
vt 0.872764 0.001055
vt 0.872764 0.002890
vt 0.872764 0.073541
vt 0.872764 0.090860
vt 0.125000 0.070961
vt 0.375000 0.679039
vt 0.287982 0.070961
vt 0.360464 0.070961
vt 0.409229 0.071192
vt 0.410057 0.071196
vt 0.417445 0.071231
vt 0.418041 0.071234
vt 0.470899 0.071484
vt 0.471677 0.071488
vt 0.479043 0.071523
vt 0.479870 0.071527
vt 0.643037 0.072300
vt 0.712018 0.072300
vt 0.625000 0.677700
vt 0.875000 0.072300
vt 0.125000 0.072300
vt 0.375000 0.677700
vt 0.127236 0.072300
vt 0.146085 0.072300
vt 0.168260 0.072300
vt 0.175187 0.072300
vt 0.232320 0.072300
vt 0.242103 0.072300
vt 0.287982 0.072300
vt 0.294941 0.072300
vt 0.303738 0.072300
vt 0.356614 0.072300
vt 0.356963 0.072300
vt 0.357885 0.072300
vt 0.374244 0.072300
vt 0.375000 0.072300
vt 0.625000 0.072300
vt 0.480642 0.071527
vt 0.479910 0.071523
vt 0.473393 0.071488
vt 0.472705 0.071484
vt 0.425940 0.071234
vt 0.425412 0.071231
vt 0.418876 0.071196
vt 0.418143 0.071192
vt 0.375000 0.070961
vt 0.625000 0.070961
vt 0.625609 0.070961
vt 0.638793 0.070961
vt 0.639536 0.070961
vt 0.639903 0.070961
vt 0.695463 0.070961
vt 0.704706 0.070961
vt 0.712018 0.070961
vt 0.757897 0.070961
vt 0.767680 0.070961
vt 0.824813 0.070961
vt 0.831740 0.070961
vt 0.853915 0.070961
vt 0.872764 0.070961
vt 0.625000 0.679039
vt 0.875000 0.070961
vt 0.125000 0.093199
vt 0.375000 0.656801
vt 0.127236 0.093199
vt 0.146085 0.093199
vt 0.168260 0.093199
vt 0.175187 0.093199
vt 0.232320 0.093199
vt 0.242103 0.093199
vt 0.287982 0.093199
vt 0.295294 0.093199
vt 0.304537 0.093199
vt 0.360097 0.093199
vt 0.360464 0.093199
vt 0.409229 0.093203
vt 0.410057 0.093203
vt 0.417445 0.093204
vt 0.418041 0.093204
vt 0.470899 0.093208
vt 0.471677 0.093208
vt 0.479043 0.093209
vt 0.479870 0.093209
vt 0.643037 0.093222
vt 0.643386 0.093222
vt 0.696262 0.093222
vt 0.705059 0.093222
vt 0.712018 0.093222
vt 0.757897 0.093222
vt 0.767680 0.093222
vt 0.824813 0.093222
vt 0.831740 0.093222
vt 0.853915 0.093222
vt 0.872764 0.093222
vt 0.625000 0.656778
vt 0.875000 0.093222
vt 0.125000 0.093222
vt 0.375000 0.656778
vt 0.127236 0.093222
vt 0.146085 0.093222
vt 0.168260 0.093222
vt 0.175187 0.093222
vt 0.232320 0.093222
vt 0.242103 0.093222
vt 0.287982 0.093222
vt 0.294941 0.093222
vt 0.303738 0.093222
vt 0.356614 0.093222
vt 0.356963 0.093222
vt 0.357885 0.093222
vt 0.374244 0.093222
vt 0.375000 0.093222
vt 0.625000 0.093222
vt 0.480642 0.093209
vt 0.479910 0.093209
vt 0.473393 0.093208
vt 0.472705 0.093208
vt 0.425940 0.093204
vt 0.425412 0.093204
vt 0.418876 0.093203
vt 0.418143 0.093203
vt 0.375000 0.093199
vt 0.625000 0.093199
vt 0.625609 0.093199
vt 0.638793 0.093199
vt 0.639536 0.093199
vt 0.639903 0.093199
vt 0.695463 0.093199
vt 0.704706 0.093199
vt 0.712018 0.093199
vt 0.757897 0.093199
vt 0.767680 0.093199
vt 0.824813 0.093199
vt 0.831740 0.093199
vt 0.853915 0.093199
vt 0.872764 0.093199
vt 0.625000 0.656801
vt 0.875000 0.093199
vt 0.266434 0.090864
vt 0.281069 0.090864
vt 0.285640 0.090864
vt 0.323345 0.090864
vt 0.329801 0.090864
vt 0.360079 0.090864
vt 0.364965 0.090864
vt 0.371141 0.090864
vt 0.408263 0.090864
vt 0.408509 0.090864
vt 0.408509 0.093203
vt 0.408509 0.124049
vt 0.408509 0.247855
vt 0.408509 0.248982
vt 0.408509 0.250000
vt 0.417506 0.265131
vt 0.417506 0.264358
vt 0.417506 0.250634
vt 0.417506 0.250000
vt 0.417506 0.248982
vt 0.417506 0.247855
vt 0.417506 0.124049
vt 0.417506 0.093203
vt 0.417506 0.090864
vt 0.417506 0.073776
vt 0.417506 0.071188
vt 0.417506 0.002915
vt 0.417506 0.001064
vt 0.417506 0.000000
vt 0.417506 1.000000
vt 0.417506 0.999366
vt 0.417506 0.985642
vt 0.417506 0.984869
vt 0.417506 0.984504
vt 0.417506 0.929401
vt 0.417506 0.920234
vt 0.417506 0.912982
vt 0.417506 0.867103
vt 0.417506 0.857320
vt 0.417506 0.800187
vt 0.417506 0.793260
vt 0.417506 0.771085
vt 0.417506 0.752236
vt 0.417506 0.750000
vt 0.417506 0.748936
vt 0.417506 0.747085
vt 0.252519 0.002915
vt 0.360079 0.002915
vt 0.408509 0.002915
vt 0.408509 0.071188
vt 0.408509 0.073776
vt 0.360079 0.073776
vt 0.252519 0.073776
vt 0.417506 0.676224
vt 0.417506 0.659136
vt 0.252519 0.090864
vt 0.253995 0.090864
vt 0.292267 0.090865
vt 0.305283 0.090865
vt 0.309349 0.090865
vt 0.342883 0.090865
vt 0.348625 0.090865
vt 0.375555 0.090865
vt 0.379919 0.090865
vt 0.385437 0.090865
vt 0.418602 0.090865
vt 0.418821 0.090865
vt 0.418821 0.093204
vt 0.418821 0.124049
vt 0.418821 0.247855
vt 0.418821 0.248982
vt 0.418821 0.250000
vt 0.426630 0.265259
vt 0.426630 0.264479
vt 0.426630 0.250639
vt 0.426630 0.250000
vt 0.426630 0.248982
vt 0.426630 0.247855
vt 0.426630 0.124049
vt 0.426630 0.093204
vt 0.426630 0.090865
vt 0.426630 0.073827
vt 0.426630 0.071237
vt 0.426630 0.002920
vt 0.426630 0.001066
vt 0.426630 0.000000
vt 0.426630 1.000000
vt 0.426630 0.999361
vt 0.426630 0.985521
vt 0.426630 0.984741
vt 0.426630 0.984377
vt 0.426630 0.929372
vt 0.426630 0.920221
vt 0.426630 0.912982
vt 0.426630 0.867103
vt 0.426630 0.857320
vt 0.426630 0.800187
vt 0.426630 0.793260
vt 0.426630 0.771085
vt 0.426630 0.752236
vt 0.426630 0.750000
vt 0.426630 0.748934
vt 0.426630 0.747080
vt 0.279891 0.002920
vt 0.375555 0.002920
vt 0.418821 0.002920
vt 0.418821 0.071237
vt 0.418821 0.073827
vt 0.375555 0.073827
vt 0.279891 0.073827
vt 0.426630 0.676174
vt 0.426630 0.659135
vt 0.279891 0.090865
vt 0.281203 0.090865
vt 0.420777 0.090869
vt 0.425741 0.090869
vt 0.427291 0.090869
vt 0.440080 0.090869
vt 0.442270 0.090869
vt 0.452540 0.090869
vt 0.454314 0.090869
vt 0.456556 0.090869
vt 0.470035 0.090869
vt 0.470124 0.090869
vt 0.470124 0.093208
vt 0.470124 0.124049
vt 0.470124 0.247855
vt 0.470124 0.248982
vt 0.470124 0.250000
vt 0.472019 0.265895
vt 0.472019 0.265082
vt 0.472019 0.250666
vt 0.472019 0.250000
vt 0.472019 0.248982
vt 0.472019 0.247855
vt 0.472019 0.124049
vt 0.472019 0.093208
vt 0.472019 0.090869
vt 0.472019 0.074078
vt 0.472019 0.071480
vt 0.472019 0.002947
vt 0.472019 0.001076
vt 0.472019 0.000000
vt 0.472019 1.000000
vt 0.472019 0.999334
vt 0.472019 0.984918
vt 0.472019 0.984105
vt 0.472019 0.983745
vt 0.472019 0.929227
vt 0.472019 0.920157
vt 0.472019 0.912982
vt 0.472019 0.867103
vt 0.472019 0.857320
vt 0.472019 0.800187
vt 0.472019 0.793260
vt 0.472019 0.771085
vt 0.472019 0.752236
vt 0.472019 0.750000
vt 0.472019 0.748924
vt 0.472019 0.747053
vt 0.416057 0.002947
vt 0.452540 0.002947
vt 0.470124 0.002947
vt 0.470124 0.071480
vt 0.470124 0.074078
vt 0.452540 0.074078
vt 0.416057 0.074078
vt 0.472019 0.675922
vt 0.472019 0.659131
vt 0.416057 0.090869
vt 0.416558 0.090869
vt 0.447063 0.090870
vt 0.450380 0.090870
vt 0.450380 0.090870
vt 0.451416 0.090870
vt 0.451416 0.090870
vt 0.459961 0.090870
vt 0.459961 0.090870
vt 0.459961 0.090870
vt 0.461425 0.090870
vt 0.461425 0.090870
vt 0.461425 0.090870
vt 0.468287 0.090870
vt 0.469531 0.090870
vt 0.469531 0.090870
vt 0.469531 0.090870
vt 0.469531 0.090870
vt 0.471103 0.090870
vt 0.471103 0.090870
vt 0.471103 0.090870
vt 0.471103 0.090870
vt 0.480555 0.090870
vt 0.480617 0.090870
vt 0.480617 0.093209
vt 0.480617 0.124049
vt 0.480617 0.247855
vt 0.480617 0.248982
vt 0.480617 0.250000
vt 0.481303 0.266025
vt 0.481303 0.265206
vt 0.481303 0.250671
vt 0.481303 0.250000
vt 0.481303 0.248982
vt 0.481303 0.247855
vt 0.481303 0.124049
vt 0.481303 0.093209
vt 0.481303 0.090870
vt 0.481303 0.074129
vt 0.481303 0.071530
vt 0.481303 0.002952
vt 0.481303 0.001078
vt 0.481303 0.000000
vt 0.481303 1.000000
vt 0.481303 0.999329
vt 0.481303 0.984794
vt 0.481303 0.983975
vt 0.481303 0.983616
vt 0.481303 0.929197
vt 0.481303 0.920144
vt 0.481303 0.912982
vt 0.481303 0.867103
vt 0.481303 0.857320
vt 0.481303 0.800187
vt 0.481303 0.793260
vt 0.481303 0.771085
vt 0.481303 0.752236
vt 0.481303 0.750000
vt 0.481303 0.748922
vt 0.481303 0.747048
vt 0.443909 0.002952
vt 0.468287 0.002952
vt 0.480617 0.002952
vt 0.480617 0.071530
vt 0.480617 0.074129
vt 0.468287 0.074129
vt 0.443909 0.074129
vt 0.481303 0.675871
vt 0.481303 0.659130
vt 0.443909 0.090870
vt 0.444243 0.090870
vt 0.851431 0.090884
vt 0.829411 0.090884
vt 0.829411 0.090884
vt 0.822533 0.090884
vt 0.822533 0.090884
vt 0.765801 0.090884
vt 0.765801 0.090884
vt 0.765801 0.090884
vt 0.756087 0.090884
vt 0.756087 0.090884
vt 0.756087 0.090884
vt 0.710529 0.090884
vt 0.703621 0.090884
vt 0.703621 0.090884
vt 0.703621 0.090884
vt 0.703621 0.090884
vt 0.694888 0.090884
vt 0.694888 0.090884
vt 0.694888 0.090884
vt 0.694888 0.090884
vt 0.642392 0.090884
vt 0.642045 0.090884
vt 0.642045 0.093222
vt 0.642045 0.124049
vt 0.642045 0.247855
vt 0.642045 0.248982
vt 0.642045 0.250000
vt 0.624123 0.268025
vt 0.624123 0.267103
vt 0.624123 0.250755
vt 0.624123 0.250000
vt 0.624123 0.248982
vt 0.624123 0.247855
vt 0.624123 0.124049
vt 0.624123 0.093222
vt 0.624123 0.090884
vt 0.624123 0.074920
vt 0.624123 0.072295
vt 0.624123 0.003036
vt 0.624123 0.001108
vt 0.624123 0.000000
vt 0.624123 1.000000
vt 0.624123 0.999245
vt 0.624123 0.982897
vt 0.624123 0.981975
vt 0.624123 0.981626
vt 0.624123 0.928740
vt 0.624123 0.919942
vt 0.624123 0.912982
vt 0.624123 0.867103
vt 0.624123 0.857320
vt 0.624123 0.800187
vt 0.624123 0.793260
vt 0.624123 0.771085
vt 0.624123 0.752236
vt 0.624123 0.750000
vt 0.624123 0.748892
vt 0.624123 0.746964
vt 0.872368 0.003036
vt 0.710529 0.003036
vt 0.642045 0.003036
vt 0.642045 0.072295
vt 0.642045 0.074920
vt 0.710529 0.074920
vt 0.872368 0.074920
vt 0.624123 0.675080
vt 0.624123 0.659116
vt 0.872368 0.090884
vt 0.870147 0.090884
vt 0.829411 0.090884
vt 0.450380 0.090870
vt 0.448624 0.090870
vt 0.449697 0.090870
vt 0.451416 0.090870
vt 0.822533 0.090884
vt 0.824813 0.090884
vt 0.831740 0.090884
vt 0.765801 0.090884
vt 0.459961 0.090870
vt 0.458545 0.090870
vt 0.460060 0.090870
vt 0.461425 0.090870
vt 0.756087 0.090884
vt 0.757897 0.090884
vt 0.767680 0.090884
vt 0.703621 0.090884
vt 0.469531 0.090870
vt 0.468447 0.090870
vt 0.470067 0.090870
vt 0.471103 0.090870
vt 0.694888 0.090884
vt 0.696262 0.090884
vt 0.705059 0.090884
vt 0.125000 0.004132
vt 0.375000 0.745868
vt 0.287982 0.004132
vt 0.360464 0.004132
vt 0.408509 0.004161
vt 0.409229 0.004161
vt 0.410057 0.004162
vt 0.417445 0.004166
vt 0.418041 0.004166
vt 0.418821 0.004167
vt 0.470124 0.004197
vt 0.470899 0.004198
vt 0.471677 0.004198
vt 0.479043 0.004203
vt 0.479870 0.004203
vt 0.480617 0.004204
vt 0.642045 0.004300
vt 0.643037 0.004300
vt 0.712018 0.004300
vt 0.625000 0.745700
vt 0.875000 0.004300
vt 0.125000 0.004300
vt 0.375000 0.745700
vt 0.127236 0.004300
vt 0.146085 0.004300
vt 0.168260 0.004300
vt 0.175187 0.004300
vt 0.232320 0.004300
vt 0.242103 0.004300
vt 0.287982 0.004300
vt 0.294941 0.004300
vt 0.303738 0.004300
vt 0.356614 0.004300
vt 0.356963 0.004300
vt 0.357885 0.004300
vt 0.374244 0.004300
vt 0.375000 0.004300
vt 0.625000 0.004300
vt 0.624123 0.004300
vt 0.481303 0.004204
vt 0.480642 0.004203
vt 0.479910 0.004203
vt 0.473393 0.004198
vt 0.472705 0.004198
vt 0.472019 0.004197
vt 0.426630 0.004167
vt 0.425940 0.004166
vt 0.425412 0.004166
vt 0.418876 0.004162
vt 0.418143 0.004161
vt 0.417506 0.004161
vt 0.375000 0.004132
vt 0.625000 0.004132
vt 0.625609 0.004132
vt 0.638793 0.004132
vt 0.639536 0.004132
vt 0.639903 0.004132
vt 0.695463 0.004132
vt 0.704706 0.004132
vt 0.712018 0.004132
vt 0.757897 0.004132
vt 0.767680 0.004132
vt 0.824813 0.004132
vt 0.831740 0.004132
vt 0.853915 0.004132
vt 0.872764 0.004132
vt 0.625000 0.745868
vt 0.875000 0.004132
vt 0.125000 0.069659
vt 0.375000 0.680341
vt 0.287982 0.069659
vt 0.360464 0.069659
vt 0.408509 0.069883
vt 0.409229 0.069886
vt 0.410057 0.069890
vt 0.417445 0.069925
vt 0.418041 0.069927
vt 0.418821 0.069931
vt 0.470124 0.070170
vt 0.470899 0.070174
vt 0.471677 0.070177
vt 0.479043 0.070211
vt 0.479870 0.070215
vt 0.480617 0.070219
vt 0.642045 0.070971
vt 0.643037 0.070975
vt 0.712018 0.070975
vt 0.625000 0.679025
vt 0.875000 0.070975
vt 0.125000 0.070975
vt 0.375000 0.679025
vt 0.127236 0.070975
vt 0.146085 0.070975
vt 0.168260 0.070975
vt 0.175187 0.070975
vt 0.232320 0.070975
vt 0.242103 0.070975
vt 0.287982 0.070975
vt 0.294941 0.070975
vt 0.303738 0.070975
vt 0.356614 0.070975
vt 0.356963 0.070975
vt 0.357885 0.070975
vt 0.374244 0.070975
vt 0.375000 0.070975
vt 0.625000 0.070975
vt 0.624123 0.070971
vt 0.481303 0.070219
vt 0.480642 0.070215
vt 0.479910 0.070211
vt 0.473393 0.070177
vt 0.472705 0.070174
vt 0.472019 0.070170
vt 0.426630 0.069931
vt 0.425940 0.069927
vt 0.425412 0.069925
vt 0.418876 0.069890
vt 0.418143 0.069886
vt 0.417506 0.069883
vt 0.375000 0.069659
vt 0.625000 0.069659
vt 0.625609 0.069659
vt 0.638793 0.069659
vt 0.639536 0.069659
vt 0.639903 0.069659
vt 0.695463 0.069659
vt 0.704706 0.069659
vt 0.712018 0.069659
vt 0.757897 0.069659
vt 0.767680 0.069659
vt 0.824813 0.069659
vt 0.831740 0.069659
vt 0.853915 0.069659
vt 0.872764 0.069659
vt 0.625000 0.680341
vt 0.875000 0.069659
vt 0.401188 0.679039
vt 0.401188 0.676459
vt 0.401188 0.659140
vt 0.401188 0.656801
vt 0.401188 0.625951
vt 0.401188 0.502145
vt 0.401188 0.501018
vt 0.401188 0.500000
vt 0.401188 0.497764
vt 0.401188 0.478915
vt 0.401188 0.456740
vt 0.401188 0.449813
vt 0.401188 0.392680
vt 0.401188 0.382897
vt 0.401188 0.337018
vt 0.401188 0.329706
vt 0.401188 0.320463
vt 0.401188 0.264903
vt 0.401188 0.264536
vt 0.401188 0.263793
vt 0.401188 0.250609
vt 0.401188 0.250000
vt 0.401188 0.248982
vt 0.401188 0.247855
vt 0.401188 0.124049
vt 0.401188 0.093199
vt 0.401188 0.090860
vt 0.401188 0.073541
vt 0.401188 0.070961
vt 0.401188 0.069659
vt 0.401188 0.004132
vt 0.401188 0.002890
vt 0.401188 0.001055
vt 0.401188 0.000000
vt 0.401188 1.000000
vt 0.401188 0.999391
vt 0.401188 0.986207
vt 0.401188 0.985464
vt 0.401188 0.985097
vt 0.401188 0.929537
vt 0.401188 0.920294
vt 0.401188 0.912982
vt 0.401188 0.867103
vt 0.401188 0.857320
vt 0.401188 0.800187
vt 0.401188 0.793260
vt 0.401188 0.771085
vt 0.401188 0.752236
vt 0.401188 0.750000
vt 0.401188 0.748945
vt 0.401188 0.747110
vt 0.401188 0.745868
vt 0.401188 0.680341
vt 0.607271 0.679039
vt 0.607271 0.676459
vt 0.607271 0.659140
vt 0.607271 0.656801
vt 0.607271 0.625951
vt 0.607271 0.502145
vt 0.607271 0.501018
vt 0.607271 0.500000
vt 0.607271 0.497764
vt 0.607271 0.478915
vt 0.607271 0.456740
vt 0.607271 0.449813
vt 0.607271 0.392680
vt 0.607271 0.382897
vt 0.607271 0.337018
vt 0.607271 0.329706
vt 0.607271 0.320463
vt 0.607271 0.264903
vt 0.607271 0.264536
vt 0.607271 0.263793
vt 0.607271 0.250609
vt 0.607271 0.250000
vt 0.607271 0.248982
vt 0.607271 0.247855
vt 0.607271 0.124049
vt 0.607271 0.093199
vt 0.607271 0.090860
vt 0.607271 0.073541
vt 0.607271 0.070961
vt 0.607271 0.069659
vt 0.607271 0.004132
vt 0.607271 0.002890
vt 0.607271 0.001055
vt 0.607271 0.000000
vt 0.607271 1.000000
vt 0.607271 0.999391
vt 0.607271 0.986207
vt 0.607271 0.985464
vt 0.607271 0.985097
vt 0.607271 0.929537
vt 0.607271 0.920294
vt 0.607271 0.912982
vt 0.607271 0.867103
vt 0.607271 0.857320
vt 0.607271 0.800187
vt 0.607271 0.793260
vt 0.607271 0.771085
vt 0.607271 0.752236
vt 0.607271 0.750000
vt 0.607271 0.748945
vt 0.607271 0.747110
vt 0.607271 0.745868
vt 0.607271 0.680341
vt 0.391356 0.659116
vt 0.391356 0.656778
vt 0.391356 0.625951
vt 0.391356 0.502145
vt 0.391356 0.501018
vt 0.391356 0.500000
vt 0.391356 0.497764
vt 0.391356 0.478915
vt 0.391356 0.456740
vt 0.391356 0.449813
vt 0.391356 0.392680
vt 0.391356 0.382897
vt 0.391356 0.337018
vt 0.391356 0.330059
vt 0.391356 0.321262
vt 0.391356 0.268386
vt 0.391356 0.268037
vt 0.391356 0.267115
vt 0.391356 0.250756
vt 0.391356 0.250000
vt 0.391356 0.248982
vt 0.391356 0.247855
vt 0.391356 0.124049
vt 0.391356 0.093222
vt 0.391356 0.090884
vt 0.391356 0.074925
vt 0.391356 0.072300
vt 0.391356 0.070975
vt 0.391356 0.004300
vt 0.391356 0.003036
vt 0.391356 0.001108
vt 0.391356 0.000000
vt 0.391356 1.000000
vt 0.391356 0.999244
vt 0.391356 0.982885
vt 0.391356 0.981963
vt 0.391356 0.981614
vt 0.391356 0.928738
vt 0.391356 0.919941
vt 0.391356 0.912982
vt 0.391356 0.867103
vt 0.391356 0.857320
vt 0.391356 0.800187
vt 0.391356 0.793260
vt 0.391356 0.771085
vt 0.391356 0.752236
vt 0.391356 0.750000
vt 0.391356 0.748892
vt 0.391356 0.746964
vt 0.391356 0.745700
vt 0.391356 0.679025
vt 0.391356 0.677700
vt 0.391356 0.675075
vt 0.600658 0.656778
vt 0.600658 0.625951
vt 0.600658 0.502145
vt 0.600658 0.501018
vt 0.600658 0.500000
vt 0.600658 0.497764
vt 0.600658 0.478915
vt 0.600658 0.456740
vt 0.600658 0.449813
vt 0.600658 0.392680
vt 0.600658 0.382897
vt 0.600658 0.337018
vt 0.600658 0.330059
vt 0.600658 0.321262
vt 0.600658 0.268386
vt 0.600658 0.268037
vt 0.600658 0.267115
vt 0.600658 0.250756
vt 0.600658 0.250000
vt 0.600658 0.248982
vt 0.600658 0.247855
vt 0.600658 0.124049
vt 0.600658 0.093222
vt 0.600658 0.090884
vt 0.600658 0.074925
vt 0.600658 0.072300
vt 0.600658 0.070975
vt 0.600658 0.004300
vt 0.600658 0.003036
vt 0.600658 0.001108
vt 0.600658 0.000000
vt 0.600658 1.000000
vt 0.600658 0.999244
vt 0.600658 0.982885
vt 0.600658 0.981963
vt 0.600658 0.981614
vt 0.600658 0.928738
vt 0.600658 0.919941
vt 0.600658 0.912982
vt 0.600658 0.867103
vt 0.600658 0.857320
vt 0.600658 0.800187
vt 0.600658 0.793260
vt 0.600658 0.771085
vt 0.600658 0.752236
vt 0.600658 0.750000
vt 0.600658 0.748892
vt 0.600658 0.746964
vt 0.600658 0.745700
vt 0.600658 0.679025
vt 0.600658 0.677700
vt 0.600658 0.675075
vt 0.600658 0.659116
vt 0.417506 0.675575
vt 0.375000 0.675802
vt 0.401188 0.675802
vt 0.607271 0.675802
vt 0.625000 0.675802
vt 0.875000 0.074198
vt 0.872764 0.074198
vt 0.853915 0.074198
vt 0.831740 0.074198
vt 0.824813 0.074198
vt 0.767680 0.074198
vt 0.757897 0.074198
vt 0.712018 0.074198
vt 0.704706 0.074198
vt 0.695463 0.074198
vt 0.639903 0.074198
vt 0.639536 0.074198
vt 0.638793 0.074198
vt 0.625609 0.074198
vt 0.625000 0.074198
vt 0.607271 0.074198
vt 0.401188 0.074198
vt 0.375000 0.074198
vt 0.417506 0.074425
vt 0.418143 0.074428
vt 0.418876 0.074432
vt 0.425412 0.074467
vt 0.425940 0.074470
vt 0.426630 0.074473
vt 0.472019 0.074715
vt 0.472705 0.074719
vt 0.473393 0.074723
vt 0.479910 0.074757
vt 0.480642 0.074761
vt 0.481303 0.074765
vt 0.624123 0.075526
vt 0.625000 0.075531
vt 0.600658 0.075531
vt 0.391356 0.075531
vt 0.375000 0.075531
vt 0.374244 0.075531
vt 0.357885 0.075531
vt 0.356963 0.075531
vt 0.356614 0.075531
vt 0.303738 0.075531
vt 0.294941 0.075531
vt 0.287982 0.075531
vt 0.242103 0.075531
vt 0.232320 0.075531
vt 0.175187 0.075531
vt 0.168260 0.075531
vt 0.146085 0.075531
vt 0.127236 0.075531
vt 0.125000 0.075531
vt 0.375000 0.674469
vt 0.391356 0.674469
vt 0.600658 0.674469
vt 0.625000 0.674469
vt 0.624123 0.674474
vt 0.481303 0.675235
vt 0.480642 0.675239
vt 0.479910 0.675243
vt 0.473393 0.675277
vt 0.472705 0.675281
vt 0.472019 0.675285
vt 0.426630 0.675527
vt 0.425940 0.675530
vt 0.425412 0.675533
vt 0.418876 0.675568
vt 0.418143 0.675572
vt 0.417506 0.660310
vt 0.375000 0.660330
vt 0.401188 0.660330
vt 0.607271 0.660330
vt 0.625000 0.660330
vt 0.875000 0.089670
vt 0.872764 0.089670
vt 0.853915 0.089670
vt 0.831740 0.089670
vt 0.824813 0.089670
vt 0.767680 0.089670
vt 0.757897 0.089670
vt 0.712018 0.089670
vt 0.704706 0.089670
vt 0.695463 0.089670
vt 0.639903 0.089670
vt 0.639536 0.089670
vt 0.638793 0.089670
vt 0.625609 0.089670
vt 0.625000 0.089670
vt 0.607271 0.089670
vt 0.401188 0.089670
vt 0.375000 0.089670
vt 0.417506 0.089690
vt 0.418143 0.089690
vt 0.418876 0.089690
vt 0.425412 0.089693
vt 0.425940 0.089694
vt 0.426630 0.089694
vt 0.472019 0.089715
vt 0.472705 0.089716
vt 0.473393 0.089716
vt 0.479910 0.089719
vt 0.480642 0.089719
vt 0.481303 0.089720
vt 0.624123 0.089787
vt 0.625000 0.089787
vt 0.600658 0.089787
vt 0.391356 0.089787
vt 0.375000 0.089787
vt 0.374244 0.089787
vt 0.357885 0.089787
vt 0.356963 0.089787
vt 0.356614 0.089787
vt 0.303738 0.089787
vt 0.294941 0.089787
vt 0.287982 0.089787
vt 0.242103 0.089787
vt 0.232320 0.089787
vt 0.175187 0.089787
vt 0.168260 0.089787
vt 0.146085 0.089787
vt 0.127236 0.089787
vt 0.125000 0.089787
vt 0.375000 0.660213
vt 0.391356 0.660213
vt 0.600658 0.660213
vt 0.625000 0.660213
vt 0.624123 0.660213
vt 0.481303 0.660280
vt 0.480642 0.660281
vt 0.479910 0.660281
vt 0.473393 0.660284
vt 0.472705 0.660284
vt 0.472019 0.660285
vt 0.426630 0.660306
vt 0.425940 0.660306
vt 0.425412 0.660307
vt 0.418876 0.660310
vt 0.418143 0.660310
vt 0.625000 0.625499
vt 0.875000 0.124501
vt 0.607271 0.625499
vt 0.401188 0.625499
vt 0.125000 0.124501
vt 0.375000 0.625499
vt 0.127236 0.124501
vt 0.146085 0.124501
vt 0.168260 0.124501
vt 0.175187 0.124501
vt 0.232320 0.124501
vt 0.242103 0.124501
vt 0.287982 0.124501
vt 0.295294 0.124501
vt 0.304537 0.124501
vt 0.360097 0.124501
vt 0.360464 0.124501
vt 0.408509 0.124501
vt 0.409229 0.124501
vt 0.410057 0.124501
vt 0.417445 0.124501
vt 0.418041 0.124501
vt 0.418821 0.124501
vt 0.470124 0.124501
vt 0.470899 0.124501
vt 0.471677 0.124501
vt 0.479043 0.124501
vt 0.479870 0.124501
vt 0.480617 0.124501
vt 0.642045 0.124501
vt 0.643037 0.124501
vt 0.643386 0.124501
vt 0.696262 0.124501
vt 0.705059 0.124501
vt 0.712018 0.124501
vt 0.757897 0.124501
vt 0.767680 0.124501
vt 0.824813 0.124501
vt 0.831740 0.124501
vt 0.853915 0.124501
vt 0.872764 0.124501
vt 0.625000 0.625499
vt 0.875000 0.124501
vt 0.600658 0.625499
vt 0.391356 0.625499
vt 0.125000 0.124501
vt 0.375000 0.625499
vt 0.127236 0.124501
vt 0.146085 0.124501
vt 0.168260 0.124501
vt 0.175187 0.124501
vt 0.232320 0.124501
vt 0.242103 0.124501
vt 0.287982 0.124501
vt 0.294941 0.124501
vt 0.303738 0.124501
vt 0.356614 0.124501
vt 0.356963 0.124501
vt 0.357885 0.124501
vt 0.374244 0.124501
vt 0.375000 0.124501
vt 0.391356 0.124501
vt 0.600658 0.124501
vt 0.625000 0.124501
vt 0.624123 0.124501
vt 0.481303 0.124501
vt 0.480642 0.124501
vt 0.479910 0.124501
vt 0.473393 0.124501
vt 0.472705 0.124501
vt 0.472019 0.124501
vt 0.426630 0.124501
vt 0.425940 0.124501
vt 0.425412 0.124501
vt 0.418876 0.124501
vt 0.418143 0.124501
vt 0.417506 0.124501
vt 0.375000 0.124501
vt 0.401188 0.124501
vt 0.607271 0.124501
vt 0.625000 0.124501
vt 0.625609 0.124501
vt 0.638793 0.124501
vt 0.639536 0.124501
vt 0.639903 0.124501
vt 0.695463 0.124501
vt 0.704706 0.124501
vt 0.712018 0.124501
vt 0.757897 0.124501
vt 0.767680 0.124501
vt 0.824813 0.124501
vt 0.831740 0.124501
vt 0.853915 0.124501
vt 0.872764 0.124501
vt 0.625000 0.626364
vt 0.875000 0.123636
vt 0.607271 0.626364
vt 0.401188 0.626364
vt 0.125000 0.123636
vt 0.375000 0.626364
vt 0.127236 0.123636
vt 0.146085 0.123636
vt 0.168260 0.123636
vt 0.175187 0.123636
vt 0.232320 0.123636
vt 0.242103 0.123636
vt 0.287982 0.123636
vt 0.295294 0.123636
vt 0.304537 0.123636
vt 0.360097 0.123636
vt 0.360464 0.123636
vt 0.408509 0.123636
vt 0.409229 0.123636
vt 0.410057 0.123636
vt 0.417445 0.123636
vt 0.418041 0.123636
vt 0.418821 0.123636
vt 0.470124 0.123637
vt 0.470899 0.123637
vt 0.471677 0.123637
vt 0.479043 0.123637
vt 0.479870 0.123637
vt 0.480617 0.123637
vt 0.642045 0.123637
vt 0.643037 0.123637
vt 0.643386 0.123637
vt 0.696262 0.123637
vt 0.705059 0.123637
vt 0.712018 0.123637
vt 0.757897 0.123637
vt 0.767680 0.123637
vt 0.824813 0.123637
vt 0.831740 0.123637
vt 0.853915 0.123637
vt 0.872764 0.123637
vt 0.625000 0.626363
vt 0.875000 0.123637
vt 0.600658 0.626363
vt 0.391356 0.626363
vt 0.125000 0.123637
vt 0.375000 0.626363
vt 0.127236 0.123637
vt 0.146085 0.123637
vt 0.168260 0.123637
vt 0.175187 0.123637
vt 0.232320 0.123637
vt 0.242103 0.123637
vt 0.287982 0.123637
vt 0.294941 0.123637
vt 0.303738 0.123637
vt 0.356614 0.123637
vt 0.356963 0.123637
vt 0.357885 0.123637
vt 0.374244 0.123637
vt 0.375000 0.123637
vt 0.391356 0.123637
vt 0.600658 0.123637
vt 0.625000 0.123637
vt 0.624123 0.123637
vt 0.481303 0.123637
vt 0.480642 0.123637
vt 0.479910 0.123637
vt 0.473393 0.123637
vt 0.472705 0.123637
vt 0.472019 0.123637
vt 0.426630 0.123636
vt 0.425940 0.123636
vt 0.425412 0.123636
vt 0.418876 0.123636
vt 0.418143 0.123636
vt 0.417506 0.123636
vt 0.375000 0.123636
vt 0.401188 0.123636
vt 0.607271 0.123636
vt 0.625000 0.123636
vt 0.625609 0.123636
vt 0.638793 0.123636
vt 0.639536 0.123636
vt 0.639903 0.123636
vt 0.695463 0.123636
vt 0.704706 0.123636
vt 0.712018 0.123636
vt 0.757897 0.123636
vt 0.767680 0.123636
vt 0.824813 0.123636
vt 0.831740 0.123636
vt 0.853915 0.123636
vt 0.872764 0.123636
vt 0.830639 0.090884
vt 0.450195 0.090870
vt 0.448433 0.090870
vt 0.409720 0.090864
vt 0.409720 0.090864
vt 0.409720 0.090864
vt 0.409720 0.090864
vt 0.448433 0.090870
vt 0.446484 0.090870
vt 0.429124 0.090869
vt 0.427291 0.090869
vt 0.407161 0.090864
vt 0.407161 0.090864
vt 0.407161 0.090864
vt 0.407161 0.090864
vt 0.427291 0.090869
vt 0.425464 0.090869
vt 0.304557 0.090865
vt 0.302718 0.090865
vt 0.429769 0.090869
vt 0.429769 0.090869
vt 0.429769 0.090869
vt 0.429769 0.090869
vt 0.302718 0.090865
vt 0.301312 0.090864
vt 0.283901 0.090864
vt 0.281950 0.090864
vt 0.341728 0.090865
vt 0.341728 0.090865
vt 0.341728 0.090865
vt 0.341728 0.090865
vt 0.281950 0.090864
vt 0.280253 0.090864
vt 0.167024 0.090860
vt 0.167024 0.093199
vt 0.167024 0.123636
vt 0.167024 0.124049
vt 0.167024 0.124501
vt 0.167024 0.247855
vt 0.167024 0.248982
vt 0.167024 0.250000
vt 0.375000 0.457976
vt 0.401188 0.457976
vt 0.607271 0.457976
vt 0.625000 0.457976
vt 0.832976 0.250000
vt 0.832976 0.248982
vt 0.832976 0.247855
vt 0.832976 0.124501
vt 0.832976 0.124049
vt 0.832976 0.123636
vt 0.832976 0.093199
vt 0.832976 0.090860
vt 0.832976 0.089670
vt 0.832976 0.074198
vt 0.832976 0.073541
vt 0.832976 0.070961
vt 0.832976 0.069659
vt 0.832976 0.004132
vt 0.832976 0.002890
vt 0.832976 0.001055
vt 0.625000 0.792024
vt 0.832976 0.000000
vt 0.607271 0.792024
vt 0.401188 0.792024
vt 0.375000 0.792024
vt 0.417506 0.792024
vt 0.418143 0.792024
vt 0.418876 0.792024
vt 0.425412 0.792024
vt 0.425940 0.792024
vt 0.426630 0.792024
vt 0.472019 0.792024
vt 0.472705 0.792024
vt 0.473393 0.792024
vt 0.479910 0.792024
vt 0.480642 0.792024
vt 0.481303 0.792024
vt 0.624123 0.792024
vt 0.625000 0.792024
vt 0.600658 0.792024
vt 0.391356 0.792024
vt 0.167024 0.000000
vt 0.375000 0.792024
vt 0.167024 0.001108
vt 0.167024 0.003036
vt 0.167024 0.004300
vt 0.167024 0.070975
vt 0.167024 0.072300
vt 0.167024 0.074925
vt 0.167024 0.075531
vt 0.167024 0.089787
vt 0.167024 0.090884
vt 0.167024 0.093222
vt 0.167024 0.123637
vt 0.167024 0.124049
vt 0.167024 0.124501
vt 0.167024 0.247855
vt 0.167024 0.248982
vt 0.167024 0.250000
vt 0.375000 0.457976
vt 0.391356 0.457976
vt 0.600658 0.457976
vt 0.625000 0.457976
vt 0.832976 0.250000
vt 0.832976 0.248982
vt 0.832976 0.247855
vt 0.832976 0.124501
vt 0.832976 0.124049
vt 0.832976 0.123637
vt 0.832976 0.093222
vt 0.832976 0.090884
vt 0.767055 0.090884
vt 0.459773 0.090870
vt 0.458350 0.090870
vt 0.303160 0.090865
vt 0.303160 0.090865
vt 0.303160 0.090865
vt 0.303160 0.090865
vt 0.458350 0.090870
vt 0.456776 0.090870
vt 0.442754 0.090869
vt 0.441273 0.090869
vt 0.282438 0.090864
vt 0.282438 0.090864
vt 0.282438 0.090864
vt 0.282438 0.090864
vt 0.441273 0.090869
vt 0.439798 0.090869
vt 0.342142 0.090865
vt 0.340657 0.090865
vt 0.378690 0.090865
vt 0.378690 0.090865
vt 0.378690 0.090865
vt 0.378690 0.090865
vt 0.340657 0.090865
vt 0.339521 0.090864
vt 0.325458 0.090864
vt 0.323882 0.090864
vt 0.365902 0.090864
vt 0.365902 0.090864
vt 0.365902 0.090864
vt 0.365902 0.090864
vt 0.323882 0.090864
vt 0.322512 0.090864
vt 0.231057 0.090860
vt 0.231057 0.093199
vt 0.231057 0.123636
vt 0.231057 0.124049
vt 0.231057 0.124501
vt 0.231057 0.247855
vt 0.231057 0.248982
vt 0.231057 0.250000
vt 0.375000 0.393943
vt 0.401188 0.393943
vt 0.607271 0.393943
vt 0.625000 0.393943
vt 0.768943 0.250000
vt 0.768943 0.248982
vt 0.768943 0.247855
vt 0.768943 0.124501
vt 0.768943 0.124049
vt 0.768943 0.123636
vt 0.768943 0.093199
vt 0.768943 0.090860
vt 0.768943 0.089670
vt 0.768943 0.074198
vt 0.768943 0.073541
vt 0.768943 0.070961
vt 0.768943 0.069659
vt 0.768943 0.004132
vt 0.768943 0.002890
vt 0.768943 0.001055
vt 0.625000 0.856057
vt 0.768943 0.000000
vt 0.607271 0.856057
vt 0.401188 0.856057
vt 0.375000 0.856057
vt 0.417506 0.856057
vt 0.418143 0.856057
vt 0.418876 0.856057
vt 0.425412 0.856057
vt 0.425940 0.856057
vt 0.426630 0.856057
vt 0.472019 0.856057
vt 0.472705 0.856057
vt 0.473393 0.856057
vt 0.479910 0.856057
vt 0.480642 0.856057
vt 0.481303 0.856057
vt 0.624123 0.856057
vt 0.625000 0.856057
vt 0.600658 0.856057
vt 0.391356 0.856057
vt 0.231057 0.000000
vt 0.375000 0.856057
vt 0.231057 0.001108
vt 0.231057 0.003036
vt 0.231057 0.004300
vt 0.231057 0.070975
vt 0.231057 0.072300
vt 0.231057 0.074925
vt 0.231057 0.075531
vt 0.231057 0.089787
vt 0.231057 0.090884
vt 0.231057 0.093222
vt 0.231057 0.123637
vt 0.231057 0.124049
vt 0.231057 0.124501
vt 0.231057 0.247855
vt 0.231057 0.248982
vt 0.231057 0.250000
vt 0.375000 0.393943
vt 0.391356 0.393943
vt 0.600658 0.393943
vt 0.625000 0.393943
vt 0.768943 0.250000
vt 0.768943 0.248982
vt 0.768943 0.247855
vt 0.768943 0.124501
vt 0.768943 0.124049
vt 0.768943 0.123637
vt 0.768943 0.093222
vt 0.768943 0.090884
vt 0.704525 0.090884
vt 0.469368 0.090870
vt 0.468279 0.090870
vt 0.448175 0.090870
vt 0.448175 0.090870
vt 0.448175 0.090870
vt 0.448175 0.090870
vt 0.468279 0.090870
vt 0.467075 0.090870
vt 0.456344 0.090869
vt 0.455211 0.090869
vt 0.426927 0.090869
vt 0.426927 0.090869
vt 0.426927 0.090869
vt 0.426927 0.090869
vt 0.455211 0.090869
vt 0.454082 0.090869
vt 0.379348 0.090865
vt 0.378211 0.090865
vt 0.383626 0.090865
vt 0.383626 0.090865
vt 0.383626 0.090865
vt 0.383626 0.090865
vt 0.378211 0.090865
vt 0.377342 0.090864
vt 0.366580 0.090864
vt 0.365374 0.090864
vt 0.371336 0.090864
vt 0.371336 0.090864
vt 0.371336 0.090864
vt 0.371336 0.090864
vt 0.365374 0.090864
vt 0.364325 0.090864
vt 0.294337 0.090860
vt 0.294337 0.093199
vt 0.294337 0.123636
vt 0.294337 0.124049
vt 0.294337 0.124501
vt 0.294337 0.247855
vt 0.294337 0.248982
vt 0.294337 0.250000
vt 0.375000 0.330663
vt 0.401188 0.330663
vt 0.607271 0.330663
vt 0.625000 0.330663
vt 0.705663 0.250000
vt 0.705663 0.248982
vt 0.705663 0.247855
vt 0.705663 0.124501
vt 0.705663 0.124049
vt 0.705663 0.123636
vt 0.705663 0.093199
vt 0.705663 0.090860
vt 0.705663 0.089670
vt 0.705663 0.074198
vt 0.705663 0.073541
vt 0.705663 0.070961
vt 0.705663 0.069659
vt 0.705663 0.004132
vt 0.705663 0.002890
vt 0.705663 0.001055
vt 0.625000 0.919337
vt 0.705663 0.000000
vt 0.607271 0.919337
vt 0.401188 0.919337
vt 0.375000 0.919337
vt 0.417506 0.919284
vt 0.418143 0.919284
vt 0.418876 0.919283
vt 0.425412 0.919275
vt 0.425940 0.919274
vt 0.426630 0.919273
vt 0.472019 0.919218
vt 0.472705 0.919217
vt 0.473393 0.919216
vt 0.479910 0.919208
vt 0.480642 0.919207
vt 0.481303 0.919206
vt 0.624123 0.919031
vt 0.625000 0.919030
vt 0.600658 0.919030
vt 0.391356 0.919030
vt 0.294030 0.000000
vt 0.375000 0.919030
vt 0.294030 0.001108
vt 0.294030 0.003036
vt 0.294030 0.004300
vt 0.294030 0.070975
vt 0.294030 0.072300
vt 0.294030 0.074925
vt 0.294030 0.075531
vt 0.294030 0.089787
vt 0.294030 0.090884
vt 0.294030 0.093222
vt 0.294030 0.123637
vt 0.294030 0.124049
vt 0.294030 0.124501
vt 0.294030 0.247855
vt 0.294030 0.248982
vt 0.294030 0.250000
vt 0.375000 0.330970
vt 0.391356 0.330970
vt 0.600658 0.330970
vt 0.625000 0.330970
vt 0.705970 0.250000
vt 0.705970 0.248982
vt 0.705970 0.247855
vt 0.705970 0.124501
vt 0.705970 0.124049
vt 0.705970 0.123637
vt 0.705970 0.093222
vt 0.705970 0.090884
vt 0.754609 0.090884
vt 0.461647 0.090870
vt 0.460291 0.090870
vt 0.460291 0.090870
vt 0.460291 0.090870
vt 0.460291 0.090870
vt 0.458790 0.090870
vt 0.445422 0.090869
vt 0.444010 0.090869
vt 0.444010 0.090869
vt 0.444010 0.090869
vt 0.444010 0.090869
vt 0.442603 0.090869
vt 0.349498 0.090865
vt 0.348082 0.090865
vt 0.323496 0.090864
vt 0.323496 0.090864
vt 0.323496 0.090864
vt 0.323496 0.090864
vt 0.348082 0.090865
vt 0.347000 0.090864
vt 0.333592 0.090864
vt 0.332090 0.090864
vt 0.458258 0.090870
vt 0.458258 0.090870
vt 0.458258 0.090870
vt 0.458258 0.090870
vt 0.332090 0.090864
vt 0.330783 0.090864
vt 0.243591 0.090860
vt 0.243591 0.093199
vt 0.243591 0.123636
vt 0.243591 0.124049
vt 0.243591 0.124501
vt 0.243591 0.247855
vt 0.243591 0.248982
vt 0.243591 0.250000
vt 0.375000 0.381409
vt 0.401188 0.381409
vt 0.607271 0.381409
vt 0.625000 0.381409
vt 0.756409 0.250000
vt 0.756409 0.248982
vt 0.756409 0.247855
vt 0.756409 0.124501
vt 0.756409 0.124049
vt 0.756409 0.123636
vt 0.756409 0.093199
vt 0.756409 0.090860
vt 0.756409 0.089670
vt 0.756409 0.074198
vt 0.756409 0.073541
vt 0.756409 0.070961
vt 0.756409 0.069659
vt 0.756409 0.004132
vt 0.756409 0.002890
vt 0.756409 0.001055
vt 0.625000 0.868590
vt 0.756409 0.000000
vt 0.607271 0.868591
vt 0.401188 0.868591
vt 0.375000 0.868590
vt 0.417506 0.868591
vt 0.418143 0.868590
vt 0.418876 0.868591
vt 0.425412 0.868591
vt 0.425940 0.868590
vt 0.426630 0.868591
vt 0.472019 0.868591
vt 0.472705 0.868590
vt 0.473393 0.868591
vt 0.479910 0.868591
vt 0.480642 0.868590
vt 0.481303 0.868591
vt 0.624123 0.868591
vt 0.625000 0.868590
vt 0.600658 0.868591
vt 0.391356 0.868591
vt 0.243591 0.000000
vt 0.375000 0.868590
vt 0.243591 0.001108
vt 0.243591 0.003036
vt 0.243591 0.004300
vt 0.243591 0.070975
vt 0.243591 0.072300
vt 0.243591 0.074925
vt 0.243591 0.075531
vt 0.243591 0.089787
vt 0.243591 0.090884
vt 0.243591 0.093222
vt 0.243591 0.123637
vt 0.243591 0.124049
vt 0.243591 0.124501
vt 0.243591 0.247855
vt 0.243591 0.248982
vt 0.243591 0.250000
vt 0.375000 0.381409
vt 0.391356 0.381409
vt 0.600658 0.381409
vt 0.625000 0.381409
vt 0.756409 0.250000
vt 0.756409 0.248982
vt 0.756409 0.247855
vt 0.756409 0.124501
vt 0.756409 0.124049
vt 0.756409 0.123637
vt 0.756409 0.093222
vt 0.756409 0.090884
vt 0.823835 0.090884
vt 0.823835 0.093222
vt 0.823835 0.123637
vt 0.823835 0.124049
vt 0.823835 0.124501
vt 0.823835 0.247855
vt 0.823835 0.248982
vt 0.625000 0.448835
vt 0.823835 0.250000
vt 0.600658 0.448835
vt 0.391356 0.448835
vt 0.176165 0.250000
vt 0.375000 0.448835
vt 0.176165 0.248982
vt 0.176165 0.247855
vt 0.176165 0.124501
vt 0.176165 0.124049
vt 0.176165 0.123637
vt 0.176165 0.093222
vt 0.176165 0.090884
vt 0.176165 0.089787
vt 0.176165 0.075531
vt 0.176165 0.074925
vt 0.176165 0.072300
vt 0.176165 0.070975
vt 0.176165 0.004300
vt 0.176165 0.003036
vt 0.176165 0.001108
vt 0.176165 0.000000
vt 0.375000 0.801165
vt 0.391356 0.801165
vt 0.600658 0.801165
vt 0.625000 0.801165
vt 0.624123 0.801165
vt 0.481303 0.801165
vt 0.480642 0.801165
vt 0.479910 0.801165
vt 0.473393 0.801165
vt 0.472705 0.801165
vt 0.472019 0.801165
vt 0.426630 0.801165
vt 0.425940 0.801165
vt 0.425412 0.801165
vt 0.418876 0.801165
vt 0.418143 0.801165
vt 0.417506 0.801165
vt 0.375000 0.801165
vt 0.401188 0.801165
vt 0.607271 0.801165
vt 0.625000 0.801165
vt 0.823835 0.000000
vt 0.823835 0.001055
vt 0.823835 0.002890
vt 0.823835 0.004132
vt 0.823835 0.069659
vt 0.823835 0.070961
vt 0.823835 0.073541
vt 0.823835 0.074198
vt 0.823835 0.089670
vt 0.823835 0.090860
vt 0.823835 0.093199
vt 0.823835 0.123636
vt 0.823835 0.124049
vt 0.823835 0.124501
vt 0.823835 0.247855
vt 0.823835 0.248982
vt 0.625000 0.448835
vt 0.823835 0.250000
vt 0.607271 0.448835
vt 0.401188 0.448835
vt 0.176165 0.250000
vt 0.375000 0.448835
vt 0.176165 0.248982
vt 0.176165 0.247855
vt 0.176165 0.124501
vt 0.176165 0.124049
vt 0.176165 0.123636
vt 0.176165 0.093199
vt 0.176165 0.090860
vt 0.286286 0.090864
vt 0.361243 0.090864
vt 0.287936 0.090864
vt 0.361243 0.090864
vt 0.361243 0.090864
vt 0.287936 0.090864
vt 0.361243 0.090864
vt 0.289833 0.090864
vt 0.306767 0.090864
vt 0.374459 0.090865
vt 0.308134 0.090865
vt 0.374459 0.090865
vt 0.374459 0.090865
vt 0.308134 0.090865
vt 0.374459 0.090865
vt 0.309923 0.090865
vt 0.427510 0.090869
vt 0.268486 0.090864
vt 0.429287 0.090869
vt 0.268486 0.090864
vt 0.268486 0.090864
vt 0.429287 0.090869
vt 0.268486 0.090864
vt 0.431070 0.090869
vt 0.447954 0.090870
vt 0.290537 0.090865
vt 0.449849 0.090870
vt 0.290537 0.090865
vt 0.290537 0.090865
vt 0.449849 0.090870
vt 0.290537 0.090865
vt 0.451562 0.090870
vt 0.821561 0.090884
vt 0.695153 0.093222
vt 0.695153 0.123637
vt 0.695153 0.124049
vt 0.695153 0.124501
vt 0.695153 0.247855
vt 0.695153 0.248982
vt 0.625000 0.320153
vt 0.695153 0.250000
vt 0.600658 0.320153
vt 0.391356 0.320153
vt 0.304847 0.250000
vt 0.375000 0.320153
vt 0.304847 0.248982
vt 0.304847 0.247855
vt 0.304847 0.124501
vt 0.304847 0.124049
vt 0.304847 0.123637
vt 0.304847 0.093222
vt 0.304847 0.090884
vt 0.304847 0.089787
vt 0.304847 0.075531
vt 0.304847 0.074925
vt 0.304847 0.072300
vt 0.304847 0.070975
vt 0.304847 0.004300
vt 0.304847 0.003036
vt 0.304847 0.001108
vt 0.304847 0.000000
vt 0.375000 0.929847
vt 0.391356 0.929847
vt 0.600658 0.929847
vt 0.625000 0.929847
vt 0.624123 0.929850
vt 0.481303 0.930339
vt 0.480642 0.930342
vt 0.479910 0.930344
vt 0.473393 0.930366
vt 0.472705 0.930369
vt 0.472019 0.930371
vt 0.426630 0.930526
vt 0.425940 0.930529
vt 0.425412 0.930531
vt 0.418876 0.930553
vt 0.418143 0.930556
vt 0.417506 0.930558
vt 0.375000 0.930703
vt 0.401188 0.930703
vt 0.607271 0.930703
vt 0.625000 0.930703
vt 0.694297 0.000000
vt 0.694297 0.001055
vt 0.694297 0.002890
vt 0.694297 0.004132
vt 0.694297 0.069659
vt 0.694297 0.070961
vt 0.694297 0.073541
vt 0.694297 0.074198
vt 0.694297 0.089670
vt 0.694297 0.090860
vt 0.694297 0.093199
vt 0.694297 0.123636
vt 0.694297 0.124049
vt 0.694297 0.124501
vt 0.694297 0.247855
vt 0.694297 0.248982
vt 0.625000 0.319297
vt 0.694297 0.250000
vt 0.607271 0.319297
vt 0.401188 0.319297
vt 0.305703 0.250000
vt 0.375000 0.319297
vt 0.305703 0.248982
vt 0.305703 0.247855
vt 0.305703 0.124501
vt 0.305703 0.124049
vt 0.305703 0.123636
vt 0.305703 0.093199
vt 0.305703 0.090860
vt 0.371920 0.090864
vt 0.340699 0.090865
vt 0.372912 0.090864
vt 0.340699 0.090865
vt 0.340699 0.090865
vt 0.372912 0.090864
vt 0.340699 0.090865
vt 0.374053 0.090864
vt 0.384235 0.090864
vt 0.448647 0.090870
vt 0.385057 0.090865
vt 0.448647 0.090870
vt 0.448647 0.090870
vt 0.385057 0.090865
vt 0.448647 0.090870
vt 0.386133 0.090865
vt 0.456839 0.090869
vt 0.457908 0.090869
vt 0.457908 0.090869
vt 0.457908 0.090869
vt 0.457908 0.090869
vt 0.458980 0.090869
vt 0.469132 0.090870
vt 0.470272 0.090870
vt 0.470272 0.090870
vt 0.470272 0.090870
vt 0.470272 0.090870
vt 0.471302 0.090870
vt 0.693786 0.090884
vt 0.695153 0.090884
vt 0.360841 0.250000
vt 0.375334 0.264541
vt 0.360842 0.248982
vt 0.360842 0.247855
vt 0.360841 0.124501
vt 0.360841 0.124049
vt 0.360841 0.123636
vt 0.360841 0.093199
vt 0.360841 0.090860
vt 0.360475 0.090860
vt 0.306224 0.090860
vt 0.305060 0.090860
vt 0.295842 0.090860
vt 0.294887 0.090860
vt 0.288549 0.090860
vt 0.244276 0.090860
vt 0.242792 0.090860
vt 0.233035 0.090860
vt 0.231776 0.090860
vt 0.177030 0.090860
vt 0.176055 0.090860
vt 0.169146 0.090860
vt 0.167913 0.090860
vt 0.147030 0.090860
vt 0.128232 0.090860
vt 0.375334 0.659140
vt 0.126002 0.090860
vt 0.375334 0.660330
vt 0.375334 0.675800
vt 0.126002 0.073543
vt 0.375334 0.676458
vt 0.288549 0.073543
vt 0.360841 0.073543
vt 0.360841 0.070962
vt 0.360841 0.069661
vt 0.360841 0.004132
vt 0.360841 0.002890
vt 0.288549 0.002890
vt 0.375334 0.747110
vt 0.126002 0.002890
vt 0.375334 0.748945
vt 0.375334 0.750000
vt 0.375334 0.752236
vt 0.375334 0.771085
vt 0.375334 0.792024
vt 0.375334 0.793260
vt 0.375334 0.800187
vt 0.375334 0.801165
vt 0.375334 0.856057
vt 0.375334 0.857320
vt 0.375334 0.867103
vt 0.375334 0.868590
vt 0.375334 0.912982
vt 0.375334 0.919336
vt 0.375334 0.920294
vt 0.375334 0.929536
vt 0.375334 0.930702
vt 0.375334 0.985092
vt 0.375334 0.985459
vt 0.375334 0.986202
vt 0.375334 0.999391
vt 0.375334 0.000000
vt 0.375334 1.000000
vt 0.375334 0.001055
vt 0.375334 0.002890
vt 0.375334 0.004132
vt 0.375334 0.069661
vt 0.375334 0.070962
vt 0.375334 0.073543
vt 0.375334 0.074200
vt 0.375334 0.089670
vt 0.375334 0.090860
vt 0.375334 0.093199
vt 0.375334 0.123636
vt 0.375334 0.124049
vt 0.375334 0.124501
vt 0.375334 0.247855
vt 0.375334 0.248982
vt 0.375334 0.250000
vt 0.375334 0.250609
vt 0.375334 0.263797
vt 0.409720 0.090864
vt 0.418041 0.090865
vt 0.414936 0.090865
vt 0.387276 0.090865
vt 0.372139 0.090864
vt 0.384355 0.090865
vt 0.407161 0.090864
vt 0.331115 0.090864
vt 0.409229 0.090864
vt 0.268238 0.090864
vt 0.361160 0.090864
vt 0.268486 0.090864
vt 0.282438 0.090864
vt 0.445190 0.090870
vt 0.282759 0.090864
vt 0.443685 0.090869
vt 0.422719 0.090869
vt 0.444010 0.090869
vt 0.422719 0.090869
vt 0.453704 0.090869
vt 0.426927 0.090869
vt 0.282759 0.090864
vt 0.427561 0.090869
vt 0.457631 0.090869
vt 0.287296 0.090864
vt 0.457908 0.090869
vt 0.470812 0.090869
vt 0.470899 0.090869
vt 0.471677 0.090869
vt 0.479043 0.090870
vt 0.479870 0.090870
vt 0.479805 0.090870
vt 0.470272 0.090870
vt 0.307555 0.090865
vt 0.470067 0.090870
vt 0.448624 0.090870
vt 0.303451 0.090865
vt 0.448175 0.090870
vt 0.467165 0.090870
vt 0.445190 0.090870
vt 0.460291 0.090870
vt 0.290312 0.090865
vt 0.460060 0.090870
vt 0.303451 0.090865
vt 0.268238 0.090864
vt 0.303160 0.090865
vt 0.290537 0.090865
vt 0.374384 0.090865
vt 0.290312 0.090865
vt 0.409229 0.090864
vt 0.347201 0.090865
vt 0.375000 0.248357
vt 0.376822 0.248357
vt 0.376822 0.250000
vt 0.375000 0.250000
vt 0.376822 0.254557
vt 0.375000 0.254557
vt 0.375000 0.995443
vt 0.376822 0.995443
vt 0.376822 1.000000
vt 0.375000 1.000000
vt 0.625000 0.248357
vt 0.629557 0.248357
vt 0.629557 0.250000
vt 0.625000 0.250000
vt 0.370443 0.248357
vt 0.370443 0.250000
vt 0.272167 0.248357
vt 0.365089 0.248357
vt 0.365089 0.250000
vt 0.272167 0.250000
vt 0.375000 0.897167
vt 0.376822 0.897167
vt 0.376822 0.990089
vt 0.375000 0.990089
vt 0.634911 0.250000
vt 0.634911 0.248357
vt 0.727833 0.248357
vt 0.727833 0.250000
vt 0.375000 0.259911
vt 0.376822 0.259911
vt 0.376822 0.352833
vt 0.375000 0.352833
vt 0.149945 0.248357
vt 0.267094 0.248357
vt 0.267094 0.250000
vt 0.149945 0.250000
vt 0.375000 0.774945
vt 0.376822 0.774945
vt 0.376822 0.892095
vt 0.375000 0.892094
vt 0.732906 0.250000
vt 0.732906 0.248357
vt 0.850055 0.248357
vt 0.850055 0.250000
vt 0.375000 0.357906
vt 0.376822 0.357906
vt 0.376822 0.475055
vt 0.375000 0.475055
vt 0.125000 0.248357
vt 0.148921 0.248357
vt 0.148921 0.250000
vt 0.125000 0.250000
vt 0.375000 0.750000
vt 0.376822 0.750000
vt 0.376822 0.773921
vt 0.375000 0.773921
vt 0.851079 0.250000
vt 0.851079 0.248357
vt 0.875000 0.248357
vt 0.875000 0.250000
vt 0.375000 0.476079
vt 0.376822 0.476079
vt 0.376822 0.500000
vt 0.375000 0.500000
vt 0.624350 0.773921
vt 0.624350 0.750000
vt 0.625000 0.750000
vt 0.625000 0.773921
vt 0.624350 0.892094
vt 0.624350 0.774945
vt 0.625000 0.774945
vt 0.625000 0.892094
vt 0.624350 0.990089
vt 0.624350 0.897167
vt 0.625000 0.897167
vt 0.625000 0.990089
vt 0.624350 1.000000
vt 0.624350 0.995443
vt 0.625000 0.995443
vt 0.625000 1.000000
vt 0.624350 0.250000
vt 0.624350 0.248357
vt 0.624350 0.254557
vt 0.625000 0.254557
vt 0.624350 0.352833
vt 0.624350 0.259911
vt 0.625000 0.259911
vt 0.625000 0.352833
vt 0.624350 0.475055
vt 0.624350 0.357906
vt 0.625000 0.357906
vt 0.625000 0.475055
vt 0.624350 0.500000
vt 0.624350 0.476079
vt 0.625000 0.476079
vt 0.625000 0.500000
vt 0.125000 0.001834
vt 0.148921 0.001834
vt 0.149945 0.001834
vt 0.267094 0.001834
vt 0.272167 0.001834
vt 0.365089 0.001834
vt 0.370443 0.001834
vt 0.375000 0.001834
vt 0.376822 0.001834
vt 0.624350 0.001834
vt 0.625000 0.001834
vt 0.629557 0.001834
vt 0.634911 0.001834
vt 0.727833 0.001834
vt 0.732906 0.001834
vt 0.850055 0.001834
vt 0.851079 0.001834
vt 0.875000 0.001834
vt 0.125000 0.000000
vt 0.148921 0.000000
vt 0.149945 0.000000
vt 0.267094 0.000000
vt 0.272167 0.000000
vt 0.365089 0.000000
vt 0.370443 0.000000
vt 0.375000 0.000000
vt 0.376822 0.000000
vt 0.624350 0.000000
vt 0.625000 0.000000
vt 0.629557 0.000000
vt 0.634911 0.000000
vt 0.727833 0.000000
vt 0.732906 0.000000
vt 0.850055 0.000000
vt 0.851079 0.000000
vt 0.875000 0.000000
vt 0.378010 0.476079
vt 0.378010 0.500000
vt 0.378010 0.357906
vt 0.378010 0.475055
vt 0.378010 0.259911
vt 0.378010 0.352833
vt 0.378010 0.250000
vt 0.378010 0.254557
vt 0.378010 0.248357
vt 0.378010 0.001834
vt 0.378010 0.000000
vt 0.378010 0.995443
vt 0.378010 1.000000
vt 0.378010 0.897167
vt 0.378010 0.990089
vt 0.378010 0.774945
vt 0.378010 0.892095
vt 0.378010 0.750000
vt 0.378010 0.773921
vt 0.000000 0.936076
vt 1.000000 0.936076
vt 1.000000 1.000000
vt 0.000000 1.000000
vt 0.000000 0.936076
vt 1.000000 0.936076
vt 1.000000 1.000000
vt 0.000000 1.000000
vt 0.000000 0.936076
vt 1.000000 0.936076
vt 1.000000 1.000000
vt 0.000000 1.000000
vt 0.000000 0.936076
vt 1.000000 0.936076
vt 1.000000 1.000000
vt 0.000000 1.000000
vt 0.000000 0.936076
vt 0.004800 0.936076
vt 0.004800 1.000000
vt 0.000000 1.000000
vt 0.995200 0.936076
vt 1.000000 0.936076
vt 1.000000 1.000000
vt 0.995200 1.000000
vt 0.000000 0.936076
vt 1.000000 0.936076
vt 1.000000 1.000000
vt 0.000000 1.000000
vt 0.000000 0.936076
vt 1.000000 0.936076
vt 1.000000 1.000000
vt 0.000000 1.000000
vt 0.000000 0.936076
vt 1.000000 0.936076
vt 1.000000 1.000000
vt 0.000000 1.000000
vt 0.000000 0.936076
vt 1.000000 0.936076
vt 1.000000 1.000000
vt 0.000000 1.000000
vt 0.000000 0.936076
vt 1.000000 0.936076
vt 1.000000 1.000000
vt 0.000000 1.000000
vt 0.000000 0.936076
vt 1.000000 0.936076
vt 1.000000 1.000000
vt 0.000000 1.000000
vt 0.000000 0.981386
vt 1.000000 0.981386
vt 1.000000 1.000000
vt 0.000000 1.000000
vt 0.000000 0.981386
vt 1.000000 0.981386
vt 1.000000 1.000000
vt 0.000000 1.000000
vt 0.000000 0.981386
vt 1.000000 0.981386
vt 1.000000 1.000000
vt 0.000000 1.000000
vt 0.000000 0.981386
vt 1.000000 0.981386
vt 1.000000 1.000000
vt 0.000000 1.000000
vt 0.000000 0.981386
vt 0.004800 0.981386
vt 0.004800 1.000000
vt 0.000000 1.000000
vt 0.995200 0.981386
vt 1.000000 0.981386
vt 1.000000 1.000000
vt 0.995200 1.000000
vt 0.000000 0.981386
vt 1.000000 0.981386
vt 1.000000 1.000000
vt 0.000000 1.000000
vt 0.000000 0.981386
vt 1.000000 0.981386
vt 1.000000 1.000000
vt 0.000000 1.000000
vt 0.000000 0.981386
vt 1.000000 0.981386
vt 1.000000 1.000000
vt 0.000000 1.000000
vt 0.000000 0.981386
vt 1.000000 0.981386
vt 1.000000 1.000000
vt 0.000000 1.000000
vt 0.000000 0.981386
vt 1.000000 0.981386
vt 1.000000 1.000000
vt 0.000000 1.000000
vt 0.000000 0.981386
vt 1.000000 0.981386
vt 1.000000 1.000000
vt 0.000000 1.000000
vt 0.004519 0.981386
vt 0.004519 1.000000
vt 0.004519 0.936076
vt 0.004519 1.000000
vt 0.623231 0.773921
vt 0.623231 0.750000
vt 0.623231 0.892094
vt 0.623231 0.774945
vt 0.623231 0.990089
vt 0.623231 0.897167
vt 0.623231 0.995443
vt 0.623231 1.000000
vt 0.623231 0.000000
vt 0.623231 0.001834
vt 0.623231 0.248357
vt 0.623231 0.250000
vt 0.623231 0.254557
vt 0.623231 0.259911
vt 0.623231 0.352833
vt 0.623231 0.357906
vt 0.623231 0.475055
vt 0.623231 0.476079
vt 0.623231 0.500000
vt 0.995481 0.936076
vt 0.995481 1.000000
vt 0.995481 0.981386
vt 0.995481 1.000000
vt 0.000000 0.981386
vt 0.000000 1.000000
vt 0.000000 0.936076
vt 0.000000 1.000000
vt 1.000000 0.936076
vt 1.000000 1.000000
vt 1.000000 0.981386
vt 1.000000 1.000000
vt 0.995200 0.000000
vt 1.000000 0.000000
vt 1.000000 0.009908
vt 0.995200 0.009908
vt 0.000000 0.000000
vt 1.000000 0.000000
vt 1.000000 0.009908
vt 0.000000 0.009908
vt 0.000000 0.000000
vt 1.000000 0.000000
vt 1.000000 0.009908
vt 0.000000 0.009908
vt 0.000000 0.000000
vt 1.000000 0.000000
vt 1.000000 0.009908
vt 0.000000 0.009908
vt 0.000000 0.000000
vt 1.000000 0.000000
vt 1.000000 0.009908
vt 0.000000 0.009908
vt 0.000000 0.000000
vt 1.000000 0.000000
vt 1.000000 0.009908
vt 0.000000 0.009908
vt 0.000000 0.000000
vt 0.004800 0.000000
vt 0.004800 0.009908
vt 0.000000 0.009908
vt 0.995481 0.009908
vt 0.995481 0.000000
vt 1.000000 0.009908
vt 1.000000 0.000000
vt 0.000000 0.000000
vt 1.000000 0.000000
vt 1.000000 0.009908
vt 0.000000 0.009908
vt 0.000000 0.000000
vt 1.000000 0.000000
vt 1.000000 0.009908
vt 0.000000 0.009908
vt 0.000000 0.000000
vt 1.000000 0.000000
vt 1.000000 0.009908
vt 0.000000 0.009908
vt 0.000000 0.000000
vt 1.000000 0.000000
vt 1.000000 0.009908
vt 0.000000 0.009908
vt 0.000000 0.000000
vt 1.000000 0.000000
vt 1.000000 0.009908
vt 0.000000 0.009908
vt 0.000000 0.000000
vt 0.004519 0.000000
vt 0.004519 0.009908
vt 0.000000 0.009908
vt 0.995200 0.000000
vt 1.000000 0.000000
vt 1.000000 0.040421
vt 0.995200 0.040421
vt 0.000000 0.000000
vt 1.000000 0.000000
vt 1.000000 0.040421
vt 0.000000 0.040421
vt 0.000000 0.000000
vt 1.000000 0.000000
vt 1.000000 0.040421
vt 0.000000 0.040421
vt 0.000000 0.000000
vt 1.000000 0.000000
vt 1.000000 0.040421
vt 0.000000 0.040421
vt 0.000000 0.000000
vt 1.000000 0.000000
vt 1.000000 0.040421
vt 0.000000 0.040421
vt 0.000000 0.000000
vt 1.000000 0.000000
vt 1.000000 0.040421
vt 0.000000 0.040421
vt 0.000000 0.000000
vt 0.004800 0.000000
vt 0.004800 0.040421
vt 0.000000 0.040421
vt 0.995481 0.040421
vt 0.995481 0.000000
vt 1.000000 0.040421
vt 1.000000 0.000000
vt 0.000000 0.000000
vt 1.000000 0.000000
vt 1.000000 0.040421
vt 0.000000 0.040421
vt 0.000000 0.000000
vt 1.000000 0.000000
vt 1.000000 0.040421
vt 0.000000 0.040421
vt 0.000000 0.000000
vt 1.000000 0.000000
vt 1.000000 0.040421
vt 0.000000 0.040421
vt 0.000000 0.000000
vt 1.000000 0.000000
vt 1.000000 0.040421
vt 0.000000 0.040421
vt 0.000000 0.000000
vt 1.000000 0.000000
vt 1.000000 0.040421
vt 0.000000 0.040421
vt 0.000000 0.000000
vt 0.004519 0.000000
vt 0.004519 0.040421
vt 0.000000 0.040421
vt 0.000000 0.125000
vt 0.125000 0.125000
vt 0.125000 0.250000
vt 0.000000 0.250000
vt 0.250000 0.125000
vt 0.250000 0.250000
vt 0.375000 0.125000
vt 0.375000 0.250000
vt 0.500000 0.125000
vt 0.500000 0.250000
vt 0.625000 0.125000
vt 0.625000 0.250000
vt 0.750000 0.125000
vt 0.750000 0.250000
vt 0.875000 0.125000
vt 0.875000 0.250000
vt 1.000000 0.125000
vt 1.000000 0.250000
vt 0.125000 0.375000
vt 0.000000 0.375000
vt 0.250000 0.375000
vt 0.375000 0.375000
vt 0.500000 0.375000
vt 0.625000 0.375000
vt 0.750000 0.375000
vt 0.875000 0.375000
vt 1.000000 0.375000
vt 0.125000 0.500000
vt 0.000000 0.500000
vt 0.250000 0.500000
vt 0.375000 0.500000
vt 0.500000 0.500000
vt 0.625000 0.500000
vt 0.750000 0.500000
vt 0.875000 0.500000
vt 1.000000 0.500000
vt 0.125000 0.625000
vt 0.000000 0.625000
vt 0.250000 0.625000
vt 0.375000 0.625000
vt 0.500000 0.625000
vt 0.625000 0.625000
vt 0.750000 0.625000
vt 0.875000 0.625000
vt 1.000000 0.625000
vt 0.125000 0.750000
vt 0.000000 0.750000
vt 0.250000 0.750000
vt 0.375000 0.750000
vt 0.500000 0.750000
vt 0.625000 0.750000
vt 0.750000 0.750000
vt 0.875000 0.750000
vt 1.000000 0.750000
vt 0.125000 0.868331
vt 0.000000 0.868331
vt 0.250000 0.868331
vt 0.375000 0.868331
vt 0.500000 0.868331
vt 0.625000 0.868331
vt 0.750000 0.868331
vt 0.875000 0.868331
vt 1.000000 0.868331
vt 0.062500 0.000000
vt 0.187500 0.000000
vt 0.312500 0.000000
vt 0.437500 0.000000
vt 0.562500 0.000000
vt 0.687500 0.000000
vt 0.812500 0.000000
vt 0.937500 0.000000
vt 0.000000 0.875000
vt 0.125000 0.875000
vt 0.062500 1.000000
vt 0.250000 0.875000
vt 0.187500 1.000000
vt 0.375000 0.875000
vt 0.312500 1.000000
vt 0.500000 0.875000
vt 0.437500 1.000000
vt 0.625000 0.875000
vt 0.562500 1.000000
vt 0.750000 0.875000
vt 0.687500 1.000000
vt 0.875000 0.875000
vt 0.812500 1.000000
vt 1.000000 0.875000
vt 0.937500 1.000000
vt 0.000000 0.875000
vt 0.125000 0.875000
vt 0.125000 0.875000
vt 0.000000 0.875000
vt 0.250000 0.875000
vt 0.250000 0.875000
vt 0.375000 0.875000
vt 0.375000 0.875000
vt 0.500000 0.875000
vt 0.500000 0.875000
vt 0.625000 0.875000
vt 0.625000 0.875000
vt 0.750000 0.875000
vt 0.750000 0.875000
vt 0.875000 0.875000
vt 0.875000 0.875000
vt 1.000000 0.875000
vt 1.000000 0.875000
vt 0.125000 0.875000
vt 0.000000 0.875000
vt 0.250000 0.875000
vt 0.375000 0.875000
vt 0.500000 0.875000
vt 0.625000 0.875000
vt 0.750000 0.875000
vt 0.875000 0.875000
vt 1.000000 0.875000
vt 0.000000 0.875000
vt 0.125000 0.875000
vt 0.125000 0.875000
vt 0.000000 0.875000
vt 0.250000 0.875000
vt 0.250000 0.875000
vt 0.375000 0.875000
vt 0.375000 0.875000
vt 0.500000 0.875000
vt 0.500000 0.875000
vt 0.625000 0.875000
vt 0.625000 0.875000
vt 0.750000 0.875000
vt 0.750000 0.875000
vt 0.875000 0.875000
vt 0.875000 0.875000
vt 1.000000 0.875000
vt 1.000000 0.875000
vt 0.000000 0.875000
vt 0.125000 0.875000
vt 0.125000 0.875000
vt 0.000000 0.875000
vt 0.250000 0.875000
vt 0.250000 0.875000
vt 0.375000 0.875000
vt 0.375000 0.875000
vt 0.500000 0.875000
vt 0.500000 0.875000
vt 0.625000 0.875000
vt 0.625000 0.875000
vt 0.750000 0.875000
vt 0.750000 0.875000
vt 0.875000 0.875000
vt 0.875000 0.875000
vt 1.000000 0.875000
vt 1.000000 0.875000
vt 0.000000 0.875000
vt 0.125000 0.875000
vt 0.125000 0.875000
vt 0.000000 0.875000
vt 0.250000 0.875000
vt 0.250000 0.875000
vt 0.375000 0.875000
vt 0.375000 0.875000
vt 0.500000 0.875000
vt 0.500000 0.875000
vt 0.625000 0.875000
vt 0.625000 0.875000
vt 0.750000 0.875000
vt 0.750000 0.875000
vt 0.875000 0.875000
vt 0.875000 0.875000
vt 1.000000 0.875000
vt 1.000000 0.875000
vn -0.078950 0.000308 0.996879
vn -0.036435 0.000261 0.999336
vn -0.036289 0.000232 0.999341
vn -0.078953 0.000308 0.996878
vn -0.009306 0.999957 0.000327
vn -0.004629 0.999989 0.000296
vn -0.004640 0.999989 0.000279
vn -0.009305 0.999957 0.000303
vn 0.042124 0.780793 -0.623369
vn 0.042134 0.780777 -0.623387
vn 0.042136 0.780771 -0.623395
vn 0.042126 0.780779 -0.623385
vn 0.009305 -0.999957 -0.000304
vn 0.004640 -0.999989 -0.000279
vn 0.004628 -0.999989 -0.000284
vn 0.009304 -0.999957 -0.000304
vn -0.999986 0.000566 0.005217
vn -0.999986 0.000573 0.005240
vn -0.999986 0.000604 0.005295
vn -0.999986 0.000506 0.005217
vn 0.041195 0.789303 -0.612621
vn 0.041217 0.789282 -0.612646
vn 0.041188 0.789294 -0.612632
vn 0.041195 0.789305 -0.612618
vn -0.999877 -0.003384 0.015303
vn -0.999910 -0.000914 0.013412
vn -0.999909 -0.000809 0.013449
vn -0.999879 -0.003188 0.015216
vn 0.009305 -0.999957 -0.000303
vn 0.004661 -0.999989 -0.000279
vn 0.004863 -0.999988 -0.000280
vn 0.009305 -0.999957 -0.000304
vn 0.999910 0.000809 -0.013379
vn 0.999911 0.000845 -0.013356
vn 0.999877 0.003318 -0.015321
vn 0.999878 0.003138 -0.015276
vn 0.066188 0.453495 -0.888797
vn 0.066097 0.455641 -0.887706
vn 0.078989 -0.000296 -0.996875
vn 0.078958 -0.000297 -0.996878
vn -0.999986 0.000591 0.005200
vn -0.999986 0.000596 0.005208
vn -0.999986 0.000267 0.005215
vn -0.999987 -0.000150 0.005193
vn -0.999986 0.000597 0.005213
vn -0.999987 0.000601 0.005088
vn -0.999986 0.000371 0.005245
vn -0.999986 0.000485 0.005222
vn -0.078957 0.000288 0.996878
vn -0.036308 0.000263 0.999341
vn -0.036431 0.000306 0.999336
vn -0.078959 0.000306 0.996878
vn 0.999986 -0.000603 -0.005215
vn 0.999986 0.000102 -0.005220
vn 0.999986 -0.000336 -0.005210
vn 0.999986 -0.000603 -0.005209
vn -0.078961 0.000335 0.996878
vn -0.078952 0.000354 0.996878
vn -0.078966 0.000351 0.996877
vn -0.078957 0.000317 0.996878
vn -0.009304 0.999957 0.000290
vn -0.009295 0.999957 0.000292
vn -0.009294 0.999957 0.000302
vn -0.009305 0.999957 0.000303
vn 0.042128 0.780760 -0.623410
vn 0.042120 0.780756 -0.623415
vn 0.042119 0.780771 -0.623396
vn 0.042126 0.780772 -0.623394
vn 0.009305 -0.999957 -0.000305
vn 0.009311 -0.999957 -0.000305
vn 0.009312 -0.999957 -0.000304
vn 0.009306 -0.999957 -0.000318
vn 0.999986 -0.000593 -0.005248
vn 0.999986 -0.000574 -0.005212
vn 0.999986 -0.000562 -0.005214
vn 0.999986 -0.000625 -0.005282
vn 0.041198 0.789304 -0.612619
vn 0.041202 0.789312 -0.612608
vn 0.041183 0.789302 -0.612622
vn 0.041197 0.789304 -0.612619
vn -0.999877 -0.003396 0.015328
vn -0.999911 -0.000848 0.013312
vn -0.999909 -0.000810 0.013436
vn -0.999878 -0.003272 0.015305
vn 0.009305 -0.999957 -0.000303
vn 0.009310 -0.999957 -0.000304
vn 0.009303 -0.999957 -0.000303
vn 0.009306 -0.999957 -0.000304
vn 0.999910 0.000760 -0.013405
vn 0.999910 0.000906 -0.013350
vn 0.999877 0.003402 -0.015333
vn 0.999878 0.003246 -0.015260
vn 0.066168 0.453747 -0.888671
vn 0.066042 0.455358 -0.887856
vn 0.078942 -0.000294 -0.996879
vn 0.078959 -0.000292 -0.996878
vn -0.999986 0.000599 0.005204
vn -0.999986 0.000602 0.005208
vn -0.999986 0.000305 0.005209
vn -0.999986 -0.000122 0.005215
vn -0.078959 0.000298 0.996878
vn -0.078935 0.000298 0.996880
vn -0.078953 0.000261 0.996878
vn -0.078960 0.000307 0.996878
vn 0.999986 -0.000603 -0.005282
vn 0.999986 -0.000599 -0.005208
vn 0.999986 -0.000576 -0.005217
vn 0.999986 -0.000556 -0.005312
vn 0.999986 0.000021 -0.005217
vn 0.999986 -0.000222 -0.005209
vn 0.999986 -0.000599 -0.005206
vn 0.999986 -0.000599 -0.005214
vn 0.078955 -0.000285 -0.996878
vn 0.036488 -0.000273 -0.999334
vn 0.036594 -0.000232 -0.999330
vn 0.078956 -0.000286 -0.996878
vn -0.999986 0.000646 0.005214
vn -0.999986 0.000644 0.005208
vn -0.999986 0.000634 0.005207
vn -0.999986 0.000649 0.005214
vn -0.999986 0.000635 0.005208
vn -0.999986 0.000610 0.005191
vn -0.999986 0.000578 0.005191
vn -0.999986 0.000573 0.005208
vn -0.078956 0.000354 0.996878
vn -0.036593 0.000296 0.999330
vn -0.036492 0.000275 0.999334
vn -0.078955 0.000299 0.996878
vn 0.078956 -0.000313 -0.996878
vn 0.078955 -0.000302 -0.996878
vn 0.078932 -0.000308 -0.996880
vn 0.078954 -0.000339 -0.996878
vn -0.078961 0.000264 0.996878
vn -0.078963 0.000266 0.996877
vn -0.078944 0.000271 0.996879
vn -0.078961 0.000270 0.996878
vn 0.999987 -0.000581 -0.005153
vn 0.999986 -0.000596 -0.005200
vn 0.999986 -0.000570 -0.005201
vn 0.999986 -0.000566 -0.005194
vn 0.999986 -0.000609 -0.005210
vn 0.999986 -0.000603 -0.005207
vn 0.999986 -0.000575 -0.005206
vn 0.999986 -0.000592 -0.005214
vn 0.078959 -0.000299 -0.996878
vn 0.078904 -0.000301 -0.996882
vn 0.078920 -0.000286 -0.996881
vn 0.078962 -0.000288 -0.996878
vn -0.078963 0.000297 0.996878
vn -0.078978 0.000296 0.996876
vn -0.079045 0.000296 0.996871
vn -0.078963 0.000296 0.996878
vn 0.999987 -0.000606 -0.005140
vn 0.999986 -0.000620 -0.005216
vn 0.999986 -0.000600 -0.005206
vn 0.999987 -0.000594 -0.005027
vn 0.999986 -0.000598 -0.005211
vn 0.999986 -0.000596 -0.005205
vn 0.999986 -0.000605 -0.005206
vn 0.999986 -0.000620 -0.005214
vn 0.078933 -0.000324 -0.996880
vn 0.078962 -0.000315 -0.996878
vn -0.999986 0.000594 0.005208
vn -0.999986 0.000595 0.005208
vn -0.999986 0.000599 0.005208
vn -0.999986 0.000602 0.005208
vn -0.078963 0.000303 0.996878
vn -0.078974 0.000303 0.996877
vn 0.999987 -0.000604 -0.005153
vn 0.999986 -0.000597 -0.005217
vn 0.999986 -0.000596 -0.005206
vn 0.999986 -0.000598 -0.005216
vn -0.999986 0.000549 0.005213
vn -0.999986 0.000594 0.005205
vn -0.999986 0.000548 0.005204
vn -0.999986 0.000546 0.005214
vn -0.999986 0.000599 0.005199
vn -0.999986 0.000570 0.005191
vn -0.999986 0.000547 0.005191
vn -0.999986 0.000546 0.005199
vn -0.078956 0.000308 0.996878
vn -0.036332 0.000274 0.999340
vn -0.036581 0.000547 0.999331
vn -0.078963 0.000571 0.996877
vn 0.078956 -0.000314 -0.996878
vn 0.078959 -0.000572 -0.996878
vn 0.036597 -0.000551 -0.999330
vn 0.064884 -0.000345 -0.997893
vn -0.999986 0.000592 0.005217
vn -0.999986 0.000591 0.005204
vn -0.999986 0.000599 0.005199
vn -0.999986 0.000613 0.005226
vn -0.078955 0.000238 0.996878
vn -0.036476 0.000204 0.999335
vn 0.999986 -0.000629 -0.005209
vn 0.999986 -0.000623 -0.005208
vn 0.999986 -0.000609 -0.005208
vn 0.999986 -0.000617 -0.005209
vn 0.078959 -0.000240 -0.996878
vn 0.078955 -0.000248 -0.996878
vn -0.009306 0.999957 0.000316
vn -0.005572 0.999985 0.000299
vn -0.009306 0.999957 0.000303
vn -0.009305 0.999957 0.000303
vn -0.999986 0.000638 0.005206
vn -0.999987 0.000605 0.005093
vn -0.999987 0.000571 0.005060
vn -0.999986 0.000612 0.005206
vn -0.999986 0.000597 0.005208
vn -0.999987 0.000597 0.005059
vn -0.999987 0.000456 0.005031
vn -0.999986 0.000470 0.005206
vn -0.999986 0.000598 0.005209
vn -0.999986 0.000580 0.005295
vn -0.999986 0.000544 0.005187
vn -0.999986 0.000552 0.005208
vn -0.999986 0.000611 0.005209
vn -0.999986 0.000603 0.005307
vn -0.999986 0.000563 0.005206
vn -0.999986 0.000572 0.005307
vn -0.999986 0.000576 0.005268
vn -0.999986 0.000603 0.005206
vn 0.009305 -0.999957 -0.000304
vn 0.004617 -0.999989 -0.000279
vn 0.004808 -0.999988 -0.000286
vn 0.009306 -0.999957 -0.000311
vn 0.999986 -0.000608 -0.005207
vn 0.999986 -0.000588 -0.005207
vn 0.999985 -0.000659 -0.005386
vn 0.999987 -0.000598 -0.005165
vn 0.999986 -0.000595 -0.005203
vn 0.999986 -0.000647 -0.005206
vn 0.999988 -0.000624 -0.004937
vn 0.999988 -0.000670 -0.004937
vn 0.999986 -0.000616 -0.005207
vn 0.999986 -0.000540 -0.005208
vn -0.009305 0.999957 0.000291
vn -0.009306 0.999957 0.000311
vn -0.009303 0.999957 0.000303
vn -0.009305 0.999957 0.000304
vn -0.999986 0.000580 0.005207
vn -0.999986 0.000628 0.005340
vn -0.999986 0.000638 0.005340
vn -0.999986 0.000549 0.005208
vn -0.999986 0.000599 0.005209
vn -0.999986 0.000598 0.005235
vn -0.999986 0.000576 0.005284
vn -0.999986 0.000636 0.005208
vn -0.999986 0.000598 0.005207
vn -0.999986 0.000590 0.005207
vn 0.009305 -0.999957 -0.000303
vn 0.009310 -0.999957 -0.000303
vn 0.009302 -0.999957 -0.000298
vn 0.009304 -0.999957 -0.000309
vn 0.999986 -0.000566 -0.005230
vn 0.999986 -0.000569 -0.005230
vn 0.999986 -0.000551 -0.005208
vn 0.999986 -0.000563 -0.005208
vn 0.999987 -0.000625 -0.005159
vn 0.999987 -0.000594 -0.005158
vn 0.999986 -0.000615 -0.005206
vn 0.999986 -0.000628 -0.005205
vn 0.999986 -0.000601 -0.005193
vn 0.999986 -0.000594 -0.005207
vn 0.999986 -0.000607 -0.005211
vn 0.999986 -0.000599 -0.005264
vn 0.999986 -0.000600 -0.005209
vn 0.999986 -0.000595 -0.005209
vn 0.999986 -0.000579 -0.005194
vn 0.999986 -0.000599 -0.005213
vn 0.999986 -0.000642 -0.005205
vn 0.999986 -0.000628 -0.005204
vn 0.011724 0.000250 0.999931
vn 0.011724 0.000275 0.999931
vn 0.011728 0.000278 0.999931
vn 0.011733 0.000254 0.999931
vn -0.000380 -1.000000 -0.000274
vn -0.000380 -1.000000 -0.000253
vn -0.000380 -1.000000 -0.000252
vn -0.000377 -1.000000 -0.000242
vn -0.000380 -1.000000 -0.000251
vn -0.000380 -1.000000 -0.000253
vn -0.000385 -1.000000 -0.000253
vn -0.000379 -1.000000 -0.000250
vn -0.000380 -1.000000 -0.000253
vn -0.000380 -1.000000 -0.000253
vn -0.000382 -1.000000 -0.000253
vn -0.000377 -1.000000 -0.000253
vn -0.011724 -0.000204 -0.999931
vn -0.011724 -0.000237 -0.999931
vn -0.011750 -0.000228 -0.999931
vn -0.011747 -0.000226 -0.999931
vn 0.000750 1.000000 0.000251
vn 0.000750 1.000000 0.000251
vn 0.000748 1.000000 0.000251
vn 0.000747 1.000000 0.000251
vn 0.000750 1.000000 0.000251
vn 0.000750 1.000000 0.000251
vn -0.003082 -0.000197 -0.999995
vn -0.003082 -0.000193 -0.999995
vn -0.003098 -0.000207 -0.999995
vn -0.003097 -0.000207 -0.999995
vn 0.000565 -1.000000 -0.000258
vn 0.000565 -1.000000 -0.000258
vn 0.000565 -1.000000 -0.000258
vn 0.000565 -1.000000 -0.000258
vn 0.000565 -1.000000 -0.000258
vn 0.000565 -1.000000 -0.000258
vn -0.011737 -0.000395 -0.999931
vn -0.011731 -0.000445 -0.999931
vn -0.011732 -0.000361 -0.999931
vn -0.011733 -0.000398 -0.999931
vn 0.000439 1.000000 0.000254
vn 0.000442 1.000000 0.000252
vn 0.000442 1.000000 0.000253
vn 0.000441 1.000000 0.000253
vn 0.000442 1.000000 0.000253
vn 0.000442 1.000000 0.000246
vn 0.000442 1.000000 0.000254
vn 0.000442 1.000000 0.000253
vn -0.003070 -0.000246 -0.999995
vn -0.003071 -0.000264 -0.999995
vn -0.003073 -0.000288 -0.999995
vn -0.003066 -0.000251 -0.999995
vn -0.003070 -0.000249 -0.999995
vn -0.003070 -0.000224 -0.999995
vn -0.003071 -0.000224 -0.999995
vn -0.003077 -0.000239 -0.999995
vn 0.000380 1.000000 0.000253
vn 0.000380 1.000000 0.000254
vn 0.000381 1.000000 0.000225
vn 0.000385 1.000000 0.000252
vn 0.011724 0.000219 0.999931
vn 0.011724 0.000244 0.999931
vn 0.011739 0.000253 0.999931
vn 0.011734 0.000258 0.999931
vn 0.011726 0.000304 0.999931
vn 0.011725 0.000240 0.999931
vn 0.011678 0.000245 0.999932
vn 0.011676 0.000216 0.999932
vn 0.011731 0.000438 0.999931
vn 0.011736 0.000254 0.999931
vn 0.011743 0.000248 0.999931
vn 0.011735 0.000359 0.999931
vn 0.011736 0.000202 0.999931
vn 0.011754 0.000226 0.999931
vn -0.011738 -0.000226 -0.999931
vn -0.011732 -0.000324 -0.999931
vn -0.011760 -0.000298 -0.999931
vn -0.011742 -0.000284 -0.999931
vn 0.000565 -1.000000 -0.000258
vn 0.000565 -1.000000 -0.000258
vn 0.000567 -1.000000 -0.000258
vn 0.000566 -1.000000 -0.000258
vn 0.000565 -1.000000 -0.000258
vn 0.000565 -1.000000 -0.000258
vn -0.003082 -0.000236 -0.999995
vn -0.003082 -0.000237 -0.999995
vn -0.003063 -0.000237 -0.999995
vn -0.003063 -0.000236 -0.999995
vn 0.000750 1.000000 0.000251
vn 0.000750 1.000000 0.000251
vn 0.000748 1.000000 0.000251
vn 0.000749 1.000000 0.000251
vn 0.000750 1.000000 0.000251
vn 0.000749 1.000000 0.000251
vn -0.011724 -0.000208 -0.999931
vn -0.011724 -0.000203 -0.999931
vn -0.011738 -0.000223 -0.999931
vn -0.011719 -0.000261 -0.999931
vn -0.000380 -1.000000 -0.000253
vn -0.000380 -1.000000 -0.000253
vn -0.000381 -1.000000 -0.000253
vn -0.000381 -1.000000 -0.000253
vn -0.000380 -1.000000 -0.000247
vn -0.000380 -1.000000 -0.000253
vn -0.000380 -1.000000 -0.000253
vn -0.000379 -1.000000 -0.000245
vn -0.000380 -1.000000 -0.000236
vn -0.000380 -1.000000 -0.000252
vn -0.000375 -1.000000 -0.000253
vn -0.000376 -1.000000 -0.000260
vn 0.011725 0.000256 0.999931
vn 0.011725 0.000281 0.999931
vn 0.011750 0.000282 0.999931
vn 0.011731 0.000251 0.999931
vn 0.011737 0.000254 0.999931
vn 0.011737 0.000221 0.999931
vn 0.011746 0.000231 0.999931
vn 0.011743 0.000237 0.999931
vn 0.011731 0.000324 0.999931
vn 0.011724 0.000297 0.999931
vn 0.011724 0.000171 0.999931
vn 0.011724 0.000243 0.999931
vn 0.011718 0.000242 0.999931
vn 0.011734 0.000234 0.999931
vn 0.011724 0.000221 0.999931
vn 0.011724 0.000227 0.999931
vn 0.011704 0.000226 0.999932
vn 0.011700 0.000219 0.999932
vn 0.000380 1.000000 0.000252
vn 0.000380 1.000000 0.000253
vn 0.000376 1.000000 0.000260
vn 0.000380 1.000000 0.000252
vn -0.003069 -0.000195 -0.999995
vn -0.003069 -0.000187 -0.999995
vn -0.003042 -0.000203 -0.999995
vn -0.003036 -0.000203 -0.999995
vn -0.003070 -0.000251 -0.999995
vn -0.003070 -0.000264 -0.999995
vn -0.003100 -0.000220 -0.999995
vn -0.003101 -0.000252 -0.999995
vn 0.000442 1.000000 0.000253
vn 0.000442 1.000000 0.000250
vn 0.000441 1.000000 0.000248
vn 0.000441 1.000000 0.000253
vn 0.000442 1.000000 0.000252
vn 0.000442 1.000000 0.000253
vn 0.000441 1.000000 0.000253
vn 0.000440 1.000000 0.000252
vn -0.011745 -0.000341 -0.999931
vn -0.011734 -0.000356 -0.999931
vn -0.011732 -0.000350 -0.999931
vn -0.011733 -0.000311 -0.999931
vn 0.000565 -1.000000 -0.000258
vn 0.000565 -1.000000 -0.000258
vn 0.000564 -1.000000 -0.000258
vn 0.000564 -1.000000 -0.000258
vn 0.000565 -1.000000 -0.000258
vn 0.000564 -1.000000 -0.000258
vn -0.003071 -0.000208 -0.999995
vn -0.003072 -0.000209 -0.999995
vn -0.003054 -0.000230 -0.999995
vn -0.003042 -0.000226 -0.999995
vn 0.000750 1.000000 0.000251
vn 0.000751 1.000000 0.000251
vn 0.000752 1.000000 0.000251
vn 0.000753 1.000000 0.000251
vn 0.000750 1.000000 0.000251
vn 0.000753 1.000000 0.000251
vn -0.011725 -0.000279 -0.999931
vn -0.011724 -0.000241 -0.999931
vn -0.011711 -0.000228 -0.999931
vn -0.011731 -0.000261 -0.999931
vn -0.000381 -1.000000 -0.000252
vn -0.000380 -1.000000 -0.000254
vn -0.000382 -1.000000 -0.000255
vn -0.000382 -1.000000 -0.000253
vn -0.000381 -1.000000 -0.000250
vn -0.000379 -1.000000 -0.000253
vn -0.000377 -1.000000 -0.000253
vn -0.000380 -1.000000 -0.000253
vn -0.000381 -1.000000 -0.000256
vn -0.000381 -1.000000 -0.000252
vn -0.000381 -1.000000 -0.000252
vn -0.000378 -1.000000 -0.000238
vn 0.011724 0.000267 0.999931
vn 0.011725 0.000278 0.999931
vn 0.011750 0.000279 0.999931
vn 0.011740 0.000260 0.999931
vn 0.011735 0.000243 0.999931
vn 0.011733 0.000222 0.999931
vn 0.011720 0.000226 0.999931
vn 0.011716 0.000254 0.999931
vn 0.011735 0.000354 0.999931
vn 0.011709 0.000352 0.999931
vn 0.011732 0.000301 0.999931
vn 0.011734 0.000245 0.999931
vn 0.011761 0.000245 0.999931
vn 0.011751 0.000215 0.999931
vn 0.011724 0.000257 0.999931
vn 0.011723 0.000246 0.999931
vn 0.011743 0.000253 0.999931
vn 0.011736 0.000240 0.999931
vn 0.000380 1.000000 0.000253
vn 0.000380 1.000000 0.000230
vn 0.000373 1.000000 0.000238
vn 0.000381 1.000000 0.000253
vn -0.003075 -0.000249 -0.999995
vn -0.003075 -0.000262 -0.999995
vn -0.003090 -0.000244 -0.999995
vn -0.003109 -0.000231 -0.999995
vn -0.003072 -0.000248 -0.999995
vn -0.003067 -0.000261 -0.999995
vn -0.003113 -0.000243 -0.999995
vn -0.003081 -0.000248 -0.999995
vn 0.000442 1.000000 0.000253
vn 0.000441 1.000000 0.000291
vn 0.000450 1.000000 0.000283
vn 0.000451 1.000000 0.000253
vn -0.006414 0.815966 -0.578064
vn -0.006314 0.822042 -0.569392
vn -0.006325 0.822058 -0.569369
vn -0.006404 0.815970 -0.578059
vn -0.011736 -0.000284 -0.999931
vn -0.011732 -0.000267 -0.999931
vn -0.011731 -0.000266 -0.999931
vn -0.011736 -0.000284 -0.999931
vn 0.000565 -1.000000 -0.000258
vn 0.000565 -1.000000 -0.000258
vn 0.000565 -1.000000 -0.000258
vn 0.000565 -1.000000 -0.000258
vn 0.000565 -1.000000 -0.000258
vn 0.000565 -1.000000 -0.000258
vn -0.003083 -0.000236 -0.999995
vn -0.003083 -0.000237 -0.999995
vn -0.003084 -0.000237 -0.999995
vn -0.003084 -0.000236 -0.999995
vn 0.000750 1.000000 0.000251
vn 0.000750 1.000000 0.000251
vn 0.000750 1.000000 0.000251
vn 0.000750 1.000000 0.000251
vn 0.000750 1.000000 0.000251
vn 0.000750 1.000000 0.000251
vn -0.011725 -0.000211 -0.999931
vn -0.011725 -0.000231 -0.999931
vn -0.011725 -0.000232 -0.999931
vn -0.011724 -0.000211 -0.999931
vn -0.000380 -1.000000 -0.000253
vn -0.000380 -1.000000 -0.000252
vn -0.000380 -1.000000 -0.000252
vn -0.000380 -1.000000 -0.000253
vn -0.000380 -1.000000 -0.000254
vn -0.000380 -1.000000 -0.000253
vn -0.000380 -1.000000 -0.000253
vn -0.000380 -1.000000 -0.000254
vn -0.000380 -1.000000 -0.000248
vn -0.000380 -1.000000 -0.000253
vn -0.000380 -1.000000 -0.000253
vn -0.000380 -1.000000 -0.000247
vn 0.011725 0.000231 0.999931
vn 0.011725 0.000246 0.999931
vn 0.011725 0.000247 0.999931
vn 0.011725 0.000231 0.999931
vn 0.011737 0.000242 0.999931
vn 0.011738 0.000231 0.999931
vn 0.011737 0.000231 0.999931
vn 0.011737 0.000242 0.999931
vn 0.011731 0.000267 0.999931
vn 0.011731 0.000266 0.999931
vn 0.011724 0.000259 0.999931
vn 0.011723 0.000243 0.999931
vn 0.011724 0.000243 0.999931
vn 0.011725 0.000259 0.999931
vn 0.011725 0.000258 0.999931
vn 0.011725 0.000244 0.999931
vn 0.011726 0.000244 0.999931
vn 0.011725 0.000257 0.999931
vn 0.000380 1.000000 0.000252
vn 0.000380 1.000000 0.000252
vn 0.000380 1.000000 0.000271
vn 0.000380 1.000000 0.000270
vn -0.003069 -0.000213 -0.999995
vn -0.003069 -0.000214 -0.999995
vn -0.003069 -0.000225 -0.999995
vn -0.003069 -0.000225 -0.999995
vn -0.003070 -0.000251 -0.999995
vn -0.003070 -0.000221 -0.999995
vn -0.003069 -0.000220 -0.999995
vn -0.003071 -0.000251 -0.999995
vn 0.000442 1.000000 0.000253
vn 0.000442 1.000000 0.000251
vn 0.000442 1.000000 0.000251
vn 0.000442 1.000000 0.000253
vn 0.000442 1.000000 0.000253
vn 0.000442 1.000000 0.000253
vn 0.000442 1.000000 0.000253
vn 0.000442 1.000000 0.000253
vn -0.011735 -0.000224 -0.999931
vn -0.011725 -0.000296 -0.999931
vn -0.011758 -0.000289 -0.999931
vn -0.011776 -0.000252 -0.999931
vn 0.000565 -1.000000 -0.000258
vn 0.000565 -1.000000 -0.000258
vn 0.000564 -1.000000 -0.000258
vn 0.000564 -1.000000 -0.000258
vn 0.000565 -1.000000 -0.000258
vn 0.000565 -1.000000 -0.000258
vn -0.003082 -0.000236 -0.999995
vn -0.003081 -0.000237 -0.999995
vn -0.003044 -0.000237 -0.999995
vn -0.003043 -0.000236 -0.999995
vn 0.000750 1.000000 0.000251
vn 0.000751 1.000000 0.000251
vn 0.000750 1.000000 0.000251
vn 0.000748 1.000000 0.000251
vn 0.000750 1.000000 0.000251
vn 0.000747 1.000000 0.000251
vn -0.011719 -0.000242 -0.999931
vn -0.011719 -0.000230 -0.999931
vn -0.011722 -0.000230 -0.999931
vn -0.011724 -0.000210 -0.999931
vn -0.000382 -1.000000 -0.000253
vn -0.000381 -1.000000 -0.000252
vn -0.000379 -1.000000 -0.000253
vn -0.000379 -1.000000 -0.000253
vn -0.000379 -1.000000 -0.000252
vn -0.000380 -1.000000 -0.000253
vn -0.000382 -1.000000 -0.000253
vn -0.000382 -1.000000 -0.000249
vn -0.000380 -1.000000 -0.000283
vn -0.000380 -1.000000 -0.000254
vn -0.000383 -1.000000 -0.000254
vn -0.000384 -1.000000 -0.000278
vn 0.011718 0.000230 0.999931
vn 0.011718 0.000242 0.999931
vn 0.011725 0.000210 0.999931
vn 0.011726 0.000231 0.999931
vn 0.011736 0.000232 0.999931
vn 0.011736 0.000231 0.999931
vn 0.011725 0.000231 0.999931
vn 0.011730 0.000247 0.999931
vn 0.011735 0.000292 0.999931
vn 0.011751 0.000291 0.999931
vn 0.011725 0.000215 0.999931
vn 0.011727 0.000243 0.999931
vn 0.011718 0.000243 0.999931
vn 0.011715 0.000235 0.999931
vn 0.011725 0.000223 0.999931
vn 0.011722 0.000229 0.999931
vn 0.011696 0.000270 0.999932
vn 0.011702 0.000275 0.999932
vn 0.000380 1.000000 0.000253
vn 0.000381 1.000000 0.000256
vn 0.000379 1.000000 0.000269
vn 0.000378 1.000000 0.000253
vn -0.003073 -0.000215 -0.999995
vn -0.003075 -0.000225 -0.999995
vn -0.003082 -0.000225 -0.999995
vn -0.003070 -0.000239 -0.999995
vn -0.003066 -0.000251 -0.999995
vn -0.003062 -0.000265 -0.999995
vn -0.003060 -0.000265 -0.999995
vn -0.003039 -0.000250 -0.999995
vn 0.000442 1.000000 0.000253
vn 0.000441 1.000000 0.000262
vn 0.000448 1.000000 0.000263
vn 0.000449 1.000000 0.000253
vn -0.006418 0.815963 -0.578068
vn -0.006316 0.822041 -0.569393
vn -0.006293 0.822039 -0.569396
vn -0.006414 0.815956 -0.578078
vn 0.999985 0.001683 -0.005205
vn 0.999985 0.001796 -0.005208
vn 0.999986 -0.000590 -0.005208
vn 0.999986 -0.000593 -0.005206
vn 0.998993 0.028312 -0.034805
vn 0.998764 0.032469 -0.037642
vn 0.997786 0.046218 -0.047824
vn 0.998646 0.034316 -0.039109
vn 0.041192 0.789306 -0.612617
vn 0.041200 0.789301 -0.612623
vn 0.041199 0.789302 -0.612621
vn 0.041192 0.789304 -0.612619
vn -0.997753 -0.046715 0.048024
vn -0.998753 -0.032555 0.037840
vn -0.998979 -0.028721 0.034877
vn -0.998627 -0.034491 0.039433
vn -0.999986 0.000597 0.005206
vn -0.999986 0.000597 0.005208
vn -0.999985 -0.001589 0.005210
vn -0.999985 -0.001524 0.005212
vn -0.999986 0.000605 0.005204
vn -0.999986 0.000597 0.005198
vn -0.999986 0.000546 0.005201
vn -0.999986 0.000542 0.005208
vn -0.999986 0.000597 0.005204
vn -0.999986 0.000618 0.005197
vn -0.999986 0.000643 0.005208
vn -0.999986 0.000641 0.005208
vn -0.999986 0.000631 0.005208
vn -0.999986 0.000626 0.005208
vn 0.009304 -0.999957 -0.000304
vn 0.004757 -0.999989 -0.000279
vn 0.004642 -0.999989 -0.000279
vn 0.009305 -0.999957 -0.000303
vn -0.000381 -1.000000 -0.000253
vn -0.000380 -1.000000 -0.000252
vn -0.000380 -1.000000 -0.000253
vn -0.000384 -1.000000 -0.000253
vn -0.000382 -1.000000 -0.000253
vn -0.000381 -1.000000 -0.000252
vn -0.000380 -1.000000 -0.000252
vn -0.000382 -1.000000 -0.000253
vn -0.000376 -1.000000 -0.000253
vn -0.000380 -1.000000 -0.000254
vn -0.000380 -1.000000 -0.000253
vn -0.000379 -1.000000 -0.000253
vn -0.000384 -1.000000 -0.000253
vn -0.000382 -1.000000 -0.000253
vn -0.000381 -1.000000 -0.000253
vn -0.000382 -1.000000 -0.000254
vn -0.000380 -1.000000 -0.000253
vn -0.000380 -1.000000 -0.000253
vn -0.000380 -1.000000 -0.000253
vn -0.000380 -1.000000 -0.000253
vn 0.009304 -0.999957 -0.000304
vn 0.009303 -0.999957 -0.000303
vn 0.009303 -0.999957 -0.000303
vn 0.009305 -0.999957 -0.000303
vn 0.999986 -0.000635 -0.005209
vn 0.999986 -0.000643 -0.005208
vn 0.999986 -0.000689 -0.005208
vn 0.999986 -0.000668 -0.005208
vn 0.999986 -0.000609 -0.005210
vn 0.999986 -0.000612 -0.005210
vn 0.999986 -0.000610 -0.005211
vn 0.999986 -0.000609 -0.005210
vn 0.999986 -0.000591 -0.005206
vn 0.999986 -0.000585 -0.005203
vn 0.999985 0.001567 -0.005214
vn 0.999985 0.001678 -0.005211
vn 0.999986 -0.000602 -0.005205
vn 0.999986 -0.000600 -0.005207
vn 0.998977 0.028793 -0.034882
vn 0.998747 0.032776 -0.037828
vn 0.997765 0.046487 -0.048003
vn 0.998617 0.034772 -0.039437
vn 0.041197 0.789307 -0.612616
vn 0.041204 0.789309 -0.612613
vn 0.041202 0.789306 -0.612617
vn 0.041196 0.789305 -0.612619
vn -0.997748 -0.046775 0.048071
vn -0.998747 -0.032780 0.037822
vn -0.998977 -0.028778 0.034872
vn -0.998617 -0.034768 0.039436
vn -0.999986 0.000599 0.005209
vn -0.999986 0.000598 0.005208
vn -0.999985 -0.001621 0.005211
vn -0.999985 -0.001610 0.005212
vn 0.000442 1.000000 0.000253
vn 0.000442 1.000000 0.000253
vn 0.000442 1.000000 0.000253
vn 0.000442 1.000000 0.000253
vn -0.003225 0.878889 -0.477015
vn -0.003109 0.878889 -0.477016
vn -0.003100 0.879137 -0.476559
vn -0.003216 0.879137 -0.476558
vn 0.000442 1.000000 0.000253
vn 0.000442 1.000000 0.000253
vn 0.000442 1.000000 0.000253
vn 0.000442 1.000000 0.000253
vn -0.003321 0.874940 -0.484221
vn -0.003320 0.874694 -0.484664
vn -0.003205 0.874694 -0.484666
vn -0.003206 0.874940 -0.484220
vn 0.000442 1.000000 0.000253
vn 0.000442 1.000000 0.000253
vn 0.000442 1.000000 0.000253
vn 0.000442 1.000000 0.000253
vn 0.999441 0.019110 -0.027443
vn 0.999394 0.020292 -0.028286
vn 0.999392 0.020512 -0.028195
vn 0.999373 0.020690 -0.028748
vn 0.041197 0.789308 -0.612614
vn 0.041197 0.789308 -0.612613
vn 0.041197 0.789312 -0.612609
vn 0.041196 0.789310 -0.612611
vn -0.999392 -0.020547 0.028170
vn -0.999399 -0.020157 0.028211
vn -0.999443 -0.018976 0.027444
vn -0.999374 -0.020646 0.028748
vn -0.999986 0.000596 0.005219
vn -0.999986 0.000596 0.005221
vn -0.999985 -0.001397 0.005221
vn -0.999986 -0.000725 0.005218
vn -0.999986 0.000594 0.005217
vn -0.999986 0.000586 0.005209
vn -0.999986 0.000552 0.005201
vn -0.999986 0.000552 0.005210
vn -0.999986 0.000625 0.005222
vn -0.999986 0.000620 0.005214
vn -0.999986 0.000558 0.005210
vn -0.999986 0.000554 0.005201
vn -0.999986 0.000606 0.005201
vn -0.999986 0.000611 0.005210
vn 0.009304 -0.999957 -0.000304
vn 0.004833 -0.999988 -0.000281
vn 0.004659 -0.999989 -0.000280
vn 0.009304 -0.999957 -0.000304
vn -0.000377 -1.000000 -0.000253
vn -0.000380 -1.000000 -0.000253
vn -0.000380 -1.000000 -0.000252
vn -0.000377 -1.000000 -0.000253
vn -0.000377 -1.000000 -0.000253
vn -0.000381 -1.000000 -0.000253
vn -0.000382 -1.000000 -0.000254
vn -0.000379 -1.000000 -0.000254
vn -0.000377 -1.000000 -0.000252
vn -0.000380 -1.000000 -0.000253
vn -0.000380 -1.000000 -0.000253
vn -0.000375 -1.000000 -0.000253
vn -0.000379 -1.000000 -0.000253
vn -0.000382 -1.000000 -0.000252
vn -0.000382 -1.000000 -0.000253
vn -0.000380 -1.000000 -0.000252
vn -0.000380 -1.000000 -0.000252
vn -0.000380 -1.000000 -0.000252
vn -0.000380 -1.000000 -0.000252
vn -0.000380 -1.000000 -0.000252
vn 0.009304 -0.999957 -0.000303
vn 0.009296 -0.999957 -0.000303
vn 0.009294 -0.999957 -0.000303
vn 0.009304 -0.999957 -0.000303
vn 0.999986 -0.000621 -0.005199
vn 0.999986 -0.000616 -0.005200
vn 0.999986 -0.000626 -0.005206
vn 0.999986 -0.000631 -0.005205
vn 0.999986 -0.000605 -0.005211
vn 0.999986 -0.000607 -0.005208
vn 0.999986 -0.000593 -0.005206
vn 0.999986 -0.000594 -0.005210
vn 0.999986 -0.000585 -0.005219
vn 0.999986 -0.000586 -0.005221
vn 0.999986 0.000765 -0.005213
vn 0.999986 0.001275 -0.005217
vn 0.999986 -0.000604 -0.005206
vn 0.999986 -0.000604 -0.005210
vn 0.999428 0.019381 -0.027708
vn 0.999396 0.020267 -0.028238
vn 0.999401 0.020295 -0.028035
vn 0.999370 0.020812 -0.028749
vn 0.041193 0.789306 -0.612616
vn 0.041174 0.789310 -0.612613
vn 0.041181 0.789307 -0.612616
vn 0.041194 0.789308 -0.612614
vn -0.999398 -0.020402 0.028065
vn -0.999400 -0.020146 0.028162
vn -0.999438 -0.019077 0.027550
vn -0.999378 -0.020615 0.028621
vn -0.999986 0.000599 0.005210
vn -0.999986 0.000599 0.005211
vn -0.999986 -0.001364 0.005214
vn -0.999986 -0.000806 0.005218
vn 0.000442 1.000000 0.000253
vn 0.000442 1.000000 0.000253
vn 0.000442 1.000000 0.000253
vn 0.000442 1.000000 0.000253
vn -0.001368 0.864979 -0.501806
vn -0.001479 0.859084 -0.511832
vn -0.001468 0.859067 -0.511861
vn -0.001357 0.865050 -0.501685
vn 0.000442 1.000000 0.000253
vn 0.000442 1.000000 0.000252
vn 0.000442 1.000000 0.000252
vn 0.000442 1.000000 0.000253
vn -0.001392 0.863929 -0.503612
vn -0.001471 0.859458 -0.511204
vn -0.001463 0.859429 -0.511254
vn -0.001391 0.863991 -0.503505
vn -0.601367 0.798966 0.003337
vn -0.003034 0.999995 0.000271
vn -0.003025 0.999995 0.000271
vn -0.601367 0.798966 0.003337
vn 0.999986 0.000816 -0.005221
vn 0.999986 0.001318 -0.005220
vn 0.999986 -0.000594 -0.005201
vn 0.999986 -0.000592 -0.005210
vn 0.999784 0.008187 -0.019089
vn 0.999776 0.008622 -0.019359
vn 0.999770 0.009029 -0.019432
vn 0.999771 0.008730 -0.019525
vn 0.041195 0.789306 -0.612617
vn 0.041169 0.789307 -0.612617
vn 0.041170 0.789306 -0.612618
vn 0.041195 0.789307 -0.612616
vn -0.999774 -0.008816 0.019352
vn -0.999773 -0.008732 0.019426
vn -0.999780 -0.008395 0.019222
vn -0.999767 -0.008946 0.019638
vn -0.999986 0.000596 0.005209
vn -0.999986 0.000596 0.005208
vn -0.999986 -0.000601 0.005211
vn -0.999986 -0.000216 0.005214
vn -0.999986 0.000567 0.005208
vn -0.999986 0.000568 0.005209
vn -0.999986 0.000552 0.005208
vn -0.999986 0.000552 0.005208
vn -0.999986 0.000593 0.005208
vn -0.999986 0.000593 0.005209
vn -0.999986 0.000557 0.005208
vn -0.999986 0.000557 0.005209
vn -0.999986 0.000618 0.005209
vn -0.999986 0.000617 0.005208
vn 0.009304 -0.999957 -0.000303
vn 0.004863 -0.999988 -0.000280
vn 0.004634 -0.999989 -0.000279
vn 0.009304 -0.999957 -0.000304
vn -0.000377 -1.000000 -0.000253
vn -0.000380 -1.000000 -0.000253
vn -0.000380 -1.000000 -0.000253
vn -0.000377 -1.000000 -0.000253
vn -0.000378 -1.000000 -0.000253
vn -0.000380 -1.000000 -0.000253
vn -0.000380 -1.000000 -0.000253
vn -0.000378 -1.000000 -0.000253
vn -0.000381 -1.000000 -0.000253
vn -0.000380 -1.000000 -0.000253
vn -0.000380 -1.000000 -0.000253
vn -0.000381 -1.000000 -0.000253
vn -0.000379 -1.000000 -0.000253
vn -0.000382 -1.000000 -0.000253
vn -0.000382 -1.000000 -0.000253
vn -0.000379 -1.000000 -0.000253
vn -0.000380 -1.000000 -0.000253
vn -0.000380 -1.000000 -0.000253
vn -0.000380 -1.000000 -0.000253
vn -0.000380 -1.000000 -0.000253
vn 0.009303 -0.999957 -0.000303
vn 0.009295 -0.999957 -0.000303
vn 0.009295 -0.999957 -0.000303
vn 0.009303 -0.999957 -0.000304
vn 0.999986 -0.000608 -0.005208
vn 0.999986 -0.000609 -0.005209
vn 0.999986 -0.000564 -0.005208
vn 0.999986 -0.000564 -0.005208
vn 0.999986 -0.000638 -0.005208
vn 0.999986 -0.000639 -0.005208
vn 0.999986 -0.000620 -0.005207
vn 0.999986 -0.000619 -0.005207
vn 0.999986 -0.000590 -0.005209
vn 0.999986 -0.000590 -0.005209
vn 0.999986 0.000147 -0.005209
vn 0.999986 0.000490 -0.005210
vn 0.999986 -0.000601 -0.005210
vn 0.999986 -0.000601 -0.005209
vn 0.999781 0.008336 -0.019215
vn 0.999774 0.008679 -0.019418
vn 0.999774 0.008839 -0.019357
vn 0.999768 0.008871 -0.019631
vn 0.041193 0.789305 -0.612618
vn 0.041186 0.789298 -0.612628
vn 0.041185 0.789297 -0.612629
vn 0.041193 0.789305 -0.612618
vn -0.999774 -0.008879 0.019345
vn -0.999776 -0.008577 0.019337
vn -0.999784 -0.008183 0.019103
vn -0.999771 -0.008716 0.019523
vn -0.999986 0.000597 0.005209
vn -0.999986 0.000597 0.005208
vn -0.999986 -0.000646 0.005211
vn -0.999986 -0.000280 0.005210
vn 0.000442 1.000000 0.000253
vn 0.000442 1.000000 0.000253
vn 0.000442 1.000000 0.000253
vn 0.000442 1.000000 0.000253
vn -0.003710 0.849211 -0.528041
vn -0.003791 0.849211 -0.528040
vn -0.003792 0.849018 -0.528350
vn -0.003710 0.849018 -0.528351
vn 0.000442 1.000000 0.000253
vn 0.000442 1.000000 0.000253
vn 0.000441 1.000000 0.000253
vn 0.000441 1.000000 0.000253
vn -0.003646 0.852385 -0.522902
vn -0.003727 0.852385 -0.522901
vn -0.003715 0.852197 -0.523207
vn -0.003633 0.852197 -0.523208
vn 0.000440 1.000000 0.000253
vn 0.000442 1.000000 0.000253
vn 0.000442 1.000000 0.000253
vn 0.000440 1.000000 0.000253
vn 0.999986 -0.000598 -0.005208
vn 0.999986 0.000163 -0.005212
vn 0.999986 0.000458 -0.005213
vn 0.999986 -0.000598 -0.005209
vn 0.999876 0.003554 -0.015348
vn 0.999874 0.003383 -0.015479
vn 0.041182 0.789296 -0.612630
vn 0.041196 0.789302 -0.612622
vn -0.999876 -0.003590 0.015328
vn -0.999875 -0.003464 0.015439
vn -0.999986 0.000592 0.005207
vn -0.999987 -0.000056 0.005187
vn -0.999986 0.000550 0.005214
vn -0.999986 0.000546 0.005214
vn -0.999986 0.000591 0.005214
vn -0.999986 0.000632 0.005207
vn -0.999986 0.000645 0.005212
vn 0.009305 -0.999957 -0.000303
vn 0.004841 -0.999988 -0.000279
vn -0.000380 -1.000000 -0.000251
vn -0.000381 -1.000000 -0.000253
vn -0.000380 -1.000000 -0.000254
vn -0.000382 -1.000000 -0.000253
vn -0.000380 -1.000000 -0.000254
vn -0.000381 -1.000000 -0.000253
vn -0.000381 -1.000000 -0.000255
vn -0.000379 -1.000000 -0.000254
vn -0.000380 -1.000000 -0.000253
vn -0.000380 -1.000000 -0.000253
vn 0.009305 -0.999957 -0.000304
vn 0.009310 -0.999957 -0.000303
vn 0.999986 -0.000615 -0.005210
vn 0.999986 -0.000591 -0.005214
vn 0.999986 -0.000622 -0.005213
vn 0.999986 -0.000601 -0.005217
vn 0.999986 -0.000598 -0.005214
vn 0.999986 -0.000082 -0.005217
vn 0.999986 -0.000599 -0.005214
vn 0.999876 0.003533 -0.015370
vn 0.999874 0.003525 -0.015486
vn 0.041187 0.789305 -0.612618
vn 0.041196 0.789306 -0.612617
vn -0.999876 -0.003523 0.015360
vn -0.999874 -0.003521 0.015483
vn -0.999986 0.000598 0.005200
vn -0.999986 -0.000049 0.005215
vn 0.000442 1.000000 0.000253
vn 0.000442 1.000000 0.000253
vn -0.006362 0.818979 -0.573788
vn -0.006362 0.818956 -0.573821
vn 0.000442 1.000000 0.000253
vn 0.000440 1.000000 0.000253
vn -0.006352 0.819346 -0.573265
vn -0.006340 0.819336 -0.573278
vn -0.010938 0.937674 -0.347343
vn -0.009364 0.983002 -0.183355
vn -0.009364 0.983004 -0.183347
vn -0.010938 0.937674 -0.347343
vn 0.999986 -0.000602 -0.005207
vn 0.999986 -0.000017 -0.005214
vn 0.999986 -0.000579 -0.005187
vn 0.999986 -0.000575 -0.005187
vn 0.999939 0.000407 -0.011047
vn 0.999949 0.000246 -0.010100
vn -0.009305 0.999957 0.000302
vn -0.009301 0.999957 0.000302
vn 0.030877 0.870264 -0.491618
vn 0.031041 0.869043 -0.493762
vn -0.999938 -0.000421 0.011101
vn -0.999986 0.000600 0.005209
vn -0.999986 0.000660 0.005209
vn -0.999949 -0.000211 0.010153
vn -0.999986 0.000597 0.005208
vn -0.999986 0.000602 0.005209
vn -0.999986 0.000594 0.005209
vn -0.999986 0.000297 0.005216
vn -0.999986 0.000594 0.005205
vn -0.999986 0.000586 0.005218
vn -0.999986 0.000550 0.005220
vn -0.999986 0.000548 0.005207
vn -0.999986 0.000596 0.005205
vn -0.999986 0.000627 0.005225
vn -0.999986 0.000628 0.005205
vn -0.999986 0.000520 0.005209
vn -0.999986 0.000619 0.005209
vn -0.999986 0.000631 0.005205
vn 0.009305 -0.999957 -0.000304
vn 0.004662 -0.999989 -0.000279
vn 0.004666 -0.999989 -0.000281
vn 0.009305 -0.999957 -0.000304
vn -0.000382 -1.000000 -0.000254
vn -0.000380 -1.000000 -0.000253
vn -0.000380 -1.000000 -0.000253
vn -0.000378 -1.000000 -0.000253
vn -0.000377 -1.000000 -0.000253
vn -0.000381 -1.000000 -0.000254
vn -0.000381 -1.000000 -0.000253
vn -0.000382 -1.000000 -0.000253
vn -0.000381 -1.000000 -0.000253
vn -0.000380 -1.000000 -0.000252
vn -0.000380 -1.000000 -0.000253
vn -0.000381 -1.000000 -0.000253
vn -0.000379 -1.000000 -0.000251
vn -0.000381 -1.000000 -0.000252
vn -0.000382 -1.000000 -0.000253
vn -0.000379 -1.000000 -0.000253
vn -0.000380 -1.000000 -0.000252
vn -0.000380 -1.000000 -0.000252
vn -0.000380 -1.000000 -0.000253
vn -0.000380 -1.000000 -0.000253
vn 0.009306 -0.999957 -0.000304
vn 0.009304 -0.999957 -0.000303
vn 0.009311 -0.999957 -0.000302
vn 0.009306 -0.999957 -0.000300
vn 0.999986 -0.000608 -0.005209
vn 0.999986 -0.000589 -0.005215
vn 0.999986 -0.000576 -0.005208
vn 0.999986 -0.000605 -0.005208
vn 0.999986 -0.000607 -0.005195
vn 0.999986 -0.000609 -0.005196
vn 0.999986 -0.000598 -0.005205
vn 0.999986 -0.000605 -0.005205
vn 0.999986 -0.000600 -0.005210
vn 0.999986 -0.000596 -0.005205
vn 0.999986 -0.000527 -0.005194
vn 0.999986 -0.000595 -0.005205
vn 0.999986 -0.000598 -0.005206
vn 0.999986 -0.000252 -0.005206
vn 0.999986 -0.000584 -0.005215
vn 0.999986 -0.000597 -0.005215
vn 0.999940 0.000384 -0.010980
vn 0.999950 0.000199 -0.010026
vn -0.009305 0.999957 0.000303
vn -0.009303 0.999957 0.000303
vn 0.030435 0.873156 -0.486490
vn 0.030573 0.872198 -0.488198
vn -0.999940 -0.000379 0.010985
vn -0.999986 0.000626 0.005215
vn -0.999986 0.000624 0.005215
vn -0.999950 -0.000209 0.010050
vn -0.999986 0.000602 0.005208
vn -0.999986 0.000599 0.005215
vn -0.999986 0.000603 0.005215
vn -0.999986 0.000336 0.005209
vn 0.000442 1.000000 0.000253
vn 0.000442 1.000000 0.000253
vn 0.000442 1.000000 0.000253
vn 0.000442 1.000000 0.000253
vn -0.005569 0.861815 -0.507192
vn 0.000442 1.000000 0.000252
vn 0.000443 1.000000 0.000254
vn -0.005550 0.861788 -0.507238
vn 0.000442 1.000000 0.000253
vn 0.000442 1.000000 0.000252
vn 0.000443 1.000000 0.000253
vn 0.000441 1.000000 0.000253
vn -0.005575 0.861458 -0.507798
vn 0.000442 1.000000 0.000251
vn 0.000436 1.000000 0.000249
vn -0.005586 0.861447 -0.507816
vn 0.000442 1.000000 0.000253
vn 0.000442 1.000000 0.000253
vn 0.000442 1.000000 0.000253
vn 0.000441 1.000000 0.000253
vn 0.999986 -0.000642 -0.005209
vn 0.999986 -0.000599 -0.005210
vn 0.999986 -0.000602 -0.005207
vn 0.999986 -0.000377 -0.005207
vn 0.999986 -0.000519 -0.005220
vn 0.999986 -0.000565 -0.005220
vn 0.999986 -0.000564 -0.005213
vn 0.999986 -0.000535 -0.005213
vn -0.009305 0.999957 0.000304
vn -0.009301 0.999957 0.000305
vn -0.009300 0.999957 0.000305
vn -0.009305 0.999957 0.000303
vn -0.999986 0.000600 0.005201
vn -0.999986 0.000600 0.005208
vn -0.999986 0.000579 0.005212
vn -0.999986 0.000592 0.005205
vn -0.999986 0.000600 0.005213
vn -0.999986 0.000600 0.005212
vn -0.999986 0.000781 0.005212
vn -0.999986 0.000776 0.005210
vn -0.999986 0.000564 0.005213
vn -0.999986 0.000561 0.005212
vn -0.999986 0.000549 0.005212
vn -0.999986 0.000549 0.005213
vn -0.999986 0.000607 0.005213
vn -0.999986 0.000607 0.005212
vn -0.999986 0.000482 0.005213
vn -0.999986 0.000493 0.005212
vn -0.999986 0.000604 0.005212
vn -0.999986 0.000604 0.005213
vn 0.009305 -0.999957 -0.000301
vn 0.004844 -0.999988 -0.000280
vn 0.004651 -0.999989 -0.000280
vn 0.009305 -0.999957 -0.000304
vn -0.000382 -1.000000 -0.000253
vn -0.000380 -1.000000 -0.000254
vn -0.000380 -1.000000 -0.000255
vn -0.000381 -1.000000 -0.000252
vn -0.000378 -1.000000 -0.000254
vn -0.000380 -1.000000 -0.000254
vn -0.000380 -1.000000 -0.000252
vn -0.000377 -1.000000 -0.000254
vn -0.000381 -1.000000 -0.000252
vn -0.000380 -1.000000 -0.000254
vn -0.000380 -1.000000 -0.000254
vn -0.000381 -1.000000 -0.000253
vn -0.000379 -1.000000 -0.000254
vn -0.000381 -1.000000 -0.000253
vn -0.000381 -1.000000 -0.000252
vn -0.000378 -1.000000 -0.000252
vn -0.000380 -1.000000 -0.000254
vn -0.000380 -1.000000 -0.000254
vn -0.000380 -1.000000 -0.000252
vn -0.000380 -1.000000 -0.000252
vn 0.009305 -0.999957 -0.000304
vn 0.009311 -0.999957 -0.000304
vn 0.009311 -0.999957 -0.000305
vn 0.009305 -0.999957 -0.000305
vn 0.999986 -0.000578 -0.005210
vn 0.999986 -0.000571 -0.005213
vn 0.999986 -0.000569 -0.005208
vn 0.999986 -0.000576 -0.005208
vn 0.999986 -0.000646 -0.005210
vn 0.999986 -0.000614 -0.005206
vn 0.999986 -0.000611 -0.005206
vn 0.999986 -0.000645 -0.005208
vn 0.999986 -0.000600 -0.005198
vn 0.999986 -0.000602 -0.005204
vn 0.999986 -0.000567 -0.005207
vn 0.999986 -0.000596 -0.005198
vn 0.999986 -0.000595 -0.005196
vn 0.999986 -0.000561 -0.005210
vn 0.999986 -0.000587 -0.005216
vn 0.999986 -0.000609 -0.005214
vn 0.999986 -0.000608 -0.005215
vn 0.999986 -0.000590 -0.005215
vn -0.009304 0.999957 0.000305
vn -0.009295 0.999957 0.000302
vn -0.009295 0.999957 0.000303
vn -0.009304 0.999957 0.000303
vn -0.999986 0.000627 0.005208
vn -0.999986 0.000624 0.005214
vn -0.999986 0.000611 0.005213
vn -0.999986 0.000618 0.005208
vn -0.999986 0.000599 0.005212
vn -0.999986 0.000600 0.005205
vn -0.999986 0.000576 0.005213
vn -0.999986 0.000565 0.005215
vn 0.000442 1.000000 0.000253
vn 0.000442 1.000000 0.000252
vn 0.000442 1.000000 0.000252
vn 0.000442 1.000000 0.000253
vn 0.000443 1.000000 0.000251
vn 0.000443 1.000000 0.000252
vn 0.000450 1.000000 0.000252
vn 0.000450 1.000000 0.000252
vn 0.000442 1.000000 0.000253
vn 0.000442 1.000000 0.000252
vn 0.000442 1.000000 0.000253
vn 0.000442 1.000000 0.000252
vn 0.000442 1.000000 0.000253
vn 0.000442 1.000000 0.000254
vn 0.000443 1.000000 0.000253
vn 0.000443 1.000000 0.000252
vn 0.000442 1.000000 0.000254
vn 0.000442 1.000000 0.000254
vn 0.000443 1.000000 0.000255
vn 0.000443 1.000000 0.000255
vn 0.999986 -0.000576 -0.005212
vn 0.999986 -0.000595 -0.005220
vn 0.999986 -0.000595 -0.005221
vn 0.999986 -0.000589 -0.005217
vn -0.008586 0.000052 -0.999963
vn -0.011710 0.000000 -0.999932
vn -0.011707 0.000000 -0.999932
vn -0.008437 0.000128 -0.999964
vn -0.999987 0.000000 0.005210
vn -0.999986 0.000000 0.005210
vn -0.999986 0.000000 0.005210
vn -0.999987 0.000000 0.005210
vn 0.011710 -0.000000 0.999932
vn 0.008663 -0.000052 0.999963
vn 0.008514 -0.000128 0.999964
vn 0.011707 -0.000000 0.999932
vn 0.999986 0.000000 -0.005210
vn 0.999986 0.000000 -0.005210
vn -0.999987 -0.000000 0.005113
vn -0.999987 -0.000002 0.005160
vn -0.011731 0.000000 -0.999931
vn -0.011724 0.000000 -0.999931
vn -0.011724 0.000104 -0.999931
vn -0.011716 0.000104 -0.999931
vn -0.999987 0.000000 0.005197
vn -0.999987 0.000000 0.005197
vn -0.999986 0.000177 0.005197
vn -0.999987 0.000177 0.005197
vn 0.011724 0.000000 0.999931
vn 0.011733 0.000000 0.999931
vn 0.011748 -0.000009 0.999931
vn 0.011734 -0.000056 0.999931
vn 0.999986 0.000000 -0.005213
vn 0.999986 0.000000 -0.005213
vn 0.999987 -0.000174 -0.005180
vn 0.999987 -0.000174 -0.005180
vn -0.999986 0.000000 0.005209
vn -0.999987 0.000000 0.005209
vn -0.999986 0.000182 0.005209
vn -0.999986 0.000182 0.005209
vn 0.009747 0.000000 0.999953
vn 0.009750 0.000000 0.999952
vn 0.009736 -0.000107 0.999953
vn 0.009747 -0.000107 0.999952
vn 0.999986 0.000000 -0.005199
vn 0.999986 0.000000 -0.005199
vn 0.999986 -0.000182 -0.005199
vn 0.999987 -0.000182 -0.005199
vn -0.010850 0.000000 -0.999941
vn -0.010851 0.000000 -0.999941
vn -0.010851 0.000108 -0.999941
vn -0.010852 0.000108 -0.999941
vn -0.011724 0.000258 -0.999931
vn -0.011693 0.000258 -0.999932
vn -0.999986 0.000437 0.005197
vn -0.999986 0.000437 0.005197
vn 0.011768 -0.000022 0.999931
vn 0.011748 -0.000135 0.999931
vn 0.999987 -0.000421 -0.005131
vn 0.999987 -0.000421 -0.005128
vn -0.999986 0.000230 0.005209
vn -0.999986 0.000230 0.005209
vn 0.009697 -0.000135 0.999953
vn 0.009747 -0.000135 0.999953
vn 0.999987 -0.000229 -0.005199
vn 0.999986 -0.000229 -0.005199
vn -0.010851 0.000136 -0.999941
vn -0.010851 0.000136 -0.999941
vn -0.999986 0.000000 0.005209
vn -0.999987 0.000000 0.005209
vn 0.009677 0.000000 0.999953
vn 0.009747 0.000000 0.999952
vn 0.999987 0.000000 -0.005199
vn 0.999987 0.000000 -0.005199
vn -0.010851 0.000000 -0.999941
vn -0.010849 0.000000 -0.999941
vn 0.000442 1.000000 0.000253
vn 0.000442 1.000000 0.000253
vn 0.999986 0.001056 -0.005209
vn 0.999986 -0.000597 -0.005210
vn 0.993405 0.085270 -0.076648
vn 0.992933 0.087635 -0.080023
vn 0.041198 0.789308 -0.612613
vn 0.041192 0.789305 -0.612618
vn -0.993397 -0.085242 0.076780
vn -0.992609 -0.090039 0.081371
vn -0.999986 0.000597 0.005206
vn -0.999986 -0.000994 0.005206
vn -0.999986 0.000613 0.005211
vn -0.999986 0.000538 0.005214
vn -0.999986 0.000575 0.005210
vn -0.999986 0.000631 0.005210
vn -0.999986 0.000614 0.005210
vn 0.009304 -0.999957 -0.000304
vn 0.004843 -0.999988 -0.000281
vn -0.000380 -1.000000 -0.000253
vn -0.000386 -1.000000 -0.000253
vn -0.000380 -1.000000 -0.000254
vn -0.000382 -1.000000 -0.000253
vn -0.000380 -1.000000 -0.000253
vn -0.000381 -1.000000 -0.000253
vn -0.000381 -1.000000 -0.000253
vn -0.000379 -1.000000 -0.000253
vn -0.000380 -1.000000 -0.000254
vn -0.000380 -1.000000 -0.000254
vn 0.009304 -0.999957 -0.000303
vn 0.009303 -0.999957 -0.000304
vn 0.999986 -0.000626 -0.005210
vn 0.999986 -0.000645 -0.005210
vn 0.999986 -0.000601 -0.005209
vn 0.999986 -0.000606 -0.005207
vn 0.999986 -0.000597 -0.005212
vn 0.999986 -0.000599 -0.005210
vn 0.999986 0.000985 -0.005210
vn 0.993355 0.085690 -0.076829
vn 0.992685 0.089207 -0.081351
vn 0.041200 0.789300 -0.612624
vn 0.041194 0.789303 -0.612620
vn -0.993403 -0.085112 0.076859
vn -0.992571 -0.090176 0.081677
vn -0.999986 0.000601 0.005208
vn -0.999986 -0.001073 0.005208
vn 0.000442 1.000000 0.000253
vn 0.000442 1.000000 0.000253
vn 0.000442 1.000000 0.000253
vn 0.000442 1.000000 0.000253
vn 0.000442 1.000000 0.000253
vn 0.000442 1.000000 0.000253
vn 0.000442 1.000000 0.000253
vn 0.000441 1.000000 0.000253
vn 0.000442 1.000000 0.000253
vn 0.000442 1.000000 0.000253
vn 0.000442 1.000000 0.000253
vn 0.000441 1.000000 0.000253
vn -0.999986 0.000043 0.005209
vn -0.999986 0.000146 0.005233
vn -0.999986 0.000000 0.005233
vn -0.999987 0.000000 0.005209
vn 0.003076 0.000000 0.999995
vn 0.003095 0.000000 0.999995
vn 0.003096 0.000000 0.999995
vn 0.003075 0.000000 0.999995
vn 0.999985 -0.000049 -0.005443
vn 0.999987 -0.000084 -0.005206
vn 0.999987 -0.000001 -0.005206
vn 0.999986 -0.000001 -0.005230
vn -0.999986 0.000000 0.005207
vn -0.999986 0.000000 0.005209
vn -0.999987 0.000000 0.005209
vn -0.999987 0.000000 0.005207
vn 0.999987 0.000000 -0.005209
vn 0.999986 0.000000 -0.005207
vn 0.999987 0.000000 -0.005207
vn 0.999987 0.000000 -0.005209
vn -0.011725 0.009605 -0.999885
vn -0.011719 0.009604 -0.999885
vn -0.011719 0.009608 -0.999885
vn -0.011692 0.009608 -0.999886
vn -0.999987 0.000027 0.005206
vn -0.999987 0.000025 0.005206
vn -0.999987 0.000015 0.005162
vn -0.999987 0.000016 0.005164
vn 0.999987 -0.000037 -0.005206
vn 0.999986 -0.000040 -0.005206
vn 0.999987 -0.000015 -0.005168
vn 0.999987 -0.000014 -0.005167
vn -0.999987 0.000008 0.005210
vn -0.999987 0.000010 0.005201
vn -0.999987 -0.000000 0.005205
vn -0.999987 0.000000 0.005197
vn 0.999986 -0.000009 -0.005221
vn 0.999987 -0.000007 -0.005210
vn 0.999987 0.000001 -0.005191
vn 0.999986 0.000001 -0.005221
vn -0.999986 0.000002 0.005208
vn -0.999987 0.000001 0.005209
vn -0.999986 0.000000 0.005209
vn -0.999987 0.000000 0.005208
vn 0.999987 0.000000 -0.005206
vn 0.999986 0.000000 -0.005207
vn 0.999987 -0.000002 -0.005210
vn 0.999987 -0.000002 -0.005206
vn -0.999986 0.000000 0.005214
vn -0.999986 0.000000 0.005214
vn 0.999986 0.000000 -0.005200
vn 0.999987 -0.000000 -0.005193
vn -0.999986 0.000000 0.005212
vn -0.999986 0.000000 0.005214
vn -0.999986 0.000000 0.005214
vn -0.999986 0.000000 0.005212
vn 0.999986 -0.000012 -0.005206
vn 0.999986 -0.000002 -0.005207
vn 0.999986 0.000000 -0.005207
vn 0.999986 -0.000000 -0.005206
vn -0.999987 0.000000 0.005198
vn -0.999986 0.000000 0.005202
vn -0.999987 0.000000 0.005202
vn -0.999987 0.000000 0.005198
vn 0.999986 -0.000065 -0.005217
vn 0.999986 -0.000055 -0.005214
vn 0.999986 0.000000 -0.005214
vn 0.999986 -0.000000 -0.005217
vn -0.999987 0.000021 0.005210
vn -0.999985 0.000073 0.005393
vn -0.999985 -0.000001 0.005393
vn -0.999986 -0.000001 0.005210
vn 0.003071 0.000442 0.999995
vn 0.003073 0.000402 0.999995
vn 0.003087 0.000401 0.999995
vn 0.003074 0.000401 0.999995
vn 0.999986 -0.000049 -0.005278
vn 0.999986 -0.000068 -0.005205
vn 0.999986 0.000000 -0.005205
vn 0.999987 0.000001 -0.005171
vn -0.999986 0.000027 0.005218
vn -0.999986 0.000082 0.005209
vn -0.999986 -0.000001 0.005209
vn -0.999986 -0.000001 0.005218
vn 0.999987 -0.000031 -0.005207
vn 0.999986 -0.000004 -0.005214
vn 0.999986 0.000001 -0.005214
vn 0.999987 0.000001 -0.005207
vn -0.999987 0.000041 0.005208
vn -0.999986 0.000039 0.005207
vn -0.999987 0.000013 0.005167
vn -0.999987 0.000014 0.005167
vn 0.999987 -0.000039 -0.005207
vn 0.999986 -0.000038 -0.005207
vn 0.999987 -0.000015 -0.005167
vn 0.999987 -0.000014 -0.005167
vn -0.011717 0.009073 -0.999890
vn -0.011721 0.009121 -0.999890
vn -0.011721 0.009123 -0.999890
vn -0.011716 0.009123 -0.999890
vn -0.999986 0.000000 0.005210
vn -0.999986 -0.000000 0.005211
vn -0.999986 -0.000000 0.005211
vn -0.999986 -0.000000 0.005206
vn 0.999986 0.000000 -0.005211
vn 0.999986 -0.000008 -0.005210
vn 0.999987 -0.000001 -0.005206
vn 0.999986 -0.000000 -0.005211
vn -0.999987 -0.000046 0.005207
vn -0.999986 -0.000046 0.005208
vn -0.999986 -0.000001 0.005207
vn -0.999987 -0.000001 0.005207
vn 0.999986 -0.000062 -0.005208
vn 0.999986 -0.000062 -0.005207
vn 0.999987 -0.000001 -0.005207
vn 0.999986 -0.000001 -0.005207
vn -0.999986 0.000019 0.005218
vn -0.999986 -0.000001 0.005218
vn 0.999986 -0.000006 -0.005214
vn 0.999986 0.000001 -0.005211
vn -0.999987 0.000077 0.005207
vn -0.999987 0.000034 0.005197
vn -0.999987 -0.000001 0.005197
vn -0.999987 -0.000001 0.005207
vn 0.999986 -0.000041 -0.005210
vn 0.999986 -0.000034 -0.005207
vn 0.999986 0.000001 -0.005207
vn 0.999987 0.000001 -0.005210
vn -0.999987 0.000023 0.005197
vn -0.999987 0.000021 0.005192
vn -0.999987 -0.000001 0.005192
vn -0.999987 -0.000001 0.005197
vn 0.999986 -0.000071 -0.005226
vn 0.999986 -0.000062 -0.005224
vn 0.999986 0.000001 -0.005224
vn 0.999986 0.000001 -0.005226
vn -0.011042 0.295575 -0.955256
vn -0.011070 0.295673 -0.955225
vn -0.009735 0.526758 -0.849960
vn -0.009711 0.526750 -0.849965
vn 0.999977 0.004122 -0.005453
vn 0.999979 0.003608 -0.005413
vn 0.999975 0.004469 -0.005481
vn 0.999975 0.004505 -0.005481
vn 0.999965 0.004807 -0.006801
vn 0.999970 0.004454 -0.006289
vn 0.999964 0.005092 -0.006832
vn 0.999962 0.005024 -0.007121
vn 0.999977 0.002263 -0.006318
vn 0.999978 0.002226 -0.006293
vn 0.999977 0.002365 -0.006366
vn 0.999977 0.002268 -0.006325
vn 0.999983 0.001085 -0.005791
vn 0.999983 0.001108 -0.005762
vn 0.999983 0.001129 -0.005766
vn 0.999982 0.001105 -0.005899
vn 0.999982 0.000415 -0.005910
vn 0.999982 0.000411 -0.005923
vn 0.999987 0.000000 -0.005206
vn 0.999983 0.000333 -0.005794
vn 0.999983 0.000310 -0.005753
vn 0.999986 0.000000 -0.005206
vn 0.999986 0.000000 -0.005209
vn 0.999987 0.000000 -0.005206
vn 0.999987 0.000000 -0.005206
vn 0.999987 0.000000 -0.005209
vn 0.999985 0.000001 -0.005439
vn 0.999987 0.000001 -0.005208
vn 0.999986 0.000001 -0.005208
vn 0.999985 0.000001 -0.005443
vn 0.003076 0.000000 0.999995
vn 0.003099 0.000000 0.999995
vn 0.003099 0.000000 0.999995
vn 0.003076 0.000000 0.999995
vn -0.999986 0.000000 0.005207
vn -0.999986 0.000000 0.005233
vn -0.999986 0.000000 0.005233
vn -0.999986 0.000000 0.005207
vn -0.999987 0.000000 0.005198
vn -0.999986 0.000000 0.005202
vn -0.999987 0.000000 0.005202
vn -0.999987 0.000000 0.005198
vn -0.999983 -0.000333 0.005799
vn -0.999986 0.000000 0.005214
vn -0.999986 0.000000 0.005214
vn -0.999983 -0.000310 0.005758
vn -0.999983 -0.001086 0.005794
vn -0.999983 -0.000414 0.005910
vn -0.999982 -0.000410 0.005926
vn -0.999982 -0.001100 0.005872
vn -0.999983 -0.001113 0.005788
vn -0.999983 -0.001133 0.005786
vn -0.999977 -0.002261 0.006371
vn -0.999978 -0.002256 0.006317
vn -0.999977 -0.002263 0.006329
vn -0.999977 -0.002359 0.006367
vn -0.999973 -0.004298 0.005959
vn -0.999965 -0.004825 0.006817
vn -0.999949 -0.005728 0.008379
vn -0.999966 -0.004811 0.006708
vn -0.999979 -0.003606 0.005413
vn -0.999977 -0.004046 0.005354
vn -0.999981 -0.003878 0.004797
vn -0.999975 -0.004454 0.005480
vn -0.011709 0.020552 -0.999720
vn -0.011714 0.020563 -0.999720
vn -0.009300 0.579348 -0.815027
vn -0.009301 0.579349 -0.815027
vn 0.999986 0.000811 -0.005228
vn 0.999987 0.000294 -0.005189
vn 0.999974 0.004643 -0.005508
vn 0.999974 0.004700 -0.005538
vn 0.999983 0.001246 -0.005618
vn 0.999985 0.000763 -0.005392
vn 0.999963 0.005267 -0.006872
vn 0.999961 0.005165 -0.007138
vn 0.999984 0.000844 -0.005625
vn 0.999985 0.000408 -0.005407
vn 0.999977 0.002403 -0.006394
vn 0.999977 0.002302 -0.006355
vn 0.999985 0.000443 -0.005454
vn 0.999985 0.000407 -0.005421
vn 0.999983 0.001134 -0.005789
vn 0.999982 0.001105 -0.005895
vn 0.999985 0.000176 -0.005502
vn 0.999982 0.000411 -0.005919
vn 0.999986 0.000000 -0.005213
vn 0.999985 0.000154 -0.005476
vn 0.999983 0.000308 -0.005751
vn 0.999986 -0.000001 -0.005216
vn 0.999986 0.000000 -0.005224
vn 0.999986 0.000000 -0.005222
vn 0.999986 -0.000001 -0.005220
vn 0.999986 -0.000001 -0.005222
vn 0.999986 0.000000 -0.005225
vn 0.999986 0.000000 -0.005205
vn 0.999986 -0.000000 -0.005206
vn 0.999986 -0.000001 -0.005277
vn 0.003075 -0.000002 0.999995
vn 0.003103 -0.000002 0.999995
vn 0.003117 -0.000383 0.999995
vn 0.003075 -0.000383 0.999995
vn -0.999986 -0.000000 0.005210
vn -0.999986 -0.000001 0.005393
vn -0.999986 0.000001 0.005392
vn -0.999986 0.000001 0.005209
vn -0.999987 -0.000000 0.005197
vn -0.999987 -0.000000 0.005192
vn -0.999987 0.000001 0.005192
vn -0.999987 0.000001 0.005197
vn -0.999985 -0.000154 0.005476
vn -0.999986 -0.000000 0.005199
vn -0.999986 0.000001 0.005202
vn -0.999983 -0.000309 0.005750
vn -0.999985 -0.000444 0.005456
vn -0.999985 -0.000177 0.005505
vn -0.999982 -0.000411 0.005923
vn -0.999982 -0.001107 0.005895
vn -0.999985 -0.000408 0.005427
vn -0.999983 -0.001135 0.005791
vn -0.999985 -0.000408 0.005407
vn -0.999984 -0.000843 0.005624
vn -0.999977 -0.002297 0.006353
vn -0.999977 -0.002396 0.006389
vn -0.999985 -0.000762 0.005392
vn -0.999983 -0.001245 0.005617
vn -0.999961 -0.005142 0.007128
vn -0.999963 -0.005248 0.006866
vn -0.999987 -0.000295 0.005189
vn -0.999986 -0.000810 0.005228
vn -0.999974 -0.004672 0.005537
vn -0.999974 -0.004629 0.005508
vn -0.006421 0.815971 -0.578057
vn -0.006318 0.822041 -0.569393
vn -0.005563 0.862200 -0.506538
vn 0.000442 1.000000 0.000251
vn 0.000442 1.000000 0.000251
vn 0.000442 1.000000 0.000252
vn 0.000442 1.000000 0.000253
vn 0.000442 1.000000 0.000261
vn 0.003070 -0.000003 0.999995
vn 0.003067 -0.000383 0.999995
vn 0.003072 0.000443 0.999995
vn 0.003073 0.000401 0.999995
vn -0.003072 -0.000251 -0.999995
vn -0.003071 -0.000262 -0.999995
vn -0.003075 -0.000213 -0.999995
vn -0.003075 -0.000225 -0.999995
vn 0.000379 1.000000 0.000253
vn 0.000380 1.000000 0.000255
vn 0.011725 0.000219 0.999931
vn 0.011725 0.000226 0.999931
vn 0.011723 0.000218 0.999931
vn 0.011722 0.000243 0.999931
vn 0.011732 0.000292 0.999931
vn 0.011738 0.000230 0.999931
vn 0.011739 0.000231 0.999931
vn 0.011719 0.000231 0.999931
vn 0.011721 0.000249 0.999931
vn -0.000380 -1.000000 -0.000284
vn -0.000379 -1.000000 -0.000254
vn -0.000380 -1.000000 -0.000251
vn -0.000379 -1.000000 -0.000253
vn -0.000380 -1.000000 -0.000253
vn -0.000380 -1.000000 -0.000252
vn -0.000381 -1.000000 -0.000252
vn -0.000381 -1.000000 -0.000253
vn -0.000381 -1.000000 -0.000253
vn -0.000382 -1.000000 -0.000252
vn -0.000382 -1.000000 -0.000254
vn -0.000381 -1.000000 -0.000253
vn -0.000381 -1.000000 -0.000253
vn -0.000381 -1.000000 -0.000252
vn -0.000381 -1.000000 -0.000253
vn -0.000381 -1.000000 -0.000253
vn -0.000381 -1.000000 -0.000253
vn -0.000381 -1.000000 -0.000253
vn -0.011721 -0.000248 -0.999931
vn -0.011722 -0.000230 -0.999931
vn 0.000750 1.000000 0.000251
vn 0.000749 1.000000 0.000251
vn 0.000749 1.000000 0.000251
vn -0.003082 -0.000236 -0.999995
vn -0.003082 -0.000237 -0.999995
vn 0.000565 -1.000000 -0.000258
vn 0.000565 -1.000000 -0.000258
vn 0.000565 -1.000000 -0.000258
vn -0.011728 -0.000228 -0.999931
vn -0.011725 -0.000297 -0.999931
vn 0.000442 1.000000 0.000253
vn 0.000442 1.000000 0.000253
vn -0.011717 0.009130 -0.999890
vn -0.011717 0.009123 -0.999890
vn -0.011710 0.020650 -0.999718
vn -0.009297 0.579346 -0.815029
vn -0.003226 0.878841 -0.477103
vn -0.003108 0.878841 -0.477104
vn -0.001371 0.864909 -0.501926
vn -0.001481 0.859071 -0.511855
vn -0.003708 0.849247 -0.527982
vn -0.003789 0.849247 -0.527982
vn -0.006364 0.818948 -0.573833
vn -0.006443 0.815977 -0.578049
vn -0.006313 0.822041 -0.569393
vn -0.005558 0.862209 -0.506522
vn 0.000439 1.000000 0.000250
vn 0.000439 1.000000 0.000252
vn 0.000439 1.000000 0.000254
vn 0.000450 1.000000 0.000253
vn 0.000460 1.000000 0.000244
vn 0.003053 -0.000002 0.999995
vn 0.003029 -0.000383 0.999995
vn 0.003090 0.000402 0.999995
vn 0.003079 0.000401 0.999995
vn -0.011670 0.009179 -0.999890
vn -0.011666 0.009123 -0.999890
vn -0.011659 0.020657 -0.999719
vn -0.009257 0.579328 -0.815042
vn -0.003228 0.878592 -0.477562
vn -0.003110 0.878592 -0.477562
vn -0.001374 0.864835 -0.502054
vn -0.001480 0.859082 -0.511836
vn -0.003688 0.849432 -0.527686
vn -0.003769 0.849432 -0.527685
vn -0.006384 0.818973 -0.573796
vn -0.006415 0.815972 -0.578056
vn -0.006310 0.822041 -0.569394
vn -0.005564 0.861828 -0.507171
vn 0.000442 1.000000 0.000251
vn 0.000442 1.000000 0.000253
vn 0.000442 1.000000 0.000254
vn 0.000441 1.000000 0.000253
vn 0.000441 1.000000 0.000290
vn 0.003071 0.000000 0.999995
vn 0.003071 0.000000 0.999995
vn 0.003072 -0.000000 0.999995
vn 0.003071 -0.000000 0.999995
vn -0.003072 -0.000249 -0.999995
vn -0.003062 -0.000270 -0.999995
vn -0.003072 -0.000247 -0.999995
vn -0.003075 -0.000259 -0.999995
vn 0.000380 1.000000 0.000253
vn 0.000381 1.000000 0.000227
vn 0.011728 0.000257 0.999931
vn 0.011728 0.000244 0.999931
vn 0.011721 0.000296 0.999931
vn 0.011718 0.000245 0.999931
vn 0.011736 0.000355 0.999931
vn 0.011741 0.000242 0.999931
vn 0.011741 0.000221 0.999931
vn 0.011723 0.000265 0.999931
vn 0.011722 0.000278 0.999931
vn -0.000380 -1.000000 -0.000256
vn -0.000380 -1.000000 -0.000252
vn -0.000380 -1.000000 -0.000250
vn -0.000380 -1.000000 -0.000253
vn -0.000381 -1.000000 -0.000254
vn -0.000381 -1.000000 -0.000252
vn -0.000380 -1.000000 -0.000254
vn -0.000380 -1.000000 -0.000253
vn -0.000380 -1.000000 -0.000252
vn -0.000379 -1.000000 -0.000254
vn -0.000379 -1.000000 -0.000254
vn -0.000380 -1.000000 -0.000253
vn -0.000380 -1.000000 -0.000253
vn -0.000380 -1.000000 -0.000253
vn -0.000380 -1.000000 -0.000253
vn -0.000379 -1.000000 -0.000252
vn -0.000379 -1.000000 -0.000252
vn -0.000379 -1.000000 -0.000253
vn -0.011725 -0.000275 -0.999931
vn -0.011727 -0.000239 -0.999931
vn 0.000751 1.000000 0.000251
vn 0.000751 1.000000 0.000251
vn 0.000750 1.000000 0.000251
vn -0.003084 -0.000207 -0.999995
vn -0.003084 -0.000207 -0.999995
vn 0.000565 -1.000000 -0.000258
vn 0.000565 -1.000000 -0.000258
vn 0.000565 -1.000000 -0.000258
vn -0.011738 -0.000347 -0.999931
vn -0.011731 -0.000357 -0.999931
vn 0.000442 1.000000 0.000253
vn 0.000442 1.000000 0.000253
vn -0.011716 0.009604 -0.999885
vn -0.011716 0.009608 -0.999885
vn -0.011068 0.296631 -0.954928
vn -0.009738 0.526757 -0.849960
vn -0.003323 0.874639 -0.484763
vn -0.003205 0.874639 -0.484765
vn -0.001394 0.863872 -0.503709
vn -0.001473 0.859451 -0.511215
vn -0.003646 0.852425 -0.522836
vn -0.003726 0.852425 -0.522836
vn -0.006353 0.819309 -0.573316
vn -0.006409 0.815969 -0.578060
vn -0.006283 0.822042 -0.569392
vn -0.005540 0.861851 -0.507132
vn 0.000434 1.000000 0.000251
vn 0.000441 1.000000 0.000252
vn 0.000443 1.000000 0.000253
vn 0.000449 1.000000 0.000253
vn 0.000448 1.000000 0.000266
vn 0.003056 0.000000 0.999995
vn 0.003056 0.000000 0.999995
vn 0.003053 -0.000000 0.999995
vn 0.003056 0.000000 0.999995
vn -0.011698 0.009605 -0.999885
vn -0.011666 0.009608 -0.999886
vn -0.011060 0.296775 -0.954883
vn -0.009743 0.526746 -0.849967
vn -0.003348 0.874382 -0.485227
vn -0.003231 0.874382 -0.485227
vn -0.001411 0.863796 -0.503840
vn -0.001479 0.859464 -0.511194
vn -0.003625 0.852607 -0.522540
vn -0.003707 0.852607 -0.522540
vn -0.006350 0.819323 -0.573298
vn 0.999987 -0.000015 -0.005167
vn 0.999987 -0.000014 -0.005165
vn 0.999987 -0.000000 -0.005191
vn 0.999986 -0.000000 -0.005223
vn 0.999986 -0.000002 -0.005209
vn 0.999986 -0.000002 -0.005206
vn 0.999987 -0.000000 -0.005193
vn 0.999987 0.000000 -0.005207
vn 0.999987 0.000000 -0.005209
vn 0.999987 0.000000 -0.005207
vn 0.999987 0.000000 -0.005206
vn 0.999986 0.000001 -0.005214
vn 0.999986 0.000001 -0.005217
vn 0.999986 0.000001 -0.005206
vn 0.999986 0.000000 -0.005225
vn 0.003096 0.000000 0.999995
vn 0.003075 0.000000 0.999995
vn 0.003071 0.000000 0.999995
vn 0.003056 0.000000 0.999995
vn -0.999986 -0.000003 0.005233
vn -0.999986 -0.000001 0.005209
vn -0.999986 0.000000 0.005202
vn -0.999987 0.000000 0.005198
vn -0.999986 0.000000 0.005214
vn -0.999986 0.000000 0.005212
vn -0.999987 0.000000 0.005209
vn -0.999987 0.000000 0.005207
vn -0.999986 0.000000 0.005214
vn -0.999987 0.000000 0.005209
vn -0.999987 0.000000 0.005208
vn -0.999987 0.000015 0.005161
vn -0.999987 0.000016 0.005163
vn -0.011716 0.009607 -0.999885
vn -0.011666 0.009607 -0.999886
vn -0.011719 0.009607 -0.999885
vn -0.011692 0.009607 -0.999886
vn 0.000442 1.000000 0.000253
vn 0.000449 1.000000 0.000252
vn 0.000442 1.000000 0.000253
vn 0.000449 1.000000 0.000253
vn -0.999986 -0.000000 0.005208
vn -0.999987 0.000001 0.005207
vn -0.999986 -0.000001 0.005208
vn -0.999986 0.000020 0.005208
vn 0.000442 1.000000 0.000253
vn 0.000441 1.000000 0.000253
vn 0.999987 -0.000084 -0.005205
vn 0.999987 -0.000001 -0.005206
vn 0.999987 0.000001 -0.005206
vn 0.999986 0.000001 -0.005206
vn 0.999986 0.000001 -0.005206
vn 0.000442 1.000000 0.000253
vn 0.000451 1.000000 0.000253
vn 0.000442 1.000000 0.000253
vn 0.000449 1.000000 0.000253
vn -0.999986 0.000000 0.005207
vn -0.999987 0.000000 0.005207
vn -0.999987 -0.000000 0.005209
vn -0.999986 -0.000001 0.005209
vn -0.999987 0.000041 0.005209
vn 0.000442 1.000000 0.000253
vn 0.000442 1.000000 0.000253
vn 0.999986 -0.000595 -0.005204
vn 0.999986 -0.000644 -0.005205
vn 0.999986 -0.000614 -0.005209
vn 0.999986 -0.000538 -0.005210
vn -0.009306 0.999957 0.000303
vn -0.009305 0.999957 0.000303
vn -0.999986 0.000638 0.005209
vn -0.999986 0.000611 0.005209
vn -0.999986 0.000597 0.005210
vn -0.999986 0.000474 0.005208
vn -0.999986 0.000597 0.005209
vn -0.999986 0.000552 0.005210
vn -0.999986 0.000611 0.005209
vn -0.999986 0.000564 0.005206
vn -0.999986 0.000604 0.005206
vn 0.009305 -0.999957 -0.000304
vn 0.004866 -0.999988 -0.000280
vn -0.000380 -1.000000 -0.000253
vn -0.000385 -1.000000 -0.000253
vn -0.000380 -1.000000 -0.000253
vn -0.000379 -1.000000 -0.000253
vn -0.000377 -1.000000 -0.000253
vn -0.000380 -1.000000 -0.000253
vn -0.000380 -1.000000 -0.000253
vn -0.000379 -1.000000 -0.000253
vn -0.000380 -1.000000 -0.000253
vn -0.000382 -1.000000 -0.000253
vn -0.000380 -1.000000 -0.000253
vn -0.000380 -1.000000 -0.000253
vn 0.009305 -0.999957 -0.000303
vn 0.009310 -0.999957 -0.000304
vn 0.999986 -0.000552 -0.005208
vn 0.999986 -0.000563 -0.005208
vn 0.999986 -0.000616 -0.005207
vn 0.999986 -0.000628 -0.005206
vn 0.999986 -0.000594 -0.005207
vn 0.999986 -0.000600 -0.005208
vn 0.999986 -0.000594 -0.005208
vn 0.999986 -0.000641 -0.005206
vn 0.999986 -0.000627 -0.005206
vn -0.009303 0.999957 0.000303
vn -0.009305 0.999957 0.000304
vn -0.999986 0.000580 0.005207
vn -0.999986 0.000548 0.005207
vn -0.999986 0.000599 0.005208
vn -0.999986 0.000637 0.005207
vn 0.000442 1.000000 0.000253
vn 0.000442 1.000000 0.000253
vn 0.999986 -0.000069 -0.005205
vn 0.999987 0.000000 -0.005206
vn 0.999986 0.000000 -0.005206
vn 0.999986 -0.000000 -0.005206
vn -0.003066 -0.000248 -0.999995
vn -0.003066 -0.000247 -0.999995
vn -0.003044 -0.000248 -0.999995
vn -0.003043 -0.000248 -0.999995
vn -0.003075 -0.000248 -0.999995
vn -0.003075 -0.000247 -0.999995
vn -0.003067 -0.000248 -0.999995
vn -0.003066 -0.000248 -0.999995
vn -0.003069 -0.000248 -0.999995
vn -0.003069 -0.000248 -0.999995
vn -0.003068 -0.000248 -0.999995
vn -0.003068 -0.000248 -0.999995
vn -0.003144 -0.000248 -0.999995
vn -0.003144 -0.000248 -0.999995
vn -0.003064 -0.000248 -0.999995
vn -0.003064 -0.000247 -0.999995
vn -0.003102 -0.000247 -0.999995
vn -0.003102 -0.000247 -0.999995
vn -0.003070 -0.000248 -0.999995
vn -0.003070 -0.000249 -0.999995
vn 0.999986 -0.000599 -0.005206
vn 0.999987 -0.000600 -0.005160
vn 0.999987 -0.000599 -0.005163
vn 0.999986 -0.000599 -0.005206
vn 0.999986 -0.000599 -0.005207
vn 0.999986 -0.000599 -0.005207
vn 0.999986 -0.000598 -0.005205
vn 0.999986 -0.000598 -0.005212
vn 0.999986 -0.000599 -0.005212
vn 0.999986 -0.000599 -0.005205
vn 0.999976 -0.000022 -0.006890
vn 0.999986 -0.000598 -0.005198
vn 0.999986 -0.000599 -0.005198
vn 0.999975 0.000038 -0.007023
vn 0.999969 0.001314 -0.007740
vn 0.999972 0.000182 -0.007425
vn 0.999973 0.000208 -0.007407
vn 0.999970 0.001346 -0.007658
vn 0.999970 0.001385 -0.007687
vn 0.999970 0.001413 -0.007666
vn 0.999962 0.003228 -0.008085
vn 0.999961 0.003153 -0.008199
vn 0.999963 0.003187 -0.008061
vn 0.999962 0.003270 -0.008062
vn 0.999947 0.005669 -0.008645
vn 0.999945 0.005631 -0.008867
vn 0.999947 0.005625 -0.008621
vn 0.999947 0.005721 -0.008607
vn 0.999933 0.007273 -0.009011
vn 0.999933 0.007003 -0.009221
vn 0.999935 0.007081 -0.008917
vn 0.999918 0.008798 -0.009274
vn 0.999909 0.009568 -0.009471
vn 0.999906 0.009906 -0.009476
vn 0.042128 0.780774 -0.623392
vn 0.042135 0.780769 -0.623398
vn 0.042135 0.780769 -0.623398
vn 0.042128 0.780774 -0.623391
vn -0.999906 -0.009903 0.009467
vn -0.999918 -0.008815 0.009285
vn -0.999933 -0.007274 0.009012
vn -0.999909 -0.009592 0.009486
vn -0.999935 -0.007083 0.008917
vn -0.999933 -0.007028 0.009219
vn -0.999947 -0.005744 0.008593
vn -0.999947 -0.005626 0.008595
vn -0.999946 -0.005630 0.008783
vn -0.999947 -0.005670 0.008626
vn -0.999962 -0.003278 0.008062
vn -0.999962 -0.003189 0.008064
vn -0.999961 -0.003147 0.008193
vn -0.999962 -0.003230 0.008089
vn -0.999970 -0.001403 0.007631
vn -0.999970 -0.001344 0.007636
vn -0.999969 -0.001309 0.007724
vn -0.999970 -0.001383 0.007661
vn -0.999973 -0.000209 0.007412
vn -0.999972 -0.000181 0.007430
vn -0.999975 -0.000039 0.007027
vn -0.999986 0.000598 0.005209
vn -0.999986 0.000598 0.005209
vn -0.999976 0.000022 0.006894
vn -0.999986 0.000598 0.005205
vn -0.999986 0.000598 0.005204
vn -0.999986 0.000597 0.005204
vn -0.999986 0.000597 0.005205
vn -0.999986 0.000597 0.005207
vn -0.999986 0.000597 0.005205
vn -0.999986 0.000598 0.005205
vn -0.999986 0.000598 0.005207
vn -0.999987 0.000598 0.005122
vn -0.999987 0.000599 0.005122
vn -0.999986 0.000598 0.005222
vn -0.999986 0.000598 0.005295
vn -0.999986 0.000599 0.005294
vn -0.999986 0.000599 0.005222
vn -0.078953 0.000298 0.996878
vn -0.036579 0.000274 0.999331
vn -0.036294 0.000273 0.999341
vn -0.078953 0.000298 0.996878
vn 0.011716 0.000243 0.999931
vn 0.011725 0.000244 0.999931
vn 0.011725 0.000244 0.999931
vn 0.011715 0.000242 0.999931
vn 0.011727 0.000243 0.999931
vn 0.011727 0.000243 0.999931
vn 0.011722 0.000243 0.999931
vn 0.011722 0.000243 0.999931
vn 0.011737 0.000243 0.999931
vn 0.011737 0.000242 0.999931
vn 0.011726 0.000242 0.999931
vn 0.011724 0.000243 0.999931
vn 0.011724 0.000243 0.999931
vn 0.011726 0.000243 0.999931
vn 0.011723 0.000243 0.999931
vn 0.011723 0.000242 0.999931
vn 0.011722 0.000243 0.999931
vn 0.011722 0.000242 0.999931
vn 0.011704 0.000242 0.999932
vn 0.011704 0.000242 0.999932
vn 0.011726 0.000242 0.999931
vn 0.011725 0.000242 0.999931
vn 0.011725 0.000242 0.999931
vn 0.011726 0.000242 0.999931
vn -0.078962 0.000296 0.996878
vn -0.078935 0.000296 0.996880
vn -0.078935 0.000296 0.996880
vn -0.078962 0.000296 0.996878
vn 0.999986 -0.000599 -0.005217
vn 0.999986 -0.000599 -0.005214
vn 0.999986 -0.000600 -0.005214
vn 0.999986 -0.000599 -0.005217
vn 0.999986 -0.000601 -0.005208
vn 0.999986 -0.000599 -0.005195
vn 0.999986 -0.000599 -0.005194
vn 0.999986 -0.000600 -0.005208
vn 0.999986 -0.000601 -0.005207
vn 0.999986 -0.000600 -0.005207
vn 0.999986 -0.000601 -0.005212
vn 0.999986 -0.000601 -0.005209
vn 0.999986 -0.000600 -0.005209
vn 0.999986 -0.000600 -0.005212
vn 0.999977 -0.000031 -0.006864
vn 0.999986 -0.000600 -0.005205
vn 0.999986 -0.000600 -0.005205
vn 0.999976 0.000032 -0.007002
vn 0.999969 0.001308 -0.007744
vn 0.999973 0.000181 -0.007419
vn 0.999973 0.000207 -0.007401
vn 0.999970 0.001347 -0.007663
vn 0.999970 0.001388 -0.007691
vn 0.999970 0.001413 -0.007664
vn 0.999962 0.003227 -0.008087
vn 0.999961 0.003148 -0.008195
vn 0.999963 0.003187 -0.008062
vn 0.999962 0.003272 -0.008059
vn 0.999947 0.005660 -0.008636
vn 0.999946 0.005623 -0.008786
vn 0.999947 0.005617 -0.008605
vn 0.999947 0.005709 -0.008600
vn 0.999933 0.007274 -0.009009
vn 0.999933 0.006994 -0.009217
vn 0.999935 0.007080 -0.008914
vn 0.999918 0.008816 -0.009286
vn 0.999909 0.009596 -0.009490
vn 0.999906 0.009913 -0.009480
vn 0.042124 0.780775 -0.623391
vn 0.042112 0.780780 -0.623385
vn 0.042112 0.780780 -0.623385
vn 0.042125 0.780775 -0.623391
vn -0.999906 -0.009925 0.009483
vn -0.999918 -0.008807 0.009282
vn -0.999933 -0.007273 0.009012
vn -0.999909 -0.009584 0.009482
vn -0.999935 -0.007080 0.008917
vn -0.999933 -0.007011 0.009218
vn -0.999947 -0.005716 0.008594
vn -0.999947 -0.005606 0.008596
vn -0.999946 -0.005587 0.008782
vn -0.999947 -0.005652 0.008626
vn -0.999962 -0.003272 0.008059
vn -0.999962 -0.003186 0.008063
vn -0.999961 -0.003148 0.008199
vn -0.999962 -0.003226 0.008087
vn -0.999970 -0.001412 0.007671
vn -0.999970 -0.001345 0.007659
vn -0.999969 -0.001303 0.007730
vn -0.999970 -0.001388 0.007693
vn -0.999973 -0.000207 0.007401
vn -0.999972 -0.000181 0.007420
vn -0.999976 -0.000032 0.007006
vn -0.999986 0.000599 0.005215
vn -0.999986 0.000599 0.005215
vn -0.999976 0.000031 0.006870
vn -0.999986 0.000599 0.005211
vn -0.999986 0.000599 0.005220
vn -0.999986 0.000599 0.005220
vn -0.999986 0.000599 0.005211
vn -0.999986 0.000599 0.005207
vn -0.999986 0.000599 0.005206
vn -0.999986 0.000599 0.005206
vn -0.999986 0.000599 0.005207
vn -0.999986 0.000599 0.005234
vn -0.999986 0.000599 0.005235
vn -0.003070 -0.000248 -0.999995
vn -0.003070 -0.000248 -0.999995
vn -0.003070 -0.000248 -0.999995
vn -0.003070 -0.000248 -0.999995
vn 0.000379 1.000000 0.000257
vn 0.000380 1.000000 0.000253
vn 0.000378 1.000000 0.000253
vn 0.000382 1.000000 0.000250
vn 0.000379 1.000000 0.000258
vn 0.000379 1.000000 0.000253
vn 0.000384 1.000000 0.000271
vn 0.000380 1.000000 0.000253
vn 0.000380 1.000000 0.000262
vn 0.000380 1.000000 0.000253
vn 0.000380 1.000000 0.000245
vn 0.000380 1.000000 0.000254
vn 0.000381 1.000000 0.000253
vn 0.000385 1.000000 0.000237
vn 0.000380 1.000000 0.000249
vn 0.000380 1.000000 0.000254
vn 0.000379 1.000000 0.000253
vn 0.000385 1.000000 0.000253
vn 0.000380 1.000000 0.000257
vn 0.000380 1.000000 0.000253
vn -0.009305 0.999957 0.000303
vn -0.004867 0.999988 0.000281
vn -0.999986 0.000567 0.005213
vn -0.999986 0.000505 0.005208
vn -0.999986 0.000598 0.005217
vn -0.999986 0.000599 0.005217
vn -0.999986 0.000597 0.005212
vn -0.999986 0.000489 0.005212
vn -0.999986 0.000599 0.005203
vn -0.999986 0.000545 0.005203
vn -0.999986 0.000599 0.005202
vn -0.999986 0.000633 0.005213
vn -0.999986 0.000573 0.005210
vn 0.004867 -0.999988 -0.000281
vn 0.009306 -0.999957 -0.000304
vn -0.000380 -1.000000 -0.000253
vn -0.000380 -1.000000 -0.000252
vn -0.000380 -1.000000 -0.000253
vn -0.000381 -1.000000 -0.000253
vn -0.000381 -1.000000 -0.000254
vn -0.000375 -1.000000 -0.000253
vn -0.000380 -1.000000 -0.000253
vn -0.000379 -1.000000 -0.000252
vn -0.000380 -1.000000 -0.000252
vn -0.000383 -1.000000 -0.000252
vn -0.000380 -1.000000 -0.000253
vn -0.000380 -1.000000 -0.000253
vn 0.009311 -0.999957 -0.000305
vn 0.009305 -0.999957 -0.000304
vn 0.999986 -0.000570 -0.005204
vn 0.999986 -0.000595 -0.005206
vn 0.999986 -0.000620 -0.005217
vn 0.999986 -0.000597 -0.005217
vn 0.999986 -0.000600 -0.005214
vn 0.999986 -0.000578 -0.005209
vn 0.999986 -0.000599 -0.005206
vn 0.999986 -0.000600 -0.005212
vn 0.999986 -0.000599 -0.005211
vn 0.999986 -0.000559 -0.005211
vn 0.999986 -0.000574 -0.005213
vn -0.009305 0.999957 0.000302
vn -0.009294 0.999957 0.000303
vn 0.000380 1.000000 0.000265
vn 0.000380 1.000000 0.000252
vn 0.000380 1.000000 0.000252
vn 0.000380 1.000000 0.000265
vn -0.078933 0.000296 0.996880
vn -0.078961 0.000283 0.996878
vn 0.011724 0.000217 0.999931
vn 0.011725 0.000217 0.999931
vn 0.011720 0.000218 0.999931
vn 0.011724 0.000229 0.999931
vn 0.011716 0.000218 0.999931
vn 0.011715 0.000237 0.999931
vn 0.011725 0.000241 0.999931
vn 0.011724 0.000252 0.999931
vn 0.011729 0.000246 0.999931
vn 0.011725 0.000251 0.999931
vn 0.011734 0.000240 0.999931
vn 0.011725 0.000226 0.999931
vn -0.036420 0.000241 0.999337
vn -0.078953 0.000252 0.996878
vn -0.999986 0.000595 0.005191
vn -0.999986 0.000581 0.005208
vn -0.999986 0.000581 0.005206
vn -0.999986 0.000603 0.005222
vn -0.999986 0.000616 0.005206
vn -0.999986 0.000617 0.005206
vn -0.999986 0.000654 0.005212
vn -0.999986 0.000659 0.005210
vn -0.999986 0.000651 0.005209
vn -0.999986 0.000613 0.005206
vn -0.999986 0.000609 0.005206
vn -0.999986 0.000623 0.005212
vn -0.999986 0.000625 0.005214
vn -0.999986 0.000638 0.005209
vn -0.999986 0.000637 0.005208
vn -0.999986 0.000611 0.005205
vn -0.999986 0.000605 0.005213
vn -0.999986 0.000605 0.005207
vn -0.999986 0.000613 0.005208
vn -0.999986 0.000618 0.005210
vn 0.078950 -0.000246 -0.996879
vn 0.047208 -0.000275 -0.998885
vn -0.011724 -0.000256 -0.999931
vn -0.011752 -0.000228 -0.999931
vn -0.011728 -0.000219 -0.999931
vn -0.011724 -0.000219 -0.999931
vn -0.011699 -0.000209 -0.999932
vn -0.011725 -0.000199 -0.999931
vn -0.011748 -0.000201 -0.999931
vn -0.011722 -0.000220 -0.999931
vn -0.011718 -0.000224 -0.999931
vn -0.011721 -0.000242 -0.999931
vn -0.011725 -0.000243 -0.999931
vn -0.011725 -0.000243 -0.999931
vn 0.078957 -0.000284 -0.996878
vn 0.078958 -0.000286 -0.996878
vn 0.999986 -0.000603 -0.005209
vn 0.999986 -0.000595 -0.005209
vn 0.999986 -0.000590 -0.005208
vn 0.999986 -0.000609 -0.005195
vn 0.999986 -0.000608 -0.005196
vn 0.999986 -0.000634 -0.005210
vn 0.999986 -0.000635 -0.005210
vn 0.999986 -0.000618 -0.005204
vn 0.999986 -0.000611 -0.005205
vn 0.999986 -0.000613 -0.005208
vn 0.999986 -0.000598 -0.005203
vn 0.999986 -0.000611 -0.005207
vn 0.999986 -0.000578 -0.005207
vn 0.999986 -0.000579 -0.005208
vn 0.999986 -0.000580 -0.005209
vn 0.999986 -0.000580 -0.005208
vn 0.999986 -0.000594 -0.005230
vn 0.999986 -0.000579 -0.005202
vn 0.999986 -0.000578 -0.005203
vn 0.999986 -0.000580 -0.005243
vn 0.999891 0.011071 -0.009756
vn 0.999894 0.010931 -0.009639
vn 0.964594 0.204945 -0.166001
vn 0.932361 0.281223 -0.227193
vn 0.041205 0.789288 -0.612639
vn 0.041193 0.789301 -0.612624
vn -0.964222 -0.205634 0.167305
vn -0.931534 -0.282693 0.228757
vn -0.999890 -0.011145 0.009791
vn -0.999893 -0.010998 0.009673
vn -0.999986 0.000600 0.005193
vn -0.999986 -0.000859 0.005191
vn 0.000442 1.000000 0.000252
vn 0.000442 1.000000 0.000252
vn 0.000442 1.000000 0.000254
vn 0.000442 1.000000 0.000252
vn 0.000442 1.000000 0.000254
vn 0.000441 1.000000 0.000253
vn 0.000442 1.000000 0.000251
vn 0.000442 1.000000 0.000251
vn 0.000441 1.000000 0.000251
vn 0.000442 1.000000 0.000251
vn 0.000442 1.000000 0.000253
vn 0.000442 1.000000 0.000253
vn 0.999986 0.000662 -0.005257
vn 0.999986 -0.000598 -0.005263
vn 0.999890 0.011108 -0.009791
vn 0.999893 0.010971 -0.009674
vn 0.964202 0.205904 -0.167088
vn 0.935530 0.273002 -0.224173
vn 0.041199 0.789325 -0.612592
vn 0.041191 0.789309 -0.612613
vn -0.964205 -0.205896 0.167082
vn -0.933430 -0.277409 0.227491
vn -0.999892 -0.011034 0.009722
vn -0.999895 -0.010886 0.009605
vn -0.999986 0.000596 0.005193
vn -0.999986 -0.000798 0.005186
vn -0.999986 0.000597 0.005200
vn -0.999986 0.000537 0.005194
vn -0.999986 0.000581 0.005193
vn -0.999986 0.000567 0.005228
vn -0.999986 0.000593 0.005214
vn -0.999986 0.000544 0.005228
vn 0.009305 -0.999957 -0.000302
vn 0.004867 -0.999988 -0.000284
vn -0.000380 -1.000000 -0.000256
vn -0.000386 -1.000000 -0.000250
vn -0.000379 -1.000000 -0.000256
vn -0.000380 -1.000000 -0.000256
vn -0.000382 -1.000000 -0.000252
vn -0.000380 -1.000000 -0.000251
vn -0.000381 -1.000000 -0.000252
vn -0.000381 -1.000000 -0.000256
vn -0.000380 -1.000000 -0.000255
vn -0.000375 -1.000000 -0.000249
vn -0.000380 -1.000000 -0.000259
vn -0.000380 -1.000000 -0.000260
vn 0.009305 -0.999957 -0.000304
vn 0.009312 -0.999957 -0.000312
vn 0.999986 -0.000627 -0.005217
vn 0.999986 -0.000670 -0.005228
vn 0.999986 -0.000622 -0.005203
vn 0.999986 -0.000578 -0.005193
vn 0.999986 -0.000595 -0.005193
vn 0.999986 -0.000594 -0.005227
vn 0.999986 0.000780 -0.005191
vn 0.999986 -0.000598 -0.005210
vn -0.999986 0.000553 0.005208
vn -0.999986 0.000553 0.005208
vn -0.999986 0.000553 0.005207
vn -0.003077 -0.000452 -0.999995
vn -0.003078 -0.000453 -0.999995
vn -0.003083 -0.000446 -0.999995
vn -0.003046 -0.000446 -0.999995
vn -0.003079 -0.000446 -0.999995
vn -0.003047 -0.000446 -0.999995
vn -0.003076 -0.000439 -0.999995
vn -0.003075 -0.000433 -0.999995
vn -0.003037 -0.000432 -0.999995
vn -0.003082 -0.000433 -0.999995
vn -0.003064 -0.000432 -0.999995
vn -0.003076 -0.000413 -0.999995
vn 0.999986 -0.000565 -0.005206
vn 0.999986 -0.000565 -0.005208
vn 0.999986 -0.000565 -0.005209
vn 0.078918 -0.000438 -0.996881
vn 0.078950 -0.000439 -0.996879
vn -0.999986 0.000566 0.005193
vn -0.999986 0.000567 0.005210
vn -0.999986 0.000567 0.005204
vn -0.999986 0.000566 0.005198
vn -0.999986 0.000565 0.005229
vn -0.999986 0.000565 0.005221
vn -0.999986 0.000564 0.005208
vn -0.999986 0.000564 0.005209
vn -0.999986 0.000565 0.005214
vn -0.999986 0.000565 0.005215
vn -0.999986 0.000565 0.005204
vn -0.999986 0.000565 0.005207
vn -0.999986 0.000564 0.005221
vn -0.999986 0.000566 0.005205
vn -0.999986 0.000566 0.005212
vn -0.999986 0.000566 0.005207
vn -0.999986 0.000566 0.005208
vn -0.999986 0.000568 0.005247
vn -0.999986 0.000568 0.005199
vn -0.999986 0.000568 0.005203
vn -0.999986 0.000567 0.005295
vn -0.078954 0.000439 0.996878
vn -0.036288 0.000416 0.999341
vn 0.011730 0.000408 0.999931
vn 0.011747 0.000425 0.999931
vn 0.011734 0.000427 0.999931
vn 0.011727 0.000427 0.999931
vn 0.011730 0.000427 0.999931
vn 0.011731 0.000433 0.999931
vn 0.011721 0.000440 0.999931
vn 0.011724 0.000442 0.999931
vn 0.011730 0.000442 0.999931
vn 0.011723 0.000443 0.999931
vn 0.011731 0.000449 0.999931
vn 0.011731 0.000449 0.999931
vn -0.078961 0.000503 0.996878
vn -0.078967 0.000502 0.996877
vn 0.999986 -0.000554 -0.005216
vn 0.999986 -0.000553 -0.005211
vn 0.999986 -0.000553 -0.005209
vn 0.999986 -0.000551 -0.005193
vn 0.999986 -0.000553 -0.005208
vn 0.999986 -0.000553 -0.005208
vn 0.999986 -0.000553 -0.005201
vn 0.999986 -0.000553 -0.005204
vn 0.999986 -0.000554 -0.005205
vn 0.999986 -0.000554 -0.005205
vn 0.999986 -0.000554 -0.005206
vn 0.999986 -0.000554 -0.005211
vn 0.999986 -0.000554 -0.005211
vn 0.999986 -0.000553 -0.005208
vn 0.999986 -0.000553 -0.005208
vn 0.999986 -0.000555 -0.005206
vn 0.999986 -0.000555 -0.005205
vn 0.999986 -0.000554 -0.005210
vn 0.999986 -0.000554 -0.005209
vn 0.999986 -0.000553 -0.005206
vn 0.999986 -0.000553 -0.005193
vn 0.078964 -0.000501 -0.996877
vn 0.078901 -0.000501 -0.996882
vn -0.999986 0.000579 0.005193
vn -0.999986 0.000591 0.005210
vn -0.999986 0.000601 0.005208
vn -0.999986 0.000601 0.005193
vn -0.999986 0.000586 0.005210
vn -0.999986 0.000600 0.005209
vn -0.999986 0.000582 0.005208
vn -0.999986 0.000598 0.005208
vn -0.999986 0.000593 0.005210
vn -0.999986 0.000592 0.005211
vn -0.999986 0.000599 0.005211
vn -0.999986 0.000599 0.005210
vn -0.999986 0.000624 0.005209
vn -0.999986 0.000625 0.005208
vn -0.999986 0.000599 0.005208
vn -0.999986 0.000599 0.005209
vn -0.999986 0.000614 0.005193
vn -0.999986 0.000607 0.005197
vn -0.999986 0.000601 0.005204
vn -0.999986 0.000600 0.005200
vn -0.999986 0.000593 0.005209
vn -0.999986 0.000602 0.005208
vn -0.999986 0.000590 0.005210
vn -0.999986 0.000568 0.005215
vn -0.999986 0.000598 0.005215
vn -0.999986 0.000601 0.005208
vn -0.999986 0.000597 0.005200
vn -0.999986 0.000602 0.005198
vn -0.999986 0.000600 0.005204
vn -0.999986 0.000600 0.005211
vn -0.999986 0.000611 0.005211
vn -0.999986 0.000611 0.005211
vn -0.999986 0.000601 0.005209
vn -0.999986 0.000601 0.005209
vn -0.999987 0.000593 0.005127
vn -0.999986 0.000598 0.005226
vn -0.003070 -0.000228 -0.999995
vn -0.003070 -0.000249 -0.999995
vn -0.003071 -0.000249 -0.999995
vn -0.003071 -0.000228 -0.999995
vn -0.003072 -0.000259 -0.999995
vn -0.003067 -0.000251 -0.999995
vn -0.003041 -0.000248 -0.999995
vn -0.003067 -0.000237 -0.999995
vn -0.003071 -0.000260 -0.999995
vn -0.003072 -0.000251 -0.999995
vn -0.003082 -0.000235 -0.999995
vn -0.003100 -0.000251 -0.999995
vn -0.003069 -0.000244 -0.999995
vn -0.003070 -0.000250 -0.999995
vn -0.003076 -0.000261 -0.999995
vn -0.003072 -0.000249 -0.999995
vn -0.003080 -0.000248 -0.999995
vn -0.003075 -0.000261 -0.999995
vn -0.003074 -0.000259 -0.999995
vn -0.003072 -0.000249 -0.999995
vn -0.003062 -0.000245 -0.999995
vn -0.003066 -0.000250 -0.999995
vn -0.003070 -0.000244 -0.999995
vn -0.003070 -0.000244 -0.999995
vn 0.999986 -0.000597 -0.005203
vn 0.999987 -0.000595 -0.005146
vn 0.999988 -0.000572 -0.004939
vn 0.999986 -0.000626 -0.005205
vn 0.999986 -0.000627 -0.005207
vn 0.999986 -0.000597 -0.005204
vn 0.999986 -0.000602 -0.005221
vn 0.999986 -0.000602 -0.005220
vn 0.999986 -0.000666 -0.005220
vn 0.999986 -0.000665 -0.005213
vn 0.999986 -0.000604 -0.005207
vn 0.999986 -0.000602 -0.005210
vn 0.999986 -0.000613 -0.005209
vn 0.999986 -0.000609 -0.005210
vn 0.999986 -0.000592 -0.005201
vn 0.999986 -0.000600 -0.005213
vn 0.999986 -0.000604 -0.005209
vn 0.999986 -0.000610 -0.005209
vn 0.999986 -0.000589 -0.005200
vn 0.999986 -0.000599 -0.005207
vn 0.999986 -0.000591 -0.005208
vn 0.999986 -0.000598 -0.005208
vn 0.999986 -0.000598 -0.005209
vn 0.999986 -0.000591 -0.005209
vn 0.999986 -0.000594 -0.005209
vn 0.999986 -0.000595 -0.005200
vn 0.999986 -0.000606 -0.005191
vn 0.999986 -0.000623 -0.005200
vn 0.999986 -0.000598 -0.005207
vn 0.999986 -0.000596 -0.005209
vn 0.999986 -0.000642 -0.005212
vn 0.999986 -0.000640 -0.005210
vn 0.999986 -0.000600 -0.005210
vn 0.999986 -0.000640 -0.005210
vn 0.999986 -0.000598 -0.005260
vn 0.999986 -0.000638 -0.005228
vn 0.078958 -0.000377 -0.996878
vn 0.078958 -0.000297 -0.996878
vn 0.078987 -0.000296 -0.996876
vn 0.057955 -0.000416 -0.998319
vn -0.999986 0.000573 0.005181
vn -0.999986 0.000574 0.005210
vn -0.999986 0.000595 0.005207
vn -0.999986 0.000596 0.005193
vn -0.999986 0.000567 0.005211
vn -0.999986 0.000594 0.005207
vn -0.999986 0.000560 0.005208
vn -0.999986 0.000592 0.005208
vn -0.999986 0.000549 0.005210
vn -0.999986 0.000559 0.005208
vn -0.999986 0.000592 0.005220
vn -0.999986 0.000591 0.005218
vn -0.999986 0.000577 0.005208
vn -0.999986 0.000576 0.005208
vn -0.999986 0.000596 0.005208
vn -0.999986 0.000596 0.005209
vn -0.999986 0.000597 0.005214
vn -0.999986 0.000596 0.005210
vn -0.999986 0.000593 0.005201
vn -0.999986 0.000593 0.005208
vn -0.999986 0.000619 0.005205
vn -0.999986 0.000598 0.005208
vn -0.999986 0.000613 0.005207
vn -0.999986 0.000559 0.005213
vn -0.999986 0.000597 0.005209
vn -0.999986 0.000598 0.005208
vn -0.999986 0.000566 0.005211
vn -0.999986 0.000566 0.005212
vn -0.999986 0.000598 0.005212
vn -0.999986 0.000598 0.005213
vn -0.999986 0.000572 0.005209
vn -0.999986 0.000572 0.005206
vn -0.999986 0.000601 0.005208
vn -0.999986 0.000601 0.005210
vn -0.999986 0.000576 0.005184
vn -0.999987 0.000598 0.005069
vn -0.999986 0.000583 0.005206
vn -0.999986 0.000598 0.005212
vn -0.999986 0.000584 0.005199
vn -0.999986 0.000599 0.005212
vn -0.999987 0.000588 0.005123
vn -0.999987 0.000607 0.005087
vn -0.078958 0.000358 0.996878
vn -0.036495 0.000354 0.999334
vn -0.036572 0.000262 0.999331
vn -0.078957 0.000287 0.996878
vn 0.011681 0.000245 0.999932
vn 0.011725 0.000239 0.999931
vn 0.011724 0.000307 0.999931
vn 0.011722 0.000280 0.999931
vn 0.011719 0.000242 0.999931
vn 0.011726 0.000266 0.999931
vn 0.011733 0.000242 0.999931
vn 0.011727 0.000265 0.999931
vn 0.011759 0.000245 0.999931
vn 0.011727 0.000270 0.999931
vn 0.011720 0.000243 0.999931
vn 0.011724 0.000245 0.999931
vn 0.011725 0.000275 0.999931
vn 0.011742 0.000276 0.999931
vn 0.011722 0.000243 0.999931
vn 0.011723 0.000265 0.999931
vn 0.011726 0.000243 0.999931
vn 0.011724 0.000264 0.999931
vn 0.011720 0.000243 0.999931
vn 0.011741 0.000254 0.999931
vn 0.011724 0.000243 0.999931
vn 0.011723 0.000243 0.999931
vn 0.011724 0.000233 0.999931
vn 0.011724 0.000232 0.999931
vn -0.078962 0.000275 0.996878
vn -0.078988 0.000275 0.996876
vn -0.078937 0.000296 0.996880
vn -0.078960 0.000295 0.996878
vn 0.999987 -0.000604 -0.005131
vn 0.999986 -0.000597 -0.005202
vn 0.999986 -0.000599 -0.005208
vn 0.999986 -0.000601 -0.005272
vn 0.999986 -0.000598 -0.005206
vn 0.999986 -0.000598 -0.005207
vn 0.999986 -0.000599 -0.005265
vn 0.999986 -0.000607 -0.005253
vn 0.999986 -0.000597 -0.005209
vn 0.999986 -0.000591 -0.005208
vn 0.999986 -0.000597 -0.005208
vn 0.999986 -0.000591 -0.005207
vn 0.999986 -0.000594 -0.005196
vn 0.999986 -0.000594 -0.005198
vn 0.999986 -0.000592 -0.005196
vn 0.999986 -0.000593 -0.005196
vn 0.999986 -0.000601 -0.005206
vn 0.999986 -0.000598 -0.005205
vn 0.999986 -0.000599 -0.005215
vn 0.999986 -0.000595 -0.005207
vn 0.999986 -0.000598 -0.005214
vn 0.999986 -0.000602 -0.005206
vn 0.999986 -0.000595 -0.005206
vn 0.999986 -0.000589 -0.005209
vn 0.999986 -0.000598 -0.005214
vn 0.999986 -0.000592 -0.005208
vn 0.999986 -0.000599 -0.005209
vn 0.999986 -0.000598 -0.005210
vn 0.999986 -0.000592 -0.005211
vn 0.999986 -0.000592 -0.005212
vn 0.999986 -0.000604 -0.005210
vn 0.999986 -0.000605 -0.005206
vn 0.999986 -0.000600 -0.005209
vn 0.999986 -0.000603 -0.005211
vn 0.999986 -0.000600 -0.005207
vn 0.999986 -0.000601 -0.005205
vn 0.999986 -0.000612 -0.005201
vn 0.999986 -0.000605 -0.005204
vn 0.999986 -0.000597 -0.005210
vn 0.999986 -0.000598 -0.005210
vn 0.999986 -0.000597 -0.005212
vn 0.999986 -0.000607 -0.005234
vn 0.078959 -0.000294 -0.996878
vn 0.078945 -0.000294 -0.996879
vn 0.078970 -0.000308 -0.996877
vn 0.078959 -0.000318 -0.996878
vn 0.000442 1.000000 0.000253
vn 0.000442 1.000000 0.000253
vn 0.000442 1.000000 0.000253
vn 0.000443 1.000000 0.000253
vn 0.000443 1.000000 0.000253
vn 0.000443 1.000000 0.000253
vn 0.000443 1.000000 0.000253
vn 0.000442 1.000000 0.000253
vn 0.000442 1.000000 0.000253
vn 0.000442 1.000000 0.000253
vn 0.000443 1.000000 0.000253
vn 0.000443 1.000000 0.000253
vn 0.000442 1.000000 0.000253
vn 0.000442 1.000000 0.000253
vn 0.000442 1.000000 0.000252
vn 0.000442 1.000000 0.000253
vn 0.000442 1.000000 0.000253
vn 0.000442 1.000000 0.000253
vn 0.000442 1.000000 0.000252
vn 0.000442 1.000000 0.000253
vn 0.000442 1.000000 0.000253
vn 0.000442 1.000000 0.000253
vn 0.000442 1.000000 0.000252
vn 0.000442 1.000000 0.000253
vn 0.000442 1.000000 0.000253
vn 0.000442 1.000000 0.000252
vn 0.000442 1.000000 0.000253
vn 0.000442 1.000000 0.000252
vn 0.000442 1.000000 0.000253
vn 0.000442 1.000000 0.000253
vn 0.000442 1.000000 0.000250
vn -0.003069 -0.000245 -0.999995
vn -0.003069 -0.000250 -0.999995
vn -0.003069 -0.000251 -0.999995
vn -0.003070 -0.000264 -0.999995
vn -0.003070 -0.000248 -0.999995
vn -0.003070 -0.000248 -0.999995
vn -0.003070 -0.000195 -0.999995
vn -0.003070 -0.000187 -0.999995
vn 0.000380 1.000000 0.000262
vn 0.000380 1.000000 0.000253
vn 0.000380 1.000000 0.000252
vn 0.000380 1.000000 0.000252
vn 0.011724 0.000221 0.999931
vn 0.011724 0.000227 0.999931
vn 0.011724 0.000243 0.999931
vn 0.011724 0.000243 0.999931
vn 0.011724 0.000170 0.999931
vn 0.011724 0.000243 0.999931
vn 0.011724 0.000245 0.999931
vn 0.011725 0.000275 0.999931
vn 0.011731 0.000325 0.999931
vn 0.011737 0.000254 0.999931
vn 0.011737 0.000221 0.999931
vn 0.011731 0.000433 0.999931
vn 0.011725 0.000241 0.999931
vn 0.011725 0.000256 0.999931
vn 0.011725 0.000281 0.999931
vn -0.000380 -1.000000 -0.000236
vn -0.000380 -1.000000 -0.000252
vn -0.000380 -1.000000 -0.000253
vn -0.000380 -1.000000 -0.000247
vn -0.000380 -1.000000 -0.000253
vn -0.000380 -1.000000 -0.000253
vn -0.000380 -1.000000 -0.000254
vn -0.000380 -1.000000 -0.000254
vn -0.000380 -1.000000 -0.000252
vn -0.000380 -1.000000 -0.000253
vn -0.000380 -1.000000 -0.000253
vn -0.000380 -1.000000 -0.000254
vn -0.000380 -1.000000 -0.000254
vn -0.000380 -1.000000 -0.000253
vn -0.000380 -1.000000 -0.000253
vn -0.000380 -1.000000 -0.000253
vn -0.000380 -1.000000 -0.000253
vn -0.000380 -1.000000 -0.000254
vn -0.000380 -1.000000 -0.000253
vn -0.000380 -1.000000 -0.000253
vn -0.000380 -1.000000 -0.000251
vn -0.011724 -0.000208 -0.999931
vn -0.011724 -0.000203 -0.999931
vn -0.011724 -0.000199 -0.999931
vn 0.000750 1.000000 0.000251
vn 0.000750 1.000000 0.000251
vn 0.000750 1.000000 0.000251
vn -0.003076 -0.000439 -0.999995
vn -0.003083 -0.000236 -0.999995
vn -0.003083 -0.000237 -0.999995
vn 0.000565 -1.000000 -0.000258
vn 0.000565 -1.000000 -0.000258
vn 0.000565 -1.000000 -0.000258
vn -0.011737 -0.000226 -0.999931
vn -0.011731 -0.000325 -0.999931
vn 0.000442 1.000000 0.000251
vn 0.000442 1.000000 0.000253
vn 0.000443 1.000000 0.000253
vn 0.000443 1.000000 0.000253
vn 0.000443 1.000000 0.000252
vn 0.000442 1.000000 0.000253
vn 0.000442 1.000000 0.000253
vn 0.000442 1.000000 0.000252
vn 0.000441 1.000000 0.000252
vn 0.000439 1.000000 0.000253
vn 0.000440 1.000000 0.000253
vn 0.000440 1.000000 0.000253
vn 0.000441 1.000000 0.000253
vn 0.000441 1.000000 0.000253
vn 0.000444 1.000000 0.000253
vn 0.000444 1.000000 0.000253
vn 0.000442 1.000000 0.000252
vn 0.000442 1.000000 0.000253
vn 0.000442 1.000000 0.000253
vn -0.011725 0.000000 -0.999931
vn -0.011725 0.000000 -0.999931
vn 0.000442 1.000000 0.000253
vn 0.000442 1.000000 0.000253
vn 0.011724 0.000000 0.999931
vn 0.011724 0.000000 0.999931
vn 0.000442 1.000000 0.000253
vn 0.000442 1.000000 0.000253
vn -0.011724 0.000000 -0.999931
vn -0.011724 0.000105 -0.999931
vn -0.011724 0.000258 -0.999931
vn -0.009344 0.983351 -0.181475
vn -0.009344 0.983355 -0.181457
vn 0.011734 -0.000057 0.999931
vn 0.011748 -0.000136 0.999931
vn 0.011724 0.000000 0.999931
vn 0.000442 1.000000 0.000252
vn 0.000442 1.000000 0.000253
vn 0.000442 1.000000 0.000253
vn 0.000442 1.000000 0.000253
vn -0.010851 0.000000 -0.999941
vn -0.010851 0.000108 -0.999941
vn -0.010851 0.000136 -0.999941
vn -0.010851 0.000000 -0.999941
vn 0.000442 1.000000 0.000254
vn 0.000442 1.000000 0.000254
vn 0.009747 -0.000135 0.999952
vn 0.009747 0.000000 0.999953
vn 0.009747 -0.000107 0.999952
vn 0.009747 0.000000 0.999952
vn 0.000442 1.000000 0.000253
vn 0.000442 1.000000 0.000253
vn 0.000442 1.000000 0.000246
vn -0.003070 -0.000244 -0.999995
vn -0.003070 -0.000244 -0.999995
vn -0.003070 -0.000246 -0.999995
vn -0.003071 -0.000264 -0.999995
vn -0.003070 -0.000248 -0.999995
vn -0.003070 -0.000249 -0.999995
vn -0.003069 -0.000249 -0.999995
vn -0.003069 -0.000224 -0.999995
vn 0.000380 1.000000 0.000257
vn 0.000380 1.000000 0.000253
vn 0.000380 1.000000 0.000253
vn 0.000380 1.000000 0.000255
vn 0.011724 0.000219 0.999931
vn 0.011724 0.000244 0.999931
vn 0.011725 0.000244 0.999931
vn 0.011725 0.000244 0.999931
vn 0.011726 0.000304 0.999931
vn 0.011725 0.000240 0.999931
vn 0.011725 0.000239 0.999931
vn 0.011724 0.000307 0.999931
vn 0.011731 0.000439 0.999931
vn 0.011737 0.000254 0.999931
vn 0.011736 0.000201 0.999931
vn 0.011730 0.000408 0.999931
vn 0.011724 0.000226 0.999931
vn 0.011724 0.000250 0.999931
vn 0.011724 0.000275 0.999931
vn -0.000380 -1.000000 -0.000274
vn -0.000380 -1.000000 -0.000253
vn -0.000380 -1.000000 -0.000252
vn -0.000380 -1.000000 -0.000251
vn -0.000380 -1.000000 -0.000253
vn -0.000380 -1.000000 -0.000253
vn -0.000380 -1.000000 -0.000254
vn -0.000380 -1.000000 -0.000255
vn -0.000380 -1.000000 -0.000253
vn -0.000380 -1.000000 -0.000253
vn -0.000380 -1.000000 -0.000253
vn -0.000380 -1.000000 -0.000253
vn -0.000380 -1.000000 -0.000251
vn -0.000380 -1.000000 -0.000253
vn -0.000380 -1.000000 -0.000253
vn -0.000380 -1.000000 -0.000253
vn -0.000380 -1.000000 -0.000252
vn -0.000380 -1.000000 -0.000252
vn -0.000380 -1.000000 -0.000253
vn -0.000380 -1.000000 -0.000253
vn -0.000380 -1.000000 -0.000256
vn -0.011724 -0.000204 -0.999931
vn -0.011724 -0.000237 -0.999931
vn -0.011724 -0.000256 -0.999931
vn 0.000750 1.000000 0.000251
vn 0.000750 1.000000 0.000251
vn 0.000750 1.000000 0.000251
vn -0.003076 -0.000413 -0.999995
vn -0.003082 -0.000197 -0.999995
vn -0.003082 -0.000193 -0.999995
vn 0.000565 -1.000000 -0.000258
vn 0.000565 -1.000000 -0.000258
vn 0.000565 -1.000000 -0.000258
vn -0.011737 -0.000396 -0.999931
vn -0.011731 -0.000446 -0.999931
vn 0.000442 1.000000 0.000253
vn 0.000442 1.000000 0.000253
vn 0.000441 1.000000 0.000253
vn 0.000441 1.000000 0.000253
vn -0.011719 0.000000 -0.999931
vn -0.011719 0.000000 -0.999931
vn 0.000442 1.000000 0.000253
vn 0.000442 1.000000 0.000253
vn 0.011720 0.000000 0.999931
vn 0.011720 0.000000 0.999931
vn 0.000443 1.000000 0.000253
vn 0.000443 1.000000 0.000253
vn -0.011715 0.000000 -0.999931
vn -0.011715 0.000105 -0.999931
vn -0.011716 0.000259 -0.999931
vn -0.007345 0.999973 -0.000835
vn -0.007345 0.999973 -0.000835
vn 0.011728 -0.000105 0.999931
vn 0.011746 -0.000258 0.999931
vn 0.011716 0.000000 0.999931
vn 0.000442 1.000000 0.000253
vn 0.000442 1.000000 0.000255
vn 0.000442 1.000000 0.000253
vn 0.000442 1.000000 0.000253
vn -0.010829 0.000000 -0.999941
vn -0.010831 0.000108 -0.999941
vn -0.010833 0.000136 -0.999941
vn -0.010834 0.000000 -0.999941
vn 0.000445 1.000000 0.000251
vn 0.000445 1.000000 0.000251
vn 0.009767 -0.000135 0.999952
vn 0.009783 0.000000 0.999952
vn 0.009740 -0.000107 0.999953
vn 0.009731 0.000000 0.999953
vn 0.000441 1.000000 0.000253
vn 0.000441 1.000000 0.000253
vn 0.000442 1.000000 0.000248
vn -0.003037 -0.000228 -0.999995
vn -0.003031 -0.000240 -0.999995
vn -0.003031 -0.000241 -0.999995
vn -0.003078 -0.000220 -0.999995
vn -0.003071 -0.000250 -0.999995
vn -0.003070 -0.000250 -0.999995
vn -0.003037 -0.000249 -0.999995
vn -0.003044 -0.000224 -0.999995
vn 0.000749 1.000000 0.000251
vn 0.000751 1.000000 0.000251
vn 0.000755 1.000000 0.000251
vn -0.003066 -0.000395 -0.999995
vn -0.003095 -0.000178 -0.999995
vn -0.003096 -0.000178 -0.999995
vn 0.000566 -1.000000 -0.000258
vn 0.000565 -1.000000 -0.000258
vn 0.000565 -1.000000 -0.000258
vn 0.000442 1.000000 0.000252
vn 0.000442 1.000000 0.000252
vn -0.011662 0.000020 -0.999932
vn -0.011725 0.000000 -0.999931
vn -0.003712 0.002540 -0.999990
vn 0.999987 0.000020 -0.005210
vn 0.999987 0.000020 -0.005210
vn 0.003783 -0.002540 0.999990
vn 0.011662 -0.000020 0.999932
vn 0.011724 0.000000 0.999931
vn 0.011717 0.000000 0.999931
vn -0.999987 0.000000 0.005210
vn -0.999987 0.000000 0.005210
vn -0.011717 0.000000 -0.999931
vn -0.011724 0.000260 -0.999931
vn -0.011724 0.000260 -0.999931
vn -0.011658 0.000259 -0.999932
vn 0.999987 -0.000421 -0.005051
vn 0.999987 -0.000421 -0.005051
vn 0.011769 -0.000022 0.999931
vn 0.011771 -0.000127 0.999931
vn 0.011771 -0.000128 0.999931
vn 0.011776 -0.000260 0.999931
vn -0.999986 0.000435 0.005197
vn -0.999986 0.000435 0.005197
vn -0.011716 0.000260 -0.999931
vn -0.010851 0.000000 -0.999941
vn -0.010851 0.000000 -0.999941
vn -0.010852 0.000000 -0.999941
vn 0.999986 0.000000 -0.005199
vn 0.999987 0.000000 -0.005199
vn 0.009678 0.000000 0.999953
vn 0.009747 0.000000 0.999953
vn 0.009747 0.000000 0.999952
vn 0.009781 0.000000 0.999952
vn -0.999987 0.000000 0.005209
vn -0.999986 0.000000 0.005209
vn -0.010831 0.000000 -0.999941
vn -0.999986 0.000584 0.005208
vn -0.999986 0.000602 0.005208
vn -0.999986 0.000553 0.005208
vn -0.999986 0.000553 0.005208
vn -0.999986 0.000643 0.005207
vn -0.999986 0.000553 0.005207
vn -0.003070 -0.000246 -0.999995
vn -0.003077 -0.000453 -0.999995
vn -0.003077 -0.000453 -0.999995
vn -0.003071 -0.000246 -0.999995
vn -0.003046 -0.000246 -0.999995
vn -0.003046 -0.000447 -0.999995
vn -0.003079 -0.000218 -0.999995
vn -0.003083 -0.000446 -0.999995
vn -0.003075 -0.000215 -0.999995
vn -0.003079 -0.000446 -0.999995
vn -0.003039 -0.000233 -0.999995
vn -0.003047 -0.000446 -0.999995
vn -0.003068 -0.000216 -0.999995
vn -0.003076 -0.000439 -0.999995
vn -0.003068 -0.000215 -0.999995
vn -0.003075 -0.000438 -0.999995
vn -0.003089 -0.000231 -0.999995
vn -0.003038 -0.000432 -0.999995
vn -0.003080 -0.000218 -0.999995
vn -0.003076 -0.000434 -0.999995
vn -0.003074 -0.000212 -0.999995
vn -0.003082 -0.000433 -0.999995
vn -0.003043 -0.000199 -0.999995
vn -0.003063 -0.000432 -0.999995
vn -0.003070 -0.000216 -0.999995
vn -0.003076 -0.000414 -0.999995
vn -0.003070 -0.000215 -0.999995
vn -0.003076 -0.000414 -0.999995
vn -0.003032 -0.000185 -0.999995
vn -0.003065 -0.000395 -0.999995
vn 0.999986 -0.000565 -0.005208
vn 0.999986 -0.000565 -0.005206
vn 0.999986 -0.000575 -0.005206
vn 0.999986 -0.000608 -0.005208
vn 0.999986 -0.000565 -0.005209
vn 0.999986 -0.000622 -0.005209
vn 0.078950 -0.000439 -0.996879
vn 0.078918 -0.000438 -0.996881
vn -0.999986 0.000569 0.005210
vn -0.999986 0.000568 0.005193
vn -0.999986 0.000567 0.005204
vn -0.999986 0.000565 0.005198
vn -0.999986 0.000564 0.005221
vn -0.999986 0.000564 0.005229
vn -0.999986 0.000565 0.005209
vn -0.999986 0.000565 0.005208
vn -0.999986 0.000565 0.005214
vn -0.999986 0.000565 0.005214
vn -0.999986 0.000566 0.005204
vn -0.999986 0.000565 0.005221
vn -0.999986 0.000566 0.005207
vn -0.999986 0.000566 0.005212
vn -0.999986 0.000567 0.005205
vn -0.999986 0.000566 0.005208
vn -0.999986 0.000566 0.005207
vn -0.999986 0.000569 0.005245
vn -0.999986 0.000568 0.005199
vn -0.999986 0.000568 0.005204
vn -0.999986 0.000567 0.005293
vn -0.036572 0.000417 0.999331
vn -0.078954 0.000439 0.996878
vn 0.011730 0.000408 0.999931
vn 0.011730 0.000408 0.999931
vn 0.011746 0.000426 0.999931
vn 0.011734 0.000427 0.999931
vn 0.011727 0.000427 0.999931
vn 0.011730 0.000428 0.999931
vn 0.011731 0.000434 0.999931
vn 0.011730 0.000434 0.999931
vn 0.011720 0.000440 0.999931
vn 0.011724 0.000442 0.999931
vn 0.011729 0.000442 0.999931
vn 0.011723 0.000443 0.999931
vn 0.011731 0.000449 0.999931
vn 0.011731 0.000449 0.999931
vn -0.078966 0.000502 0.996877
vn -0.078961 0.000502 0.996878
vn 0.999986 -0.000553 -0.005211
vn 0.999986 -0.000554 -0.005218
vn 0.999986 -0.000553 -0.005208
vn 0.999986 -0.000552 -0.005195
vn 0.999986 -0.000553 -0.005208
vn 0.999986 -0.000553 -0.005208
vn 0.999986 -0.000553 -0.005204
vn 0.999986 -0.000553 -0.005201
vn 0.999986 -0.000554 -0.005205
vn 0.999986 -0.000553 -0.005205
vn 0.999986 -0.000554 -0.005211
vn 0.999986 -0.000555 -0.005206
vn 0.999986 -0.000554 -0.005210
vn 0.999986 -0.000554 -0.005208
vn 0.999986 -0.000554 -0.005208
vn 0.999986 -0.000555 -0.005205
vn 0.999986 -0.000555 -0.005206
vn 0.999986 -0.000553 -0.005209
vn 0.999986 -0.000553 -0.005210
vn 0.999986 -0.000553 -0.005206
vn 0.999986 -0.000554 -0.005193
vn 0.078964 -0.000500 -0.996877
vn 0.078901 -0.000499 -0.996882
vn 0.073595 -0.000304 -0.997288
vn 0.078967 -0.000290 -0.996877
vn 0.078966 -0.000314 -0.996877
vn 0.078976 -0.000314 -0.996876
vn 0.057318 -0.000282 -0.998356
vn 0.078966 -0.000298 -0.996877
vn 0.078943 -0.000294 -0.996879
vn 0.078958 -0.000294 -0.996878
vn 0.078959 -0.000318 -0.996878
vn 0.070338 -0.000311 -0.997523
vn 0.067134 0.434087 -0.898366
vn 0.067007 0.436554 -0.897179
vn 0.078958 -0.000292 -0.996878
vn 0.078941 -0.000292 -0.996879
vn 0.042118 0.780775 -0.623391
vn 0.042125 0.780774 -0.623392
vn 0.042125 0.780774 -0.623392
vn 0.042118 0.780775 -0.623391
vn 0.042120 0.780780 -0.623384
vn 0.042126 0.780774 -0.623392
vn 0.042121 0.780782 -0.623382
vn 0.042127 0.780762 -0.623406
vn 0.041185 0.789301 -0.612624
vn 0.041192 0.789303 -0.612620
vn 0.041192 0.789303 -0.612621
vn 0.041185 0.789312 -0.612609
vn 0.041192 0.789301 -0.612624
vn 0.041195 0.789304 -0.612619
vn 0.041200 0.789304 -0.612619
vn 0.041196 0.789306 -0.612617
vn 0.041213 0.789300 -0.612623
vn 0.041197 0.789305 -0.612617
vn 0.041197 0.789308 -0.612614
vn 0.041213 0.789306 -0.612616
vn 0.041211 0.789310 -0.612611
vn 0.041195 0.789306 -0.612617
vn 0.041196 0.789306 -0.612617
vn 0.041211 0.789310 -0.612610
vn 0.041202 0.789304 -0.612618
vn 0.041198 0.789304 -0.612619
vn 0.041197 0.789306 -0.612617
vn 0.041204 0.789303 -0.612619
vn 0.041189 0.789306 -0.612617
vn 0.041196 0.789304 -0.612619
vn -0.009307 0.999957 0.000303
vn -0.009305 0.999957 0.000303
vn 0.031959 0.862765 -0.504595
vn 0.032134 0.861497 -0.506745
vn -0.009308 0.999957 0.000304
vn -0.009305 0.999957 0.000305
vn -0.009305 0.999957 0.000303
vn -0.009307 0.999957 0.000302
vn -0.009307 0.999957 0.000304
vn -0.009305 0.999957 0.000304
vn -0.009305 0.999957 0.000304
vn -0.009307 0.999957 0.000304
vn -0.007592 0.999971 0.000301
vn -0.009304 0.999957 0.000294
vn -0.006898 0.999976 0.000291
vn -0.009305 0.999957 0.000302
vn -0.007064 0.999975 0.000290
vn -0.009305 0.999957 0.000303
vn -0.007074 0.999975 0.000266
vn -0.009304 0.999957 0.000287
vn -0.057386 0.000264 0.998352
vn -0.078961 0.000328 0.996878
vn -0.078955 0.000309 0.996878
vn -0.057476 0.000260 0.998347
vn -0.057510 0.000284 0.998345
vn -0.078967 0.000296 0.996877
vn -0.057303 0.000284 0.998357
vn -0.078967 0.000296 0.996877
vn -0.057499 0.000285 0.998346
vn -0.078962 0.000298 0.996878
vn -0.078962 0.000313 0.996878
vn -0.057388 0.000303 0.998352
vn -0.057346 0.000259 0.998354
vn -0.078959 0.000275 0.996878
vn -0.078962 0.000295 0.996878
vn -0.057305 0.000284 0.998357
vn -0.057478 0.000270 0.998347
vn -0.078959 0.000295 0.996878
vn -0.078957 0.000296 0.996878
vn -0.057301 0.000284 0.998357
vn -0.057378 0.000279 0.998352
vn -0.078960 0.000302 0.996878
vn -0.057532 0.000492 0.998344
vn -0.078963 0.000503 0.996877
vn -0.057325 0.000491 0.998356
vn -0.078963 0.000502 0.996877
vn -0.057408 0.000257 0.998351
vn -0.078963 0.000280 0.996877
vn -0.057360 0.000272 0.998354
vn -0.078963 0.000272 0.996878
vn -0.057286 0.000298 0.998358
vn -0.078962 0.000268 0.996878
vn 0.007064 -0.999975 -0.000293
vn 0.009305 -0.999957 -0.000305
vn 0.009304 -0.999957 -0.000319
vn 0.007070 -0.999975 -0.000301
vn 0.006898 -0.999976 -0.000291
vn 0.009305 -0.999957 -0.000304
vn 0.006958 -0.999976 -0.000280
vn 0.009304 -0.999957 -0.000308
vn 0.007080 -0.999975 -0.000292
vn 0.009305 -0.999957 -0.000303
vn 0.006898 -0.999976 -0.000291
vn 0.009305 -0.999957 -0.000303
vn 0.006919 -0.999976 -0.000292
vn 0.009305 -0.999957 -0.000304
vn 0.009305 -0.999957 -0.000305
vn 0.007059 -0.999975 -0.000293
vn 0.007047 -0.999975 -0.000292
vn 0.009305 -0.999957 -0.000304
vn 0.009305 -0.999957 -0.000301
vn 0.007055 -0.999975 -0.000290
vn 0.007049 -0.999975 -0.000291
vn 0.009305 -0.999957 -0.000303
vn 0.009305 -0.999957 -0.000304
vn 0.006898 -0.999976 -0.000291
vn 0.006918 -0.999976 -0.000291
vn 0.009305 -0.999957 -0.000305
vn 0.006908 -0.999976 -0.000291
vn 0.009305 -0.999957 -0.000303
vn 0.009305 -0.999957 -0.000304
vn 0.007076 -0.999975 -0.000292
vn 0.006925 -0.999976 -0.000291
vn 0.009305 -0.999957 -0.000302
vn 0.009305 -0.999957 -0.000303
vn 0.007051 -0.999975 -0.000292
vn 0.006987 -0.999976 -0.000291
vn 0.009305 -0.999957 -0.000304
vn 0.009305 -0.999957 -0.000304
vn 0.007067 -0.999975 -0.000292
vn 0.006921 -0.999976 -0.000291
vn 0.009305 -0.999957 -0.000303
vn 0.006900 -0.999976 -0.000292
vn 0.009305 -0.999957 -0.000304
vn 0.057383 -0.000284 -0.998352
vn 0.078955 -0.000312 -0.996878
vn 0.078957 -0.000337 -0.996878
vn 0.057319 -0.000280 -0.998356
vn 0.064752 -0.000287 -0.997901
vn 0.078955 -0.000285 -0.996878
vn 0.078942 -0.000502 -0.996879
vn 0.078966 -0.000500 -0.996877
vn 0.078943 -0.000502 -0.996879
vn 0.078966 -0.000501 -0.996877
vn 0.078946 -0.000297 -0.996879
vn 0.078954 -0.000297 -0.996878
vn 0.078955 -0.000377 -0.996878
vn 0.078928 -0.000380 -0.996880
vn 0.067070 0.434277 -0.898279
vn 0.067038 0.435837 -0.897526
vn 0.078954 -0.000297 -0.996878
vn 0.078946 -0.000297 -0.996879
vn 0.042112 0.780782 -0.623383
vn 0.042127 0.780775 -0.623390
vn 0.042126 0.780776 -0.623390
vn 0.042112 0.780782 -0.623383
vn 0.042127 0.780759 -0.623411
vn 0.042125 0.780778 -0.623387
vn 0.042126 0.780784 -0.623380
vn 0.042123 0.780794 -0.623367
vn 0.041211 0.789296 -0.612628
vn 0.041193 0.789304 -0.612619
vn 0.041192 0.789307 -0.612615
vn 0.041210 0.789307 -0.612614
vn 0.041211 0.789295 -0.612629
vn 0.041193 0.789304 -0.612619
vn 0.041211 0.789294 -0.612631
vn 0.041192 0.789305 -0.612618
vn 0.041209 0.789281 -0.612649
vn 0.041198 0.789306 -0.612617
vn 0.041197 0.789308 -0.612614
vn 0.041209 0.789275 -0.612655
vn 0.041213 0.789297 -0.612626
vn 0.041199 0.789305 -0.612617
vn 0.041199 0.789306 -0.612616
vn 0.041213 0.789298 -0.612626
vn 0.041217 0.789314 -0.612605
vn 0.041198 0.789307 -0.612616
vn 0.041199 0.789303 -0.612621
vn 0.041214 0.789313 -0.612607
vn 0.041221 0.789333 -0.612580
vn 0.041195 0.789307 -0.612615
vn -0.009299 0.999957 0.000304
vn -0.009305 0.999957 0.000302
vn 0.032401 0.859658 -0.509842
vn 0.032537 0.858884 -0.511136
vn -0.009307 0.999957 0.000304
vn -0.009306 0.999957 0.000304
vn -0.009306 0.999957 0.000303
vn -0.009307 0.999957 0.000302
vn -0.009307 0.999957 0.000303
vn -0.009305 0.999957 0.000303
vn -0.009305 0.999957 0.000303
vn -0.009307 0.999957 0.000303
vn -0.009307 0.999957 0.000311
vn -0.009306 0.999957 0.000314
vn -0.009307 0.999957 0.000302
vn -0.009305 0.999957 0.000303
vn -0.009306 0.999957 0.000304
vn -0.009305 0.999957 0.000303
vn -0.009299 0.999957 0.000331
vn -0.009306 0.999957 0.000327
vn -0.078965 0.000349 0.996877
vn -0.078951 0.000314 0.996879
vn -0.078955 0.000321 0.996878
vn -0.078951 0.000388 0.996878
vn -0.078949 0.000297 0.996879
vn -0.078954 0.000298 0.996878
vn -0.078949 0.000297 0.996879
vn -0.078954 0.000298 0.996878
vn -0.078915 0.000290 0.996881
vn -0.078955 0.000289 0.996878
vn -0.078957 0.000309 0.996878
vn -0.078882 0.000356 0.996884
vn -0.078925 0.000368 0.996881
vn -0.078954 0.000358 0.996878
vn -0.078955 0.000287 0.996878
vn -0.078918 0.000287 0.996881
vn -0.078944 0.000293 0.996879
vn -0.078953 0.000307 0.996878
vn -0.078951 0.000571 0.996878
vn -0.078879 0.000570 0.996884
vn -0.078959 0.000236 0.996878
vn -0.078954 0.000239 0.996878
vn -0.078981 0.000439 0.996876
vn -0.078955 0.000439 0.996878
vn -0.078981 0.000440 0.996876
vn -0.078955 0.000439 0.996878
vn -0.078952 0.000253 0.996878
vn -0.078952 0.000251 0.996879
vn -0.078939 0.000297 0.996879
vn -0.078952 0.000299 0.996878
vn -0.078942 0.000354 0.996879
vn -0.078953 0.000358 0.996878
vn 0.009307 -0.999957 -0.000302
vn 0.009305 -0.999957 -0.000304
vn 0.009305 -0.999957 -0.000302
vn 0.009304 -0.999957 -0.000279
vn 0.009307 -0.999957 -0.000303
vn 0.009306 -0.999957 -0.000304
vn 0.009307 -0.999957 -0.000318
vn 0.009306 -0.999957 -0.000313
vn 0.009297 -0.999957 -0.000304
vn 0.009305 -0.999957 -0.000304
vn 0.009297 -0.999957 -0.000303
vn 0.009305 -0.999957 -0.000304
vn 0.009307 -0.999957 -0.000305
vn 0.009306 -0.999957 -0.000301
vn 0.009306 -0.999957 -0.000303
vn 0.009306 -0.999957 -0.000303
vn 0.009306 -0.999957 -0.000303
vn 0.009305 -0.999957 -0.000304
vn 0.009305 -0.999957 -0.000304
vn 0.009307 -0.999957 -0.000305
vn 0.009307 -0.999957 -0.000302
vn 0.009305 -0.999957 -0.000303
vn 0.009305 -0.999957 -0.000303
vn 0.009306 -0.999957 -0.000303
vn 0.009307 -0.999957 -0.000305
vn 0.009305 -0.999957 -0.000303
vn 0.009315 -0.999957 -0.000303
vn 0.009305 -0.999957 -0.000303
vn 0.009305 -0.999957 -0.000304
vn 0.009315 -0.999957 -0.000304
vn 0.009307 -0.999957 -0.000304
vn 0.009305 -0.999957 -0.000304
vn 0.009305 -0.999957 -0.000304
vn 0.009308 -0.999957 -0.000302
vn 0.009307 -0.999957 -0.000303
vn 0.009305 -0.999957 -0.000304
vn 0.009305 -0.999957 -0.000303
vn 0.009307 -0.999957 -0.000303
vn 0.009307 -0.999957 -0.000303
vn 0.009305 -0.999957 -0.000304
vn 0.009307 -0.999957 -0.000302
vn 0.009305 -0.999957 -0.000302
vn 0.078942 -0.000276 -0.996879
vn 0.078952 -0.000283 -0.996878
vn 0.078953 -0.000289 -0.996878
vn 0.078940 -0.000287 -0.996879
vn 0.078960 -0.000231 -0.996878
vn 0.078950 -0.000242 -0.996879
vn 0.078981 -0.000440 -0.996876
vn 0.078956 -0.000439 -0.996878
vn 0.078981 -0.000440 -0.996876
vn 0.078956 -0.000440 -0.996878
vn 0.078962 -0.000236 -0.996878
vn 0.078955 -0.000248 -0.996878
vn 0.078947 -0.000308 -0.996879
vn 0.078955 -0.000313 -0.996878
vn 0.078946 -0.000572 -0.996879
vn 0.078956 -0.000571 -0.996878
vn -0.011731 -0.000267 -0.999931
vn -0.011730 -0.000267 -0.999931
vn 0.057515 -0.000283 -0.998345
vn 0.078966 -0.000301 -0.996877
vn 0.078959 -0.000302 -0.996878
vn 0.078910 -0.000304 -0.996882
vn 0.999986 -0.000600 -0.005229
vn 0.999986 -0.000597 -0.005212
vn 0.999986 -0.000593 -0.005206
vn 0.999986 -0.000590 -0.005203
vn 0.999986 -0.000584 -0.005219
vn 0.999986 -0.000584 -0.005221
vn 0.999986 -0.000589 -0.005209
vn 0.999986 -0.000590 -0.005209
vn 0.999986 -0.000593 -0.005214
vn 0.999986 -0.000593 -0.005211
vn 0.999986 -0.000592 -0.005205
vn 0.999986 -0.000600 -0.005210
vn 0.999986 -0.000593 -0.005205
vn 0.999986 -0.000597 -0.005197
vn 0.999986 -0.000598 -0.005203
vn 0.999986 -0.000595 -0.005207
vn 0.999986 -0.000595 -0.005207
vn 0.999986 -0.000598 -0.005197
vn 0.999986 -0.000595 -0.005214
vn 0.999986 -0.000595 -0.005205
vn 0.999987 -0.000597 -0.005029
vn -0.079044 0.000293 0.996871
vn -0.078963 0.000293 0.996877
vn -0.078957 0.000293 0.996878
vn -0.057496 0.000282 0.998346
vn 0.011730 0.000263 0.999931
vn 0.011730 0.000262 0.999931
vn 0.011751 0.000288 0.999931
vn 0.011734 0.000295 0.999931
vn 0.011732 0.000296 0.999931
vn 0.011725 0.000299 0.999931
vn 0.011730 0.000323 0.999931
vn 0.011730 0.000323 0.999931
vn 0.011709 0.000350 0.999931
vn 0.011734 0.000354 0.999931
vn 0.011735 0.000355 0.999931
vn 0.011735 0.000359 0.999931
vn 0.011730 0.000438 0.999931
vn 0.011730 0.000439 0.999931
vn -0.036317 0.000548 0.999340
vn -0.078963 0.000570 0.996877
vn -0.078951 0.000570 0.996878
vn -0.078878 0.000573 0.996884
vn -0.999986 0.000544 0.005191
vn -0.999986 0.000541 0.005199
vn -0.999986 0.000541 0.005203
vn -0.999986 0.000545 0.005184
vn -0.999986 0.000548 0.005208
vn -0.999986 0.000548 0.005210
vn -0.999986 0.000552 0.005212
vn -0.999986 0.000552 0.005213
vn -0.999986 0.000559 0.005221
vn -0.999986 0.000552 0.005207
vn -0.999986 0.000551 0.005204
vn -0.999986 0.000556 0.005214
vn -0.999986 0.000556 0.005214
vn -0.999986 0.000554 0.005208
vn -0.999986 0.000554 0.005208
vn -0.999986 0.000554 0.005201
vn -0.999986 0.000553 0.005210
vn -0.999986 0.000544 0.005202
vn -0.999986 0.000539 0.005209
vn -0.999986 0.000533 0.005213
vn -0.999986 0.000539 0.005190
vn 0.078944 -0.000571 -0.996879
vn 0.078956 -0.000570 -0.996878
vn 0.078959 -0.000570 -0.996878
vn 0.036329 -0.000549 -0.999340
vn -0.011730 -0.000448 -0.999931
vn -0.011730 -0.000447 -0.999931
vn -0.011732 -0.000361 -0.999931
vn -0.011731 -0.000359 -0.999931
vn -0.011733 -0.000358 -0.999931
vn -0.011732 -0.000352 -0.999931
vn -0.011731 -0.000328 -0.999931
vn -0.011731 -0.000327 -0.999931
vn -0.011761 -0.000298 -0.999931
vn -0.011725 -0.000299 -0.999931
vn -0.011724 -0.000298 -0.999931
vn -0.011755 -0.000292 -0.999931
vn -0.011726 -0.000283 -0.999931
vn -0.011725 -0.000283 -0.999931
vn -0.011725 -0.000438 -0.999931
vn -0.011724 -0.000437 -0.999931
vn -0.011732 -0.000377 -0.999931
vn -0.011728 -0.000376 -0.999931
vn -0.011724 -0.000376 -0.999931
vn -0.011733 -0.000360 -0.999931
vn -0.011725 -0.000314 -0.999931
vn -0.011725 -0.000313 -0.999931
vn -0.011763 -0.000300 -0.999931
vn -0.011725 -0.000282 -0.999931
vn -0.011719 -0.000285 -0.999931
vn -0.011725 -0.000314 -0.999931
vn 0.000442 1.000000 0.000253
vn 0.000442 1.000000 0.000253
vn 0.000442 1.000000 0.000252
vn 0.000441 1.000000 0.000253
vn 0.000442 1.000000 0.000256
vn 0.000442 1.000000 0.000256
vn 0.000442 1.000000 0.000254
vn 0.000444 1.000000 0.000255
vn 0.000442 1.000000 0.000249
vn 0.000442 1.000000 0.000249
vn 0.000440 1.000000 0.000248
vn 0.000442 1.000000 0.000254
vn 0.000439 1.000000 0.000248
vn 0.000442 1.000000 0.000253
vn 0.000442 1.000000 0.000253
vn 0.000442 1.000000 0.000253
vn 0.000442 1.000000 0.000256
vn 0.000442 1.000000 0.000253
vn 0.000442 1.000000 0.000256
vn 0.000440 1.000000 0.000254
vn -0.003153 -0.000195 -0.999995
vn -0.003188 -0.000225 -0.999995
vn -0.003051 -0.000248 -0.999995
vn -0.003050 -0.000248 -0.999995
vn -0.003044 -0.000176 -0.999995
vn -0.003107 -0.000248 -0.999995
vn -0.003110 -0.000249 -0.999995
vn -0.003138 -0.000244 -0.999995
vn 0.000443 1.000000 0.000246
vn 0.000442 1.000000 0.000253
vn 0.000442 1.000000 0.000253
vn 0.000441 1.000000 0.000252
vn 0.000440 1.000000 0.000252
vn 0.000441 1.000000 0.000252
vn 0.000441 1.000000 0.000253
vn 0.000441 1.000000 0.000253
vn 0.000443 1.000000 0.000252
vn 0.000443 1.000000 0.000253
vn 0.000443 1.000000 0.000253
vn 0.000443 1.000000 0.000253
vn 0.000441 1.000000 0.000252
vn 0.000441 1.000000 0.000253
vn 0.000439 1.000000 0.000253
vn 0.000440 1.000000 0.000253
vn 0.000441 1.000000 0.000253
vn 0.000443 1.000000 0.000252
vn 0.000564 -1.000000 -0.000258
vn 0.000565 -1.000000 -0.000258
vn 0.000565 -1.000000 -0.000258
vn -0.003039 -0.000236 -0.999995
vn -0.003043 -0.000236 -0.999995
vn -0.003124 -0.000458 -0.999995
vn -0.003126 -0.000458 -0.999995
vn -0.003183 -0.000245 -0.999995
vn 0.000764 1.000000 0.000251
vn 0.000765 1.000000 0.000251
vn 0.000765 1.000000 0.000251
vn -0.999987 -0.000040 0.005210
vn -0.999987 -0.000040 0.005210
vn 0.000000 -1.000000 0.000000
vn 0.000000 -1.000000 0.000000
vn 0.000000 -1.000000 0.000000
vn 0.000000 -1.000000 0.000000
vn 0.000000 0.000000 1.000000
vn 0.000000 0.000000 1.000000
vn 0.000000 0.000000 1.000000
vn 0.000000 0.000000 1.000000
vn 0.000000 0.000000 -1.000000
vn 0.000000 0.000000 -1.000000
vn 0.000000 0.000000 -1.000000
vn 0.000000 0.000000 -1.000000
vn 1.000000 0.000000 0.000000
vn 1.000000 0.000000 0.000000
vn 1.000000 0.000000 0.000000
vn 1.000000 0.000000 0.000000
vn -1.000000 0.000000 0.000000
vn -1.000000 0.000000 0.000000
vn -1.000000 0.000000 0.000000
vn -1.000000 0.000000 0.000000
vn -1.000000 -0.000001 0.000000
vn -1.000000 0.000000 0.000000
vn -1.000000 0.000000 0.000000
vn -1.000000 0.000000 0.000000
vn 0.000000 0.000000 -1.000000
vn 0.000000 0.000000 -1.000000
vn 0.000000 0.000000 -1.000000
vn 0.000000 0.000000 -1.000000
vn 1.000000 0.000000 0.000000
vn 1.000000 0.000000 0.000000
vn 1.000000 0.000000 0.000000
vn 1.000000 0.000000 0.000000
vn 0.000000 0.000000 1.000000
vn 0.000000 0.000000 1.000000
vn 0.000000 0.000000 1.000000
vn 0.000000 0.000000 1.000000
vn -1.000000 0.000002 0.000000
vn -1.000000 0.000001 0.000000
vn -1.000000 0.000000 0.000000
vn -1.000000 0.000000 0.000000
vn 0.000000 0.000000 -1.000000
vn -0.000005 0.000000 -1.000000
vn -0.000005 0.000000 -1.000000
vn 0.000000 0.000000 -1.000000
vn 1.000000 0.000000 0.000000
vn 1.000000 0.000000 0.000000
vn 1.000000 0.000000 0.000000
vn 1.000000 0.000000 0.000000
vn 0.000000 0.000000 1.000000
vn 0.000000 0.000000 1.000000
vn 0.000000 0.000000 1.000000
vn 0.000000 0.000000 1.000000
vn -1.000000 0.000000 0.000000
vn -1.000000 0.000000 0.000000
vn -1.000000 0.000000 0.000000
vn -1.000000 0.000000 0.000000
vn 0.000000 0.000000 -1.000000
vn 0.000000 0.000000 -1.000000
vn -0.000000 0.000000 -1.000000
vn 0.000000 0.000000 -1.000000
vn 1.000000 0.000000 0.000000
vn 1.000000 0.000000 0.000000
vn 1.000000 0.000000 0.000000
vn 1.000000 0.000000 0.000000
vn 0.000000 0.000000 1.000000
vn 0.000000 0.000000 1.000000
vn 0.000000 0.000000 1.000000
vn 0.000000 0.000000 1.000000
vn 0.000000 0.000000 -1.000000
vn 0.000000 0.000000 -1.000000
vn 0.000000 0.000000 -1.000000
vn 0.000000 0.000000 -1.000000
vn 0.000000 0.000000 -1.000000
vn 0.000000 0.000000 -1.000000
vn 0.000000 0.000000 -1.000000
vn 0.000000 0.000000 -1.000000
vn 0.000000 0.000000 -1.000000
vn 0.000000 0.000000 -1.000000
vn 0.000000 0.000000 -1.000000
vn 0.000000 0.000000 -1.000000
vn 0.000000 0.000000 -1.000000
vn 0.000000 0.000000 -1.000000
vn 0.000000 0.000000 -1.000000
vn 0.000000 0.000000 -1.000000
vn 0.000000 -1.000000 0.000000
vn 0.000000 -1.000000 0.000000
vn 0.000000 -1.000000 0.000000
vn 0.000000 -1.000000 0.000000
vn 0.000000 0.000000 1.000000
vn 0.000000 0.000000 1.000000
vn 0.000000 0.000000 1.000000
vn 0.000000 0.000000 1.000000
vn 0.000000 0.000000 1.000000
vn 0.000000 0.000000 1.000000
vn 0.000000 0.000000 1.000000
vn 0.000000 0.000000 1.000000
vn 0.000000 0.000000 1.000000
vn 0.000000 0.000000 1.000000
vn 0.000000 0.000000 1.000000
vn 0.000000 0.000000 1.000000
vn 0.000000 0.000000 1.000000
vn 0.000000 0.000000 1.000000
vn 0.000000 0.000000 1.000000
vn 0.000000 0.000000 1.000000
vn -1.000000 0.000000 0.000000
vn -1.000000 0.000000 0.000000
vn -1.000000 0.000002 0.000000
vn -1.000000 0.000001 0.000000
vn -1.000000 -0.000001 0.000000
vn -1.000000 0.000000 0.000000
vn -1.000000 0.000000 0.000000
vn -1.000000 0.000000 0.000000
vn 0.000000 -1.000000 0.000000
vn 0.000000 -1.000000 0.000000
vn 0.000000 -1.000000 0.000000
vn 0.000000 -1.000000 0.000000
vn 1.000000 0.000000 0.000000
vn 1.000000 0.000000 0.000000
vn 1.000000 0.000000 0.000000
vn 1.000000 0.000000 0.000000
vn 1.000000 0.000000 0.000000
vn 1.000000 0.000000 0.000000
vn 1.000000 0.000000 0.000000
vn 1.000000 0.000000 0.000000
vn -1.000000 0.000000 0.000000
vn -1.000000 0.000000 0.000000
vn -1.000000 0.000000 0.000000
vn -1.000000 0.000000 0.000000
vn -1.000000 0.000000 0.000000
vn -1.000000 0.000000 0.000000
vn -1.000000 0.000000 0.000000
vn -1.000000 0.000000 0.000000
vn 0.000000 -1.000000 0.000000
vn 0.000000 -1.000000 0.000000
vn 0.000000 -1.000000 0.000000
vn 0.000000 -1.000000 0.000000
vn 1.000000 0.000000 0.000000
vn 1.000000 0.000000 0.000000
vn 1.000000 0.000000 0.000000
vn 1.000000 0.000000 0.000000
vn 1.000000 0.000000 0.000000
vn 1.000000 0.000000 0.000000
vn 1.000000 0.000000 0.000000
vn 1.000000 0.000000 0.000000
vn 0.000000 0.000000 1.000000
vn 0.000000 0.000000 1.000000
vn 0.000000 0.000000 1.000000
vn 0.000000 0.000000 1.000000
vn 0.000000 0.000000 1.000000
vn 0.000000 0.000000 1.000000
vn 0.000000 0.000000 1.000000
vn 0.000000 0.000000 1.000000
vn 0.000000 -1.000000 0.000000
vn 0.000000 -1.000000 0.000000
vn 0.000000 -1.000000 0.000000
vn 0.000000 -1.000000 0.000000
vn 0.000000 0.000000 -1.000000
vn 0.000000 0.000000 -1.000000
vn 0.000000 0.000000 -1.000000
vn 0.000000 0.000000 -1.000000
vn 0.000000 0.000000 -1.000000
vn 0.000000 0.000000 -1.000000
vn 0.000000 0.000000 -1.000000
vn -0.000000 0.000000 -1.000000
vn 0.000000 1.000000 -0.000001
vn 0.000000 1.000000 -0.000001
vn 0.000000 1.000000 0.000004
vn 0.000000 1.000000 -0.000001
vn 0.000000 1.000000 -0.000000
vn 0.000000 1.000000 -0.000000
vn 0.000000 1.000000 -0.000002
vn 0.000000 1.000000 -0.000003
vn 0.000000 1.000000 0.000000
vn 0.000000 1.000000 0.000000
vn 0.000000 1.000000 0.000002
vn 0.000000 1.000000 0.000000
vn 0.000000 1.000000 0.000000
vn 0.000000 1.000000 0.000000
vn 0.000000 1.000000 0.000000
vn 0.000000 1.000000 0.000000
vn 0.000000 1.000000 -0.000000
vn 0.000000 1.000000 -0.000001
vn 0.000000 1.000000 0.000000
vn 0.000000 1.000000 0.000000
vn 0.000000 1.000000 0.000000
vn 0.000000 1.000000 0.000000
vn 0.000000 1.000000 -0.000002
vn 0.000000 1.000000 0.000002
vn 0.000000 1.000000 0.000001
vn 0.000000 1.000000 0.000000
vn 0.000000 1.000000 0.000002
vn 0.000000 1.000000 -0.000002
vn 0.000000 0.000000 -1.000000
vn 0.000000 0.000000 -1.000000
vn 0.000000 0.000000 -1.000000
vn 0.000000 0.000000 -1.000000
vn 0.000000 0.000000 1.000000
vn 0.000000 0.000000 1.000000
vn 0.000000 0.000000 1.000000
vn 0.000000 0.000000 1.000000
vn 1.000000 0.000000 0.000000
vn 1.000000 0.000000 0.000000
vn 1.000000 0.000000 0.000000
vn 1.000000 0.000000 0.000000
vn -1.000000 0.000000 0.000000
vn -1.000000 0.000000 0.000000
vn -1.000000 0.000000 0.000000
vn -1.000000 0.000000 0.000000
vn 0.000000 0.000000 -1.000000
vn 0.000000 0.000000 -1.000000
vn 0.000000 0.000000 1.000000
vn 0.000000 0.000000 1.000000
vn 1.000000 0.000000 0.000000
vn 1.000000 0.000000 0.000000
vn -1.000000 0.000000 0.000000
vn -1.000000 0.000000 0.000000
vn 1.000000 0.000000 0.000000
vn 1.000000 0.000000 0.000000
vn -1.000000 0.000000 0.000000
vn -1.000000 0.000000 0.000000
vn 0.000000 0.000000 -1.000000
vn 0.000000 0.000000 -1.000000
vn 0.000000 0.000000 -1.000000
vn 0.000000 0.000000 -1.000000
vn 0.000000 0.000000 1.000000
vn 0.000000 0.000000 1.000000
vn 0.000000 0.000000 1.000000
vn 0.000000 0.000000 1.000000
vn 0.000000 0.000000 1.000000
vn 0.000000 0.000000 1.000000
vn 0.000000 1.000000 -0.000000
vn 0.000000 1.000000 -0.000001
vn 0.000000 0.000000 -1.000000
vn 0.000000 0.000000 -1.000000
vn 0.000000 0.000000 -1.000000
vn 0.000000 0.000000 -1.000000
vn 0.000000 0.000000 -1.000000
vn 0.000000 0.000000 -1.000000
vn 0.000000 0.000000 -1.000000
vn 0.000000 0.000000 -1.000000
vn 0.000000 -1.000000 0.000000
vn 0.000000 -1.000000 0.000000
vn 0.000000 -1.000000 0.000000
vn 0.000000 -1.000000 0.000000
vn 0.000000 0.000000 1.000000
vn 0.000000 0.000000 1.000000
vn 0.000000 0.000000 1.000000
vn 0.000000 0.000000 1.000000
vn 0.000000 0.000000 1.000000
vn 0.000000 0.000000 1.000000
vn 0.000000 0.000000 1.000000
vn 0.000000 0.000000 1.000000
vn 0.000000 1.000000 0.000000
vn 0.000000 1.000000 0.000000
vn 0.000000 0.000000 -1.000000
vn 0.000000 0.000000 -1.000000
vn 0.000000 1.000000 0.000016
vn 0.000000 1.000000 -0.000005
vn 0.000000 1.000000 -0.000000
vn 0.000000 1.000000 0.000001
vn 0.000000 1.000000 -0.000001
vn 0.000000 1.000000 -0.000000
vn 0.000000 1.000000 0.000000
vn 0.000000 1.000000 0.000000
vn 0.000000 1.000000 0.000000
vn 0.000000 1.000000 0.000000
vn 0.000000 1.000000 0.000005
vn 0.000000 1.000000 -0.000000
vn 0.000000 1.000000 0.000015
vn 0.000000 1.000000 -0.000001
vn 0.000000 1.000000 -0.000015
vn 0.000000 1.000000 -0.000001
vn 0.000000 1.000000 -0.000001
vn 0.000000 1.000000 -0.000016
vn 0.000000 1.000000 0.000004
vn 0.000000 1.000000 0.000004
vn 0.000000 1.000000 0.000001
vn 0.000000 1.000000 0.000001
vn 0.000000 1.000000 0.000000
vn 0.000000 1.000000 0.000000
vn 0.000000 1.000000 0.000000
vn 0.000000 1.000000 0.000000
vn 0.000000 1.000000 0.000002
vn 0.000000 1.000000 -0.000001
vn 0.000000 1.000000 0.000012
vn 0.000000 1.000000 -0.000003
vn 0.000000 1.000000 0.000016
vn 0.000000 1.000000 0.000001
vn 0.000000 0.000000 1.000000
vn 0.000000 0.000000 1.000000
vn 0.000000 0.000000 1.000000
vn 0.000000 0.000000 1.000000
vn 0.000000 0.000000 1.000000
vn 0.000000 0.000000 1.000000
vn 1.000000 0.000000 0.000000
vn 1.000000 0.000000 0.000000
vn 1.000000 0.000000 0.000000
vn 1.000000 0.000000 0.000000
vn 1.000000 0.000000 0.000000
vn 1.000000 0.000000 0.000000
vn 1.000000 0.000000 0.000000
vn 1.000000 0.000000 0.000000
vn 0.000000 0.000000 -1.000000
vn 0.000000 0.000000 -1.000000
vn 0.000000 0.000000 -1.000000
vn 0.000000 0.000000 -1.000000
vn 0.000000 0.000000 -1.000000
vn 0.000000 0.000000 -1.000000
vn 0.000000 0.000000 -1.000000
vn 0.000000 0.000000 -1.000000
vn 0.000000 0.000000 -1.000000
vn 0.000000 0.000000 -1.000000
vn 0.000000 0.000000 -1.000000
vn 0.000000 0.000000 -1.000000
vn -1.000000 0.000000 0.000000
vn -1.000000 0.000000 0.000000
vn -1.000000 0.000000 0.000000
vn -1.000000 0.000000 0.000000
vn -1.000000 0.000000 0.000000
vn -1.000000 0.000000 0.000000
vn -1.000000 0.000000 0.000000
vn -1.000000 0.000000 0.000000
vn 0.000000 0.000000 1.000000
vn 0.000000 0.000000 1.000000
vn 0.000000 0.000000 1.000000
vn 0.000000 0.000000 1.000000
vn 0.000000 0.000000 1.000000
vn 0.000000 0.000000 1.000000
vn 0.210389 0.445335 -0.870295
vn 0.210389 0.445335 -0.870295
vn 0.210389 0.445335 -0.870295
vn 0.210389 0.445335 -0.870295
vn -0.210392 0.445334 -0.870295
vn -0.210392 0.445334 -0.870295
vn -0.210392 0.445334 -0.870295
vn -0.210392 0.445334 -0.870295
vn -0.495824 0.180066 -0.849550
vn -0.495824 0.180066 -0.849550
vn -0.495824 0.180066 -0.849550
vn -0.495824 0.180066 -0.849550
vn -0.495819 -0.180066 -0.849553
vn -0.495819 -0.180066 -0.849553
vn -0.495819 -0.180066 -0.849553
vn -0.495819 -0.180066 -0.849553
vn -0.210394 -0.445333 -0.870295
vn -0.210394 -0.445333 -0.870295
vn -0.210394 -0.445333 -0.870295
vn -0.210394 -0.445333 -0.870295
vn 0.210389 -0.445334 -0.870295
vn 0.210389 -0.445334 -0.870295
vn 0.210389 -0.445334 -0.870295
vn 0.210389 -0.445334 -0.870295
vn 0.495819 -0.180061 -0.849554
vn 0.495819 -0.180061 -0.849554
vn 0.495819 -0.180061 -0.849554
vn 0.495819 -0.180061 -0.849554
vn 0.495824 0.180061 -0.849551
vn 0.495824 0.180061 -0.849551
vn 0.495824 0.180061 -0.849551
vn 0.495824 0.180061 -0.849551
vn 0.335369 0.709870 -0.619364
vn 0.335369 0.709870 -0.619364
vn 0.335369 0.709870 -0.619364
vn 0.335369 0.709870 -0.619364
vn -0.335370 0.709869 -0.619365
vn -0.335370 0.709869 -0.619365
vn -0.335370 0.709869 -0.619365
vn -0.335370 0.709869 -0.619365
vn -0.763137 0.277149 -0.583790
vn -0.763137 0.277149 -0.583790
vn -0.763137 0.277149 -0.583790
vn -0.763137 0.277149 -0.583790
vn -0.763138 -0.277149 -0.583789
vn -0.763138 -0.277149 -0.583789
vn -0.763138 -0.277149 -0.583789
vn -0.763138 -0.277149 -0.583789
vn -0.335371 -0.709869 -0.619365
vn -0.335371 -0.709869 -0.619365
vn -0.335371 -0.709869 -0.619365
vn -0.335371 -0.709869 -0.619365
vn 0.335370 -0.709869 -0.619364
vn 0.335370 -0.709869 -0.619364
vn 0.335370 -0.709869 -0.619364
vn 0.335370 -0.709869 -0.619364
vn 0.763143 -0.277147 -0.583783
vn 0.763143 -0.277147 -0.583783
vn 0.763143 -0.277147 -0.583783
vn 0.763143 -0.277147 -0.583783
vn 0.763142 0.277147 -0.583784
vn 0.763142 0.277147 -0.583784
vn 0.763142 0.277147 -0.583784
vn 0.763142 0.277147 -0.583784
vn 0.415850 0.880226 -0.228627
vn 0.415850 0.880226 -0.228627
vn 0.415850 0.880226 -0.228627
vn 0.415850 0.880226 -0.228627
vn -0.415854 0.880224 -0.228629
vn -0.415854 0.880224 -0.228629
vn -0.415854 0.880224 -0.228629
vn -0.415854 0.880224 -0.228629
vn -0.919115 0.333796 -0.209302
vn -0.919115 0.333796 -0.209302
vn -0.919115 0.333796 -0.209302
vn -0.919115 0.333796 -0.209302
vn -0.919115 -0.333796 -0.209303
vn -0.919115 -0.333796 -0.209303
vn -0.919115 -0.333796 -0.209303
vn -0.919115 -0.333796 -0.209303
vn -0.415854 -0.880224 -0.228628
vn -0.415854 -0.880224 -0.228628
vn -0.415854 -0.880224 -0.228628
vn -0.415854 -0.880224 -0.228628
vn 0.415852 -0.880225 -0.228629
vn 0.415852 -0.880225 -0.228629
vn 0.415852 -0.880225 -0.228629
vn 0.415852 -0.880225 -0.228629
vn 0.919116 -0.333793 -0.209306
vn 0.919116 -0.333793 -0.209306
vn 0.919116 -0.333793 -0.209306
vn 0.919116 -0.333793 -0.209306
vn 0.919115 0.333793 -0.209306
vn 0.919115 0.333793 -0.209306
vn 0.919115 0.333793 -0.209306
vn 0.919115 0.333793 -0.209306
vn 0.415852 0.880226 0.228627
vn 0.415852 0.880226 0.228627
vn 0.415852 0.880226 0.228627
vn 0.415852 0.880226 0.228627
vn -0.415854 0.880224 0.228629
vn -0.415854 0.880224 0.228629
vn -0.415854 0.880224 0.228629
vn -0.415854 0.880224 0.228629
vn -0.919115 0.333796 0.209302
vn -0.919115 0.333796 0.209302
vn -0.919115 0.333796 0.209302
vn -0.919115 0.333796 0.209302
vn -0.919115 -0.333795 0.209303
vn -0.919115 -0.333795 0.209303
vn -0.919115 -0.333795 0.209303
vn -0.919115 -0.333795 0.209303
vn -0.415854 -0.880224 0.228628
vn -0.415854 -0.880224 0.228628
vn -0.415854 -0.880224 0.228628
vn -0.415854 -0.880224 0.228628
vn 0.415852 -0.880225 0.228629
vn 0.415852 -0.880225 0.228629
vn 0.415852 -0.880225 0.228629
vn 0.415852 -0.880225 0.228629
vn 0.919116 -0.333793 0.209306
vn 0.919116 -0.333793 0.209306
vn 0.919116 -0.333793 0.209306
vn 0.919116 -0.333793 0.209306
vn 0.919116 0.333792 0.209306
vn 0.919116 0.333792 0.209306
vn 0.919116 0.333792 0.209306
vn 0.919116 0.333792 0.209306
vn 0.335367 0.709871 0.619365
vn 0.335367 0.709871 0.619365
vn 0.335367 0.709871 0.619365
vn 0.335367 0.709871 0.619365
vn -0.335368 0.709870 0.619365
vn -0.335368 0.709870 0.619365
vn -0.335368 0.709870 0.619365
vn -0.335368 0.709870 0.619365
vn -0.763137 0.277149 0.583789
vn -0.763137 0.277149 0.583789
vn -0.763138 0.277149 0.583789
vn -0.763138 0.277149 0.583789
vn -0.763137 -0.277149 0.583789
vn -0.763137 -0.277149 0.583789
vn -0.763137 -0.277149 0.583789
vn -0.763137 -0.277149 0.583789
vn -0.335368 -0.709870 0.619365
vn -0.335368 -0.709870 0.619365
vn -0.335368 -0.709870 0.619365
vn -0.335368 -0.709870 0.619365
vn 0.335367 -0.709870 0.619365
vn 0.335367 -0.709870 0.619365
vn 0.335367 -0.709870 0.619365
vn 0.335367 -0.709870 0.619365
vn 0.763142 -0.277147 0.583784
vn 0.763142 -0.277147 0.583784
vn 0.763142 -0.277147 0.583784
vn 0.763142 -0.277147 0.583784
vn 0.763142 0.277147 0.583784
vn 0.763142 0.277147 0.583784
vn 0.763142 0.277147 0.583784
vn 0.763142 0.277147 0.583784
vn 0.210394 0.445335 0.870294
vn 0.210394 0.445335 0.870294
vn 0.210394 0.445336 0.870293
vn 0.210394 0.445336 0.870293
vn -0.210395 0.445338 0.870292
vn -0.210395 0.445338 0.870292
vn -0.210395 0.445338 0.870292
vn -0.210395 0.445338 0.870292
vn -0.495826 0.180065 0.849549
vn -0.495825 0.180065 0.849549
vn -0.495824 0.180064 0.849550
vn -0.495824 0.180065 0.849550
vn -0.495825 -0.180065 0.849549
vn -0.495825 -0.180065 0.849549
vn -0.495823 -0.180064 0.849550
vn -0.495823 -0.180064 0.849551
vn -0.210395 -0.445338 0.870292
vn -0.210395 -0.445338 0.870292
vn -0.210395 -0.445338 0.870292
vn -0.210395 -0.445338 0.870292
vn 0.210394 -0.445335 0.870294
vn 0.210394 -0.445335 0.870294
vn 0.210394 -0.445335 0.870294
vn 0.210394 -0.445335 0.870294
vn 0.495821 -0.180063 0.849552
vn 0.495821 -0.180063 0.849552
vn 0.495821 -0.180063 0.849552
vn 0.495821 -0.180063 0.849552
vn 0.495821 0.180063 0.849552
vn 0.495822 0.180063 0.849552
vn 0.495822 0.180063 0.849551
vn 0.495822 0.180063 0.849551
vn 0.070960 0.150213 -0.986104
vn 0.070960 0.150213 -0.986104
vn 0.070960 0.150213 -0.986104
vn -0.070961 0.150216 -0.986103
vn -0.070961 0.150216 -0.986103
vn -0.070961 0.150216 -0.986103
vn -0.170851 0.062047 -0.983341
vn -0.170851 0.062047 -0.983341
vn -0.170851 0.062047 -0.983341
vn -0.170852 -0.062048 -0.983341
vn -0.170852 -0.062048 -0.983341
vn -0.170852 -0.062048 -0.983341
vn -0.070961 -0.150216 -0.986103
vn -0.070961 -0.150216 -0.986103
vn -0.070961 -0.150216 -0.986103
vn 0.070960 -0.150213 -0.986104
vn 0.070960 -0.150213 -0.986104
vn 0.070960 -0.150213 -0.986104
vn 0.170851 -0.062048 -0.983341
vn 0.170851 -0.062048 -0.983341
vn 0.170851 -0.062048 -0.983341
vn 0.170850 0.062047 -0.983341
vn 0.170850 0.062047 -0.983341
vn 0.170850 0.062047 -0.983341
vn -0.072570 -0.153601 0.985465
vn -0.072570 -0.153601 0.985465
vn -0.072570 -0.153601 0.985465
vn 0.072566 -0.153603 0.985464
vn 0.072566 -0.153603 0.985465
vn 0.072566 -0.153603 0.985465
vn 0.174682 -0.063436 0.982579
vn 0.174682 -0.063436 0.982579
vn 0.174682 -0.063436 0.982579
vn 0.174679 0.063440 0.982580
vn 0.174679 0.063440 0.982580
vn 0.174679 0.063440 0.982580
vn 0.072571 0.153601 0.985465
vn 0.072571 0.153601 0.985465
vn 0.072571 0.153601 0.985465
vn -0.072570 0.153601 0.985465
vn -0.072570 0.153601 0.985465
vn -0.072570 0.153601 0.985465
vn -0.174682 0.063437 0.982579
vn -0.174682 0.063437 0.982579
vn -0.174682 0.063437 0.982579
vn -0.174685 -0.063439 0.982579
vn -0.174685 -0.063439 0.982579
vn -0.174685 -0.063439 0.982579
vn 0.000000 0.000000 0.000000
vn 0.000000 0.000000 0.000000
vn 0.000000 0.000000 0.000000
vn 0.000000 0.000000 0.000000
vn 0.000000 0.000000 0.000000
vn 0.000000 0.000000 0.000000
vn 0.000000 0.000000 0.000000
vn 0.000000 0.000000 0.000000
vn 0.000000 0.000000 0.000000
vn 0.000000 0.000000 0.000000
vn 0.000000 0.000000 0.000000
vn 0.000000 0.000000 0.000000
vn 0.000000 0.000000 0.000000
vn 0.000000 0.000000 0.000000
vn 0.000000 0.000000 0.000000
vn 0.000000 0.000000 0.000000
vn 0.000000 0.000000 0.000000
vn 0.000000 0.000000 0.000000
vn 0.000000 0.000000 0.000000
vn 0.000000 0.000000 0.000000
vn 0.000000 0.000000 0.000000
vn 0.000000 0.000000 0.000000
vn 0.000000 0.000000 0.000000
vn 0.000000 0.000000 0.000000
vn 0.000000 0.000000 0.000000
vn 0.000000 0.000000 0.000000
vn 0.000000 0.000000 0.000000
vn 0.000000 0.000000 0.000000
vn 0.000000 0.000000 0.000000
vn 0.000000 0.000000 0.000000
vn 0.000000 0.000000 0.000000
vn 0.000000 0.000000 0.000000
vn 0.415856 0.880222 -0.228631
vn 0.415856 0.880222 -0.228631
vn 0.415857 0.880222 -0.228632
vn 0.415857 0.880222 -0.228632
vn -0.415851 0.880225 -0.228630
vn -0.415851 0.880225 -0.228630
vn -0.415851 0.880225 -0.228631
vn -0.415851 0.880225 -0.228631
vn -0.919113 0.333790 -0.209320
vn -0.919113 0.333790 -0.209320
vn -0.919115 0.333791 -0.209314
vn -0.919115 0.333791 -0.209314
vn -0.919113 -0.333791 -0.209319
vn -0.919113 -0.333791 -0.209319
vn -0.919114 -0.333791 -0.209314
vn -0.919114 -0.333791 -0.209314
vn -0.415853 -0.880224 -0.228631
vn -0.415853 -0.880224 -0.228631
vn -0.415852 -0.880224 -0.228633
vn -0.415852 -0.880224 -0.228633
vn 0.415858 -0.880221 -0.228633
vn 0.415858 -0.880221 -0.228633
vn 0.415857 -0.880221 -0.228635
vn 0.415857 -0.880221 -0.228635
vn 0.919115 -0.333791 -0.209312
vn 0.919115 -0.333791 -0.209312
vn 0.919115 -0.333791 -0.209314
vn 0.919115 -0.333791 -0.209314
vn 0.919115 0.333791 -0.209312
vn 0.919115 0.333791 -0.209312
vn 0.919115 0.333790 -0.209314
vn 0.919115 0.333790 -0.209314
vn 0.250158 0.209697 -0.945224
vn 0.000001 0.305594 -0.952162
vn 0.000001 0.305599 -0.952160
vn 0.240765 0.218169 -0.945745
vn -0.250152 0.209694 -0.945226
vn -0.240768 0.218167 -0.945745
vn -0.343743 -0.000000 -0.939064
vn -0.343751 -0.000000 -0.939061
vn -0.250153 -0.209694 -0.945226
vn -0.240768 -0.218168 -0.945745
vn -0.000001 -0.305594 -0.952162
vn -0.000001 -0.305599 -0.952160
vn 0.250156 -0.209698 -0.945224
vn 0.240769 -0.218168 -0.945745
vn 0.343752 0.000000 -0.939061
vn 0.343750 0.000000 -0.939061
vn 0.419016 0.886927 -0.194385
vn 0.419016 0.886927 -0.194385
vn 0.419012 0.886930 -0.194382
vn 0.419012 0.886930 -0.194382
vn -0.419010 0.886930 -0.194385
vn -0.419010 0.886930 -0.194385
vn -0.419010 0.886931 -0.194382
vn -0.419010 0.886931 -0.194382
vn -0.924971 0.335909 -0.177749
vn -0.924971 0.335909 -0.177749
vn -0.924972 0.335910 -0.177739
vn -0.924972 0.335910 -0.177738
vn -0.924970 -0.335920 -0.177732
vn -0.924970 -0.335920 -0.177732
vn -0.924970 -0.335923 -0.177725
vn -0.924970 -0.335923 -0.177725
vn -0.419016 -0.886928 -0.194381
vn -0.419016 -0.886928 -0.194381
vn -0.419016 -0.886929 -0.194378
vn -0.419016 -0.886929 -0.194378
vn 0.419011 -0.886929 -0.194389
vn 0.419011 -0.886929 -0.194389
vn 0.419011 -0.886930 -0.194385
vn 0.419011 -0.886930 -0.194385
vn 0.924972 -0.335909 -0.177741
vn 0.924972 -0.335909 -0.177741
vn 0.924972 -0.335909 -0.177739
vn 0.924972 -0.335909 -0.177739
vn 0.924972 0.335910 -0.177742
vn 0.924971 0.335910 -0.177742
vn 0.924973 0.335908 -0.177739
vn 0.924973 0.335908 -0.177739
vn 0.426719 0.903245 -0.045370
vn 0.426736 0.903279 -0.044535
vn 0.427164 0.904174 0.000000
vn 0.427164 0.904174 0.000000
vn -0.426740 0.903277 -0.044534
vn -0.426724 0.903243 -0.045369
vn -0.427163 0.904175 0.000000
vn -0.427163 0.904175 0.000000
vn -0.939166 0.341071 -0.040468
vn -0.939140 0.341061 -0.041165
vn -0.939936 0.341351 0.000000
vn -0.939936 0.341351 0.000000
vn -0.939135 -0.341074 -0.041164
vn -0.939161 -0.341084 -0.040467
vn -0.939932 -0.341362 0.000000
vn -0.939932 -0.341362 0.000000
vn -0.426729 -0.903241 -0.045368
vn -0.426745 -0.903275 -0.044533
vn -0.427166 -0.904173 0.000000
vn -0.427166 -0.904173 0.000000
vn 0.426738 -0.903278 -0.044534
vn 0.426722 -0.903244 -0.045369
vn 0.427161 -0.904176 0.000000
vn 0.427161 -0.904176 0.000000
vn 0.939165 -0.341074 -0.040476
vn 0.939138 -0.341064 -0.041172
vn 0.939935 -0.341353 0.000000
vn 0.939935 -0.341353 0.000000
vn 0.939140 0.341058 -0.041172
vn 0.939167 0.341068 -0.040475
vn 0.939936 0.341352 0.000000
vn 0.939936 0.341352 0.000000
vn 0.939936 0.341352 0.000000
vn 0.939936 0.341352 0.000000
vn 0.939940 -0.341340 0.000000
vn 0.939940 -0.341340 0.000000
vn 0.427147 -0.904182 0.000000
vn 0.427147 -0.904182 0.000000
vn -0.427149 -0.904181 0.000000
vn -0.427149 -0.904181 0.000000
vn -0.939933 -0.341360 0.000000
vn -0.939933 -0.341360 0.000000
vn -0.939936 0.341352 0.000000
vn -0.939936 0.341352 0.000000
vn -0.427145 0.904183 0.000000
vn -0.427145 0.904183 0.000000
vn 0.427169 0.904172 0.000000
vn 0.427169 0.904172 0.000000
vn 0.235985 0.222456 -0.945952
vn 0.343747 0.000000 -0.939062
vn 0.235996 -0.222455 -0.945949
vn -0.000000 -0.305608 -0.952158
vn -0.235997 -0.222460 -0.945948
vn -0.343769 0.000000 -0.939054
vn -0.236002 0.222459 -0.945947
vn 0.000000 0.305607 -0.952158
vn 0.919112 0.333787 -0.209330
vn 0.919112 0.333787 -0.209330
vn 0.919113 -0.333783 -0.209335
vn 0.919113 -0.333783 -0.209335
vn 0.415847 -0.880220 -0.228657
vn 0.415847 -0.880220 -0.228657
vn -0.415842 -0.880224 -0.228651
vn -0.415842 -0.880224 -0.228651
vn -0.919126 -0.333792 -0.209261
vn -0.919126 -0.333792 -0.209261
vn -0.919127 0.333794 -0.209257
vn -0.919127 0.333794 -0.209257
vn -0.415850 0.880224 -0.228636
vn -0.415850 0.880224 -0.228636
vn 0.415861 0.880218 -0.228641
vn 0.415861 0.880218 -0.228641
vn 0.495860 0.180064 0.849529
vn 0.495860 0.180064 0.849529
vn 0.495806 -0.180068 0.849560
vn 0.495806 -0.180068 0.849560
vn 0.210396 -0.445347 0.870287
vn 0.210396 -0.445347 0.870287
vn -0.210376 -0.445325 0.870303
vn -0.210376 -0.445325 0.870303
vn -0.495743 -0.180057 0.849599
vn -0.495743 -0.180057 0.849599
vn -0.495779 0.180054 0.849578
vn -0.495779 0.180054 0.849578
vn -0.210404 0.445320 0.870299
vn -0.210404 0.445320 0.870299
vn 0.210406 0.445353 0.870281
vn 0.210406 0.445353 0.870281
s 1
g pCube27
usemtl lambert5SG
f 1742/2020/1 742/954/2 4/4/3 1741/2019/4
s 2
f 1741/2019/5 4/4/6 817/1035/7 1740/2018/8
s 3
usemtl lambert4SG
f 1727/2005/9 6/6/10 729/939/11 1726/2004/12
s 4
usemtl lambert5SG
f 1754/2033/13 825/1045/14 2/10/15 1753/2032/16
s 5
usemtl lambert6SG
f 819/1038/17 741/953/18 3/3/19 818/1036/20
s 2
usemtl lambert4SG
f 2474/2816/21 2475/2817/22 262/338/23 1733/2011/24
s 5
f 735/947/25 2471/2812/26 2472/2813/27 263/340/28
s 4
f 1761/2040/29 269/348/30 2453/2793/31 2454/2794/32
s 9
f 2475/2818/33 2476/2819/34 724/934/35 262/339/36
s 3
f 1724/2002/37 13/21/38 2040/2329/39 2041/2331/40
s 5
f 2049/2340/41 2467/2808/42 2468/2809/43 264/342/44
usemtl lambert6SG
f 2056/2347/45 2057/2348/46 16/26/47 820/1039/48
s 1
usemtl lambert5SG
f 2059/2350/49 2060/2351/50 17/27/51 1744/2022/52
s 9
usemtl lambert4SG
f 2034/2323/53 261/337/54 2479/2822/55 2480/2823/56
s 1
usemtl lambert5SG
f 1641/1917/57 752/964/58 22/31/59 1640/1916/60
s 2
f 1640/1916/61 22/31/62 841/1062/63 1639/1915/64
s 3
usemtl lambert4SG
f 1626/1902/65 24/36/66 763/975/67 1625/1901/68
s 4
usemtl lambert5SG
f 1653/1930/69 835/1055/70 20/41/71 1652/1929/72
s 19
usemtl lambert6SG
f 752/964/73 840/1061/74 841/1063/75 22/31/76
s 2
usemtl lambert4SG
f 2419/2757/77 2420/2758/78 280/360/79 1632/1908/80
s 21
f 769/983/81 2416/2753/82 2417/2754/83 281/362/84
s 4
f 1660/1937/85 275/354/86 2436/2775/87 2437/2777/88
s 19
f 2420/2759/89 2421/2760/90 758/970/91 280/361/92
s 3
f 1623/1899/93 31/37/94 2001/2288/95 2002/2290/96
s 21
f 2010/2299/97 2412/2749/98 2413/2750/99 282/364/100
s 1
usemtl lambert5SG
f 2076/2367/101 2077/2368/102 35/30/103 1643/1919/104
s 19
usemtl lambert6SG
f 2077/2368/105 2078/2369/106 839/1060/107 35/30/108
usemtl lambert4SG
f 279/359/109 2424/2763/110 2425/2764/111 2085/2376/112
s 3
f 1768/2047/113 936/1163/114 8/8/115 1767/2046/116
s 5
f 268/346/117 2456/2796/118 2457/2798/119 930/1156/120
usemtl lambert6SG
f 824/1043/121 1/1/122 922/1148/123 923/1149/124
s 1
usemtl lambert5SG
f 1753/2031/125 2/2/126 921/1147/127 1752/2030/128
s 3
usemtl lambert4SG
f 1667/1944/129 946/1173/130 26/50/131 1666/1943/132
s 1
usemtl lambert5SG
f 1652/1928/133 20/54/134 911/1137/135 1651/1927/136
s 19
usemtl lambert6SG
f 20/54/137 835/1056/138 958/1186/139 911/1137/140
usemtl lambert4SG
f 951/1179/141 2435/2774/142 2436/2776/143 275/355/144
s 3
f 1778/2057/145 1779/2058/146 55/81/147 1620/1896/148
s 1
usemtl lambert5SG
f 1646/1922/149 59/87/150 1793/2073/151 1794/2074/152
s 19
usemtl lambert6SG
f 59/87/153 837/1058/154 1792/2072/155 1793/2073/156
usemtl lambert4SG
f 1785/2065/157 2429/2768/158 2430/2769/159 277/357/160
s 3
f 1620/1896/148 55/81/147 1058/1295/161 1619/1895/162
s 41
f 1005/1239/163 1006/1241/164 57/85/165 56/83/166
s 1
usemtl lambert5SG
f 1647/1923/167 1044/1281/168 59/87/150 1646/1922/149
s 19
usemtl lambert6SG
f 1044/1281/169 1045/1282/170 837/1058/154 59/87/153
usemtl lambert4SG
f 277/357/160 2430/2769/159 2431/2770/171 1052/1289/172
s 5
f 266/344/173 2462/2803/174 2463/2804/175 1821/2101/176
usemtl lambert6SG
f 822/1041/177 69/100/178 1813/2093/179 1814/2094/180
s 1
usemtl lambert5SG
f 1747/2025/181 70/101/182 1810/2090/183 1811/2091/184
s 3
usemtl lambert4SG
f 1773/2052/185 1829/2110/186 1830/2111/187 72/103/188
s 5
f 1025/1262/189 2461/2802/190 2462/2803/174 266/344/173
usemtl lambert6SG
f 1032/1269/191 1033/1270/192 69/100/178 822/1041/177
s 1
usemtl lambert5SG
f 1748/2026/193 1034/1271/194 70/101/182 1747/2025/181
s 46
usemtl lambert4SG
f 72/104/195 71/102/196 1017/1252/197 1018/1254/198
s 3
f 1773/2052/185 72/103/188 1018/1253/199 1772/2051/200
s 2
f 1738/2016/201 73/105/202 682/885/203 1737/2015/204
s 5
f 739/951/205 740/952/206 74/107/207 683/887/208
f 2053/2344/209 2054/2345/210 75/109/211 684/889/212
f 686/891/213 77/111/214 1816/2096/215 1817/2097/216
f 1029/1266/217 1030/1267/218 77/111/214 686/891/213
f 688/893/219 79/113/220 925/1151/221 926/1152/222
s 4
f 1757/2036/223 689/895/224 80/115/225 1756/2035/226
s 46
f 82/117/227 1016/1251/228 1017/1252/197 71/102/196
s 9
f 84/119/229 2029/2318/230 2030/2319/231 681/884/232
f 73/106/233 719/929/234 720/930/235 682/886/236
s 2
f 1637/1913/237 85/120/238 704/911/239 1636/1912/240
s 21
f 773/987/241 774/988/242 86/122/243 705/913/244
usemtl lambert6SG
f 2014/2303/245 2015/2304/246 87/124/247 706/915/248
s 41
usemtl lambert4SG
f 1006/1241/164 1007/1242/249 89/126/250 57/85/165
s 4
f 1656/1933/251 699/905/252 92/129/253 1655/1932/254
s 19
f 956/1184/255 92/130/256 699/906/257 955/1183/258
f 94/132/259 1047/1284/260 1048/1285/261 701/908/262
f 1790/2070/263 94/132/259 701/908/262 1789/2069/264
f 96/134/265 2080/2371/266 2081/2372/267 703/910/268
f 85/121/269 753/965/270 754/966/271 704/912/272
s 1
usemtl lambert5SG
f 1325/1583/273 1326/1584/274 127/173/275 920/1146/276
s 4
f 1326/1585/277 1327/1586/278 826/1046/279 127/174/280
usemtl lambert4SG
f 1329/1588/281 1330/1589/282 690/896/283 126/172/284
f 2451/2791/285 1334/1593/286 270/349/287 2450/2790/288
s 3
f 1340/1599/289 1341/1600/290 937/1164/291 124/170/292
s 68
f 1342/1602/293 1343/1603/294 122/167/295 123/169/296
f 1343/1603/294 1344/1604/297 121/166/298 122/167/295
s 69
f 1345/1605/299 1346/1606/300 120/165/301 1015/1250/302
s 70
f 1346/1606/303 1347/1607/304 119/164/305 120/165/306
f 1347/1607/304 1348/1608/307 118/162/308 119/164/305
s 3
f 1348/1609/309 1832/2113/310 1833/2114/311 118/163/312
s 72
f 287/369/313 1297/1554/314 2386/2719/315 2387/2720/316
s 73
f 1307/1564/317 1308/1565/318 135/183/319 679/882/320
s 74
usemtl lambert5SG
f 2027/2316/321 1310/1567/322 134/182/323 2026/2315/324
f 1312/1569/325 1313/1570/326 133/180/327 718/928/328
s 2
f 1315/1573/329 1316/1574/330 132/179/331 816/1034/332
s 1
f 1316/1574/333 1317/1575/334 743/955/335 132/179/336
f 1319/1577/337 2062/2353/338 2063/2354/339 131/178/340
f 1808/2088/341 1322/1580/342 129/176/343 1807/2087/344
f 1322/1580/342 1323/1581/345 1035/1272/346 129/176/343
s 3
usemtl lambert4SG
f 1232/1483/347 1838/2119/348 1839/2120/349 158/213/350
s 70
f 1231/1481/351 1232/1482/352 158/212/353 159/214/354
f 1230/1480/355 1231/1481/351 159/214/354 160/215/356
s 69
f 1229/1479/357 1230/1480/358 160/215/359 1011/1246/360
s 68
f 1227/1477/361 1228/1478/362 161/216/363 162/217/364
f 1226/1476/365 1227/1477/361 162/217/364 163/219/366
s 3
f 1224/1473/367 1225/1474/368 941/1168/369 164/220/370
s 4
f 2445/2785/371 1218/1467/372 272/351/373 2444/2784/374
f 1213/1462/375 1214/1463/376 694/900/377 166/222/378
usemtl lambert5SG
f 1210/1459/379 1211/1460/380 830/1050/381 167/224/382
s 1
f 1209/1457/383 1210/1458/384 167/223/385 916/1142/386
f 1206/1454/387 1207/1455/388 1039/1276/389 169/226/390
f 1802/2082/391 1206/1454/387 169/226/390 1801/2081/392
f 1203/1451/393 2068/2359/394 2069/2360/395 171/228/396
f 1200/1448/397 1201/1449/398 747/959/399 172/229/400
s 2
f 1199/1447/401 1200/1448/402 172/229/403 812/1030/404
s 74
f 1196/1443/405 1197/1444/406 173/230/407 714/924/408
f 2021/2310/409 1194/1441/410 174/232/411 2020/2309/412
s 95
usemtl lambert4SG
f 1191/1438/413 1192/1439/414 175/233/415 669/871/416
f 1187/1434/417 2398/2731/418 2399/2732/419 285/367/420
s 3
f 573/730/421 1835/2116/422 1836/2117/423 98/138/424
s 70
f 572/728/425 573/729/426 98/137/427 99/139/428
f 571/727/429 572/728/425 99/139/428 100/140/430
s 69
f 1013/1248/431 571/727/432 100/140/433 1012/1247/434
s 68
f 569/725/435 570/726/436 101/141/437 102/142/438
f 568/724/439 569/725/435 102/142/438 103/144/440
s 3
f 567/722/441 939/1166/442 940/1167/443 104/145/444
s 4
f 2448/2788/445 562/717/446 271/350/447 2447/2787/448
f 558/713/449 692/898/450 693/899/451 106/147/452
usemtl lambert5SG
f 557/712/453 828/1048/454 829/1049/455 107/149/456
s 1
f 918/1144/457 557/711/458 107/148/459 917/1143/460
f 555/709/461 1037/1274/462 1038/1275/463 109/151/464
f 1805/2085/465 555/709/461 109/151/464 1804/2084/466
f 553/707/467 2065/2356/468 2066/2357/469 111/153/470
f 552/706/471 745/957/472 746/958/473 112/154/474
s 2
f 814/1032/475 552/706/476 112/154/477 813/1031/478
s 74
f 716/926/479 551/704/480 113/155/481 715/925/482
f 2024/2313/483 550/703/484 114/157/485 2023/2312/486
s 112
usemtl lambert4SG
f 674/877/487 547/700/488 399/499/489 673/876/490
f 543/696/491 2392/2725/492 2393/2726/493 404/504/494
s 3
f 1180/1426/495 1775/2054/496 2705/3074/497 2706/3076/498
s 70
f 1179/1424/499 1180/1425/500 2706/3075/501 2707/3077/502
f 1178/1423/503 1179/1424/499 2707/3077/502 2708/3078/504
s 69
f 1177/1422/505 1178/1423/506 2708/3078/507 2709/3079/508
s 68
f 1175/1420/509 1176/1421/510 2712/3082/511 2713/3083/512
f 1174/1419/513 1175/1420/509 2713/3083/512 2714/3085/514
s 3
f 1172/1416/515 1173/1417/516 2715/3086/517 2716/3087/518
s 4
f 2440/2780/519 1166/1410/520 2725/3096/521 2726/3097/522
f 1161/1405/523 1162/1406/524 2732/3103/525 2733/3104/526
usemtl lambert5SG
f 1158/1402/527 1159/1403/528 2735/3106/529 2736/3108/530
s 1
f 1157/1400/531 1158/1401/532 2736/3107/533 2737/3109/534
f 1154/1397/535 1155/1398/536 2741/3113/537 2742/3114/538
f 1797/2077/539 1154/1397/535 2742/3114/538 2743/3115/540
f 1151/1394/541 2073/2364/542 2747/3119/543 2748/3120/544
f 1148/1391/545 1149/1392/546 2751/3123/547 2752/3124/548
s 2
f 2753/3125/549 1147/1390/550 1148/1391/551 2752/3124/552
s 74
f 2680/3048/553 1144/1386/554 1145/1387/555 2679/3046/556
f 2016/2305/557 1142/1384/558 2683/3051/559 2684/3052/560
s 95
usemtl lambert4SG
f 1139/1381/561 1140/1382/562 2686/3054/563 2687/3055/564
f 1135/1377/565 2409/2746/566 2693/3061/567 2694/3062/568
s 3
f 497/638/569 1841/2122/570 1842/2123/571 138/188/572
s 70
f 496/636/573 497/637/574 138/187/575 139/189/576
f 495/635/577 496/636/573 139/189/576 140/190/578
s 69
f 1009/1244/579 495/635/580 140/190/581 1008/1243/582
s 68
f 493/633/583 494/634/584 141/191/585 142/192/586
f 492/632/587 493/633/583 142/192/586 143/194/588
s 3
f 491/630/589 943/1170/590 944/1171/591 144/195/592
s 4
f 2442/2782/593 486/625/594 273/352/595 2441/2781/596
f 482/621/597 696/902/598 697/903/599 146/197/600
usemtl lambert5SG
f 481/620/601 832/1052/602 833/1053/603 147/199/604
s 1
f 914/1140/605 481/619/606 147/198/607 913/1139/608
f 479/617/609 1041/1278/610 1042/1279/611 149/201/612
f 1799/2079/613 479/617/609 149/201/612 1798/2078/614
f 477/615/615 2071/2362/616 2072/2363/617 151/203/618
f 476/614/619 749/961/620 750/962/621 152/204/622
s 2
f 810/1028/623 476/614/624 152/204/625 809/1027/626
s 74
f 712/922/627 475/612/628 153/205/629 711/921/630
f 2018/2307/631 474/611/632 154/207/633 2017/2306/634
s 146
usemtl lambert4SG
f 664/865/635 471/606/636 417/507/637 663/863/638
f 467/602/639 2404/2739/640 2405/2740/641 422/512/642
s 9
f 371/465/643 2185/2490/644 2186/2491/645 2038/2327/646
f 2181/2486/647 2182/2487/648 728/938/649 372/467/650
s 2
f 2180/2484/651 2181/2485/652 372/466/653 1729/2007/654
s 5
f 731/943/655 2177/2480/656 2178/2481/657 373/468/658
f 2045/2336/659 2173/2476/660 2174/2477/661 374/470/662
f 376/472/663 2168/2471/664 2169/2472/665 1825/2105/666
f 1021/1258/667 2167/2470/668 2168/2471/664 376/472/663
f 378/474/669 2162/2464/670 2163/2466/671 934/1160/672
s 4
f 1765/2044/673 379/476/674 2159/2461/675 2160/2462/676
f 2156/2458/677 2157/2459/678 1338/1597/679 380/477/680
f 2153/2455/681 2154/2456/682 566/721/683 381/478/684
f 2150/2452/685 2151/2453/686 1222/1471/687 382/479/688
f 2147/2449/689 2148/2450/690 490/629/691 383/480/692
f 2719/3090/693 2146/2448/694 1170/1414/695 2718/3089/696
f 1664/1941/697 385/482/698 2142/2443/699 2143/2445/700
s 19
f 947/1175/701 2141/2442/702 2142/2444/703 385/483/704
f 387/485/705 2136/2437/706 2137/2438/707 1056/1293/708
f 1781/2061/709 2135/2436/710 2136/2437/706 387/485/705
f 389/487/711 2130/2431/712 2131/2432/713 2089/2380/714
f 2126/2427/715 2127/2428/716 762/974/717 390/489/718
s 2
f 2125/2425/719 2126/2426/720 390/488/721 1628/1904/722
s 21
f 765/979/723 2122/2421/724 2123/2422/725 391/490/726
f 2006/2295/727 2118/2417/728 2119/2418/729 392/492/730
s 95
f 1131/1373/731 2115/2414/732 2700/3068/733 2701/3069/734
s 146
f 501/644/735 2110/2407/736 2111/2408/737 426/516/738
s 95
f 1183/1430/739 2104/2399/740 2105/2400/741 395/495/742
s 112
f 405/517/743 577/736/744 2098/2391/745 2099/2392/746
s 95
f 1287/1544/747 2092/2383/748 2093/2384/749 369/463/750
s 9
f 206/271/751 726/936/752 727/937/753 179/238/754
s 2
f 1731/2009/755 206/270/756 179/237/757 1730/2008/758
s 5
f 732/944/759 733/945/760 207/272/761 180/239/762
f 2046/2337/763 2047/2338/764 208/274/765 181/241/766
f 183/243/767 210/276/768 1823/2103/769 1824/2104/770
f 1022/1259/771 1023/1260/772 210/276/768 183/243/767
f 185/245/773 212/278/774 932/1158/775 933/1159/776
s 4
f 1764/2043/777 186/247/778 213/280/779 1763/2042/780
f 214/281/781 1336/1595/782 1337/1596/783 187/248/784
f 215/282/785 564/719/786 565/720/787 188/249/788
f 216/283/789 1220/1469/790 1221/1470/791 189/250/792
f 217/284/793 488/627/794 489/628/795 190/251/796
f 2721/3092/797 1168/1412/798 1169/1413/799 2720/3091/800
f 1663/1940/801 192/253/802 219/286/803 1662/1939/804
s 19
f 948/1176/805 949/1177/806 219/287/807 192/254/808
f 194/256/809 221/289/810 1054/1291/811 1055/1292/812
f 1782/2062/813 1783/2063/814 221/289/810 194/256/809
f 196/258/815 223/291/816 2087/2378/817 2088/2379/818
f 224/293/819 760/972/820 761/973/821 197/260/822
s 2
f 1630/1906/823 224/292/824 197/259/825 1629/1905/826
s 21
f 766/980/827 767/981/828 225/294/829 198/261/830
f 2007/2296/831 2008/2297/832 226/296/833 199/263/834
s 95
f 1132/1374/835 1133/1375/836 2698/3066/837 2699/3067/838
s 146
f 502/646/839 503/647/840 428/522/841 425/515/842
s 95
f 1184/1431/843 1185/1432/844 229/299/845 202/266/846
s 112
f 578/738/847 579/739/848 410/524/849 408/520/850
s 196
f 345/439/851 1289/1546/852 1290/1547/853 348/442/854
s 9
f 178/236/855 205/269/856 2036/2325/857 2037/2326/858
f 2279/2598/859 2280/2599/860 2489/2832/861 2490/2834/862
s 2
f 2278/2596/863 2279/2597/864 2490/2833/865 2491/2835/866
s 5
f 2494/2839/867 2275/2592/868 2276/2593/869 2493/2837/870
f 2498/2843/871 2271/2588/872 2272/2589/873 2497/2842/874
f 2503/2848/875 2266/2583/876 2267/2584/877 2502/2847/878
f 2504/2849/879 2265/2582/880 2266/2583/876 2503/2848/875
f 2509/2854/881 2260/2576/882 2261/2578/883 2508/2853/884
s 4
f 2511/2857/885 2512/2858/886 2257/2573/887 2258/2574/888
f 2254/2570/889 2255/2571/890 2514/2860/891 2515/2861/892
f 2251/2567/893 2252/2568/894 2517/2863/895 2518/2864/896
f 2248/2564/897 2249/2565/898 2520/2866/899 2521/2867/900
f 2245/2561/901 2246/2562/902 2523/2869/903 2524/2870/904
f 2723/3094/905 2244/2560/906 2525/2871/907 2722/3093/908
f 2528/2874/909 2529/2875/910 2240/2555/911 2241/2557/912
s 19
f 2530/2877/913 2239/2554/914 2240/2556/915 2529/2876/916
f 2535/2882/917 2234/2549/918 2235/2550/919 2534/2881/920
f 2536/2883/921 2233/2548/922 2234/2549/918 2535/2882/917
f 2541/2888/923 2228/2543/924 2229/2544/925 2540/2887/926
f 2224/2539/927 2225/2540/928 2544/2891/929 2545/2893/930
s 2
f 2223/2537/931 2224/2538/932 2545/2892/933 2546/2894/934
s 21
f 2549/2898/935 2220/2533/936 2221/2534/937 2548/2896/938
f 2553/2902/939 2216/2529/940 2217/2530/941 2552/2901/942
s 95
f 2556/2905/943 2213/2526/944 2696/3064/945 2697/3065/946
s 146
f 2561/2912/947 2208/2519/948 2209/2520/949 2560/2910/950
s 95
f 2567/2920/951 2202/2511/952 2203/2512/953 2566/2918/954
s 112
f 2573/2928/955 2196/2503/956 2197/2504/957 2572/2926/958
s 220
f 2578/2934/959 2579/2936/960 2190/2495/961 2191/2496/962
s 9
f 2485/2828/963 2486/2829/964 2283/2602/965 2284/2603/966
f 262/339/36 724/934/35 725/935/967 234/305/968
s 2
f 1733/2011/24 262/338/23 234/304/969 1732/2010/970
s 5
f 734/946/971 735/947/25 263/340/28 235/306/972
f 2048/2339/973 2049/2340/41 264/342/44 236/308/974
f 238/310/975 266/344/173 1821/2101/176 1822/2102/976
f 1024/1261/977 1025/1262/189 266/344/173 238/310/975
f 240/312/978 268/346/117 930/1156/120 931/1157/979
s 4
f 1762/2041/980 241/314/981 269/348/30 1761/2040/29
f 270/349/287 1334/1593/286 1335/1594/982 242/315/983
f 271/350/447 562/717/446 563/718/984 243/316/985
f 272/351/373 1218/1467/372 1219/1468/986 244/317/987
f 273/352/595 486/625/594 487/626/988 245/318/989
f 2725/3096/521 1166/1410/520 1167/1411/990 2724/3095/991
f 1661/1938/992 247/320/993 275/354/86 1660/1937/85
s 19
f 950/1178/994 951/1179/141 275/355/144 247/321/995
f 249/323/996 277/357/160 1052/1289/172 1053/1290/997
f 1784/2064/998 1785/2065/157 277/357/160 249/323/996
f 251/325/999 279/359/109 2085/2376/112 2086/2377/1000
f 280/361/92 758/970/91 759/971/1001 252/327/1002
s 2
f 1632/1908/80 280/360/79 252/326/1003 1631/1907/1004
s 21
f 768/982/1005 769/983/81 281/362/84 253/328/1006
f 2009/2298/1007 2010/2299/97 282/364/100 254/330/1008
s 95
f 1134/1376/1009 1135/1377/565 2694/3062/568 2695/3063/1010
s 146
f 504/648/1011 467/602/639 422/512/642 430/526/1012
s 95
f 1186/1433/1013 1187/1434/417 285/367/420 257/333/1014
s 112
f 580/740/1015 543/696/491 404/504/494 412/528/1016
s 221
f 357/451/1017 1294/1551/1018 1295/1552/1019 360/454/1020
s 9
f 2035/2324/1021 233/303/1022 261/337/54 2034/2323/53
f 2377/2710/1023 2378/2711/1024 723/933/1025 9/15/1026
s 2
f 2376/2708/1027 2377/2709/1028 9/14/1029 1734/2012/1030
s 5
f 736/948/1031 2373/2704/1032 2374/2705/1033 10/16/1034
f 2050/2341/1035 2369/2700/1036 2370/2701/1037 15/25/1038
f 68/99/1039 2364/2695/1040 2365/2696/1041 1820/2100/1042
f 1026/1263/1043 2363/2694/1044 2364/2695/1040 68/99/1039
f 11/18/1045 2358/2688/1046 2359/2690/1047 929/1155/1048
s 4
f 1760/2039/1049 12/20/1050 2355/2685/1051 2356/2686/1052
f 2352/2682/1053 2353/2683/1054 1333/1592/1055 125/171/1056
f 2349/2679/1057 2350/2680/1058 561/716/1059 105/146/1060
f 2346/2676/1061 2347/2677/1062 1217/1466/1063 165/221/1064
f 2343/2673/1065 2344/2674/1066 485/624/1067 145/196/1068
f 2728/3099/1069 2342/2672/1070 1165/1409/1071 2727/3098/1072
f 1659/1936/1073 30/40/1074 2338/2667/1075 2339/2669/1076
s 19
f 2337/2666/1077 2338/2668/1078 30/55/1079 952/1180/1080
f 2332/2661/1081 2333/2662/1082 1051/1288/1083 60/88/1084
f 2331/2660/1085 2332/2661/1081 60/88/1084 1786/2066/1086
f 2326/2655/1087 2327/2656/1088 2084/2375/1089 36/43/1090
f 2322/2651/1091 2323/2652/1092 757/969/1093 27/44/1094
s 2
f 2321/2649/1095 2322/2650/1096 27/33/1097 1633/1909/1098
s 21
f 770/984/1099 2318/2645/1100 2319/2646/1101 28/46/1102
f 2011/2300/1103 2314/2641/1104 2315/2642/1105 33/45/1106
s 95
f 1136/1378/1107 2311/2638/1108 2691/3059/1109 2692/3060/1110
s 146
f 468/603/1111 2306/2631/1112 2307/2632/1113 421/511/1114
s 95
f 1188/1435/1115 2300/2623/1116 2301/2624/1117 176/234/1118
s 112
f 544/697/1119 2294/2615/1120 2295/2616/1121 403/503/1122
s 72
f 1298/1555/1123 2288/2607/1124 2289/2608/1125 136/184/1126
s 9
f 2381/2714/1127 2382/2715/1128 2033/2322/1129 18/28/1130
f 318/407/1131 721/931/1132 722/932/1133 290/373/1134
s 2
f 1736/2014/1135 318/406/1136 290/372/1137 1735/2013/1138
s 5
f 737/949/1139 738/950/1140 319/408/1141 291/374/1142
f 2051/2342/1143 2052/2343/1144 320/410/1145 292/376/1146
f 294/378/1147 322/412/1148 1818/2098/1149 1819/2099/1150
f 1027/1264/1151 1028/1265/1152 322/412/1148 294/378/1147
f 296/380/1153 324/414/1154 927/1153/1155 928/1154/1156
s 4
f 1759/2038/1157 297/382/1158 325/416/1159 1758/2037/1160
f 326/417/1161 1331/1590/1162 1332/1591/1163 298/383/1164
f 327/418/1165 559/714/1166 560/715/1167 299/384/1168
f 328/419/1169 1215/1464/1170 1216/1465/1171 300/385/1172
f 329/420/1173 483/622/1174 484/623/1175 301/386/1176
f 2730/3101/1177 1163/1407/1178 1164/1408/1179 2729/3100/1180
f 1658/1935/1181 303/388/1182 331/422/1183 1657/1934/1184
s 19
f 954/1182/1185 331/423/1186 303/389/1187 953/1181/1188
f 333/425/1189 1049/1286/1190 1050/1287/1191 305/391/1192
f 1788/2068/1193 333/425/1189 305/391/1192 1787/2067/1194
f 335/427/1195 2082/2373/1196 2083/2374/1197 307/393/1198
f 336/429/1199 755/967/1200 756/968/1201 308/395/1202
s 2
f 1635/1911/1203 336/428/1204 308/394/1205 1634/1910/1206
s 21
f 771/985/1207 772/986/1208 337/430/1209 309/396/1210
f 2012/2301/1211 2013/2302/1212 338/432/1213 310/398/1214
s 95
f 1137/1379/1215 1138/1380/1216 2689/3057/1217 2690/3058/1218
s 146
f 469/604/1219 470/605/1220 418/508/1221 432/530/1222
s 95
f 1189/1436/1223 1190/1437/1224 341/435/1225 313/401/1226
s 112
f 545/698/1227 546/699/1228 400/500/1229 414/532/1230
s 268
f 1302/1559/1231 1303/1560/1232 367/461/1233 368/462/1234
s 9
f 317/405/1235 2031/2320/1236 2032/2321/1237 289/371/1238
s 270
f 204/268/1239 1288/1545/1240 1416/1683/1241 1417/1684/1242
s 271
f 177/235/1243 232/302/1244 1421/1688/1245 1422/1689/1246
s 272
f 1291/1548/1247 231/301/1248 1418/1685/1249 1419/1686/1250
s 273
f 231/301/1251 204/268/1252 1417/1684/1253 1418/1685/1254
s 274
f 259/335/1255 1292/1549/1256 1293/1550/1257 349/443/1258
s 275
f 260/336/1259 288/370/1260 351/445/1261 350/444/1262
s 276
f 1297/1554/1263 287/369/1264 352/446/1265 1296/1553/1266
s 277
f 287/369/1267 259/335/1268 349/443/1269 352/446/1270
s 278
f 316/404/1271 344/438/1272 353/448/1273 354/447/1274
s 279
f 1306/1563/1275 343/437/1276 355/449/1277 1305/1562/1278
s 280
f 343/437/1279 315/403/1280 356/450/1281 355/449/1282
s 281
f 315/403/1283 1299/1556/1284 1300/1557/1285 356/450/1286
s 274
f 349/443/1258 1293/1550/1257 1424/1691/1287 1425/1692/1288
s 275
f 350/444/1262 351/445/1261 1429/1696/1289 1430/1697/1290
s 276
f 1296/1553/1266 352/446/1265 1426/1693/1291 1427/1694/1292
s 277
f 352/446/1270 349/443/1269 1425/1692/1293 1426/1693/1294
s 278
f 354/447/1274 353/448/1273 361/456/1295 362/455/1296
s 279
f 1305/1562/1278 355/449/1277 363/457/1297 1304/1561/1298
s 280
f 355/449/1282 356/450/1281 364/458/1299 363/457/1300
s 281
f 356/450/1286 1300/1557/1285 1301/1558/1301 364/458/1302
s 278
f 362/455/1296 361/456/1295 1437/1704/1303 1438/1705/1304
s 279
f 1304/1561/1298 363/457/1297 1434/1701/1305 1435/1702/1306
s 280
f 363/457/1300 364/458/1299 1433/1700/1307 1434/1701/1308
s 281
f 364/458/1302 1301/1558/1301 1432/1699/1309 1433/1700/1310
s 95
f 1350/1612/1311 1287/1544/747 369/463/750 975/1205/1312
s 9
f 977/1207/1313 371/465/643 2038/2327/646 2039/2328/1314
f 372/467/650 728/938/649 979/1209/1315 980/1211/1316
s 2
f 1729/2007/654 372/466/653 980/1210/1317 1728/2006/1318
s 5
f 982/1214/1319 731/943/655 373/468/658 981/1212/1320
f 2044/2335/1321 2045/2336/659 374/470/662 984/1216/1322
f 986/1218/1323 376/472/663 1825/2105/666 1826/2106/1324
f 1020/1257/1325 1021/1258/667 376/472/663 986/1218/1323
f 989/1221/1326 378/474/669 934/1160/672 988/1220/1327
s 4
f 1766/2045/1328 990/1223/1329 379/476/674 1765/2044/673
f 380/477/680 1338/1597/679 1339/1598/1330 991/1224/1331
f 381/478/684 566/721/683 993/1226/1332 994/1227/1333
f 382/479/688 1222/1471/687 1223/1472/1334 995/1228/1335
f 383/480/692 490/629/691 997/1230/1336 998/1231/1337
f 2718/3089/696 1170/1414/695 1171/1415/1338 2717/3088/1339
f 1665/1942/1340 1000/1233/1341 385/482/698 1664/1941/697
s 19
f 1001/1235/1342 947/1175/701 385/483/704 1000/1234/1343
f 1003/1237/1344 387/485/705 1056/1293/708 1057/1294/1345
f 1780/2060/1346 1781/2061/709 387/485/705 1003/1237/1344
f 2090/2381/1347 959/1187/1348 389/487/711 2089/2380/714
f 390/489/718 762/974/717 961/1189/1349 962/1191/1350
s 2
f 1628/1904/722 390/488/721 962/1190/1351 1627/1903/1352
s 21
f 964/1194/1353 765/979/723 391/490/726 963/1192/1354
f 2005/2294/1355 2006/2295/727 392/492/730 966/1196/1356
s 95
f 1182/1429/1357 1131/1373/731 2701/3069/734 2702/3070/1358
f 969/1199/1359 499/642/1360 394/494/1361 968/1198/1362
f 1234/1486/1363 1183/1430/739 395/495/742 971/1201/1364
f 973/1203/1365 575/734/1366 396/496/1367 972/1202/1368
s 284
f 679/882/1369 135/183/1370 652/845/1371 678/881/1372
s 285
f 549/702/1373 115/158/1374 649/842/1375 650/843/1376
s 286
f 115/158/1377 670/873/1378 671/874/1379 649/842/1380
s 284
f 287/369/1381 2387/2720/1382 2388/2721/1383 656/853/1384
s 286
f 2396/2729/1385 286/368/1386 645/834/1387 2395/2728/1388
s 289
f 396/435/1389 575/733/1390 662/862/1391 641/827/1392
s 284
f 369/233/1393 2093/2385/1394 2094/2386/1395 660/860/1396
s 286
f 2102/2396/1397 396/434/1398 641/826/1399 2101/2395/1400
s 284
f 204/367/1401 231/234/1402 658/856/1403 659/859/1404
s 286
f 230/209/1405 203/366/1406 642/828/1407 643/831/1408
s 284
f 2578/2935/1409 2191/2497/1410 2192/2498/1411 2577/2933/1412
s 286
f 2200/2508/1413 2569/2922/1414 2570/2924/1415 2199/2507/1416
s 284
f 259/494/1417 287/495/1381 656/852/1384 657/855/1418
s 286
f 286/496/1386 258/463/1419 644/832/1420 645/835/1387
s 284
f 136/463/1421 2289/2609/1422 2290/2610/1423 655/851/1424
s 286
f 2298/2620/1425 116/496/1426 646/836/1427 2297/2619/1428
s 284
f 315/266/1429 343/299/1430 653/846/1431 654/849/1432
s 286
f 342/298/1433 314/265/1434 647/838/1435 648/841/1436
s 296
f 669/872/1437 175/301/1438 630/806/1439 668/870/1440
s 297
f 473/609/1441 155/267/1442 627/802/1443 628/804/1444
s 298
f 155/299/1445 708/917/1446 709/919/1447 627/803/1448
s 296
f 285/332/1449 2399/2733/1450 2400/2734/1451 634/815/1452
s 298
f 2408/2744/1453 284/335/1454 623/794/1455 2407/2743/1456
s 296
f 395/334/1457 2105/2401/1458 2106/2402/1459 638/823/1460
s 298
f 2114/2412/1461 394/367/1462 619/786/1463 2113/2411/1464
s 303
f 394/366/1465 499/641/1466 640/825/1467 619/787/1468
s 296
f 202/335/1469 229/369/1470 636/818/1471 637/821/1472
s 298
f 228/368/1473 201/334/1474 620/788/1475 621/791/1476
s 296
f 2566/2919/1477 2203/2513/1478 2204/2514/1479 2565/2917/1480
s 298
f 2212/2524/1481 2557/2906/1482 2558/2908/1483 2211/2523/1484
s 296
f 257/184/1485 285/403/1449 634/814/1452 635/817/1486
s 298
f 284/402/1454 256/159/1487 622/792/1488 623/795/1455
s 296
f 176/401/1489 2301/2625/1490 2302/2626/1491 633/813/1492
s 298
f 2310/2636/1493 156/400/1494 624/796/1495 2309/2635/1496
s 296
f 313/403/1497 341/437/1498 631/808/1499 632/811/1500
s 298
f 340/436/1501 312/402/1502 625/798/1503 626/801/1504
s 289
f 434/535/1505 576/735/1506 577/737/1507 405/505/1508
s 286
f 2100/2394/1509 434/534/1510 405/508/1511 2099/2393/1512
f 436/539/1513 435/536/1514 408/512/1515 410/511/1516
f 2198/2506/1517 2571/2925/1518 2572/2927/1519 2197/2505/1520
f 438/543/1521 437/540/1522 412/518/1523 404/517/1524
f 2394/2727/1525 438/542/1521 404/504/1524 2393/2726/1526
f 2296/2618/1527 439/544/1528 403/517/1529 2295/2617/1530
f 441/549/1531 440/546/1532 414/515/1533 400/522/1534
f 442/550/1535 672/875/1536 673/876/1537 399/499/1538
s 285
f 548/701/1539 442/550/1540 399/499/1541 547/700/1542
s 284
f 677/880/1543 443/551/1544 397/498/1545 676/879/1546
f 445/555/1547 444/552/1548 398/521/1549 413/514/1550
f 446/557/1551 2291/2611/1552 2292/2612/1553 401/518/1554
f 447/559/1555 2389/2722/1556 2390/2723/1557 402/501/1558
f 448/561/1559 447/558/1555 402/513/1558 411/516/1560
f 2576/2932/1561 2193/2499/1562 2194/2500/1563 2575/2930/1564
f 345/565/1565 348/562/1566 409/510/1567 407/509/1568
f 433/533/1569 2095/2387/1570 2096/2388/1571 406/506/1572
s 303
f 450/569/1573 500/643/1574 501/645/1575 426/512/1576
s 298
f 2112/2410/1577 450/568/1578 426/509/1579 2111/2409/1580
f 452/573/1581 451/570/1582 425/528/1583 428/504/1584
f 2210/2522/1585 2559/2909/1586 2560/2911/1587 2209/2521/1588
f 454/577/1589 453/574/1590 430/503/1591 422/532/1592
f 2406/2742/1593 454/576/1589 422/527/1592 2405/2741/1594
f 2308/2634/1595 455/578/1596 421/530/1597 2307/2633/1598
f 457/583/1599 456/580/1600 432/532/1601 418/500/1602
f 458/585/1603 710/920/1604 663/864/1605 417/521/1606
s 297
f 472/608/1607 458/584/1608 417/520/1609 471/607/1610
s 296
f 667/869/1611 459/586/1612 415/523/1613 666/867/1614
f 461/591/1615 460/588/1616 416/497/1617 431/531/1618
f 462/593/1619 2303/2627/1620 2304/2628/1621 419/529/1622
f 463/595/1623 2401/2735/1624 2402/2736/1625 420/526/1626
f 464/597/1627 463/594/1623 420/531/1626 429/502/1628
f 2564/2916/1629 2205/2515/1630 2206/2516/1631 2563/2914/1632
f 466/601/1633 465/598/1634 427/501/1635 423/527/1636
f 449/567/1637 2107/2403/1638 2108/2404/1639 424/528/1640
s 146
f 505/649/1641 2403/2738/1642 2404/2739/640 467/602/639
f 506/650/1643 2305/2630/1644 2306/2631/1112 468/603/1111
f 507/651/1645 508/652/1646 470/605/1220 469/604/1219
f 665/866/1647 509/653/1648 471/606/636 664/865/635
s 297
f 510/655/1649 472/608/1607 471/607/1610 509/654/1650
f 511/656/1651 473/609/1441 628/804/1444 629/805/1652
s 74
usemtl lambert5SG
f 2019/2308/1653 512/658/1654 474/611/632 2018/2307/631
f 713/923/1655 513/659/1656 475/612/628 712/922/627
s 2
f 811/1029/1657 514/661/1658 476/614/624 810/1028/623
s 1
f 514/661/1659 748/960/1660 749/961/620 476/614/619
f 515/662/1661 2070/2361/1662 2071/2362/616 477/615/615
f 1800/2080/1663 517/664/1664 479/617/609 1799/2079/613
f 517/664/1664 1040/1277/1665 1041/1278/610 479/617/609
f 915/1141/1666 519/666/1667 481/619/606 914/1140/605
s 4
f 519/667/1668 831/1051/1669 832/1052/602 481/620/601
usemtl lambert4SG
f 520/668/1670 695/901/1671 696/902/598 482/621/597
f 484/623/1175 483/622/1174 521/669/1672 522/670/1673
f 485/624/1067 2344/2674/1066 2345/2675/1674 523/671/1675
f 2443/2783/1676 524/672/1677 486/625/594 2442/2782/593
f 487/626/988 486/625/594 524/672/1677 525/673/1678
f 2523/2869/903 2246/2562/902 2247/2563/1679 2522/2868/1680
f 489/628/795 488/627/794 526/674/1681 527/675/1682
f 490/629/691 2148/2450/690 2149/2451/1683 528/676/1684
f 997/1230/1336 490/629/691 528/676/1684 996/1229/1685
s 3
f 529/677/1686 942/1169/1687 943/1170/590 491/630/589
s 68
f 530/679/1688 531/680/1689 493/633/583 492/632/587
f 531/680/1689 532/681/1690 494/634/584 493/633/583
s 69
f 1010/1245/1691 533/682/1692 495/635/580 1009/1244/579
s 70
f 533/682/1693 534/683/1694 496/636/573 495/635/577
f 534/683/1694 535/684/1695 497/637/574 496/636/573
s 3
f 535/685/1696 1840/2121/1697 1841/2122/570 497/638/569
s 95
f 970/1200/1698 537/689/1699 499/642/1360 969/1199/1359
s 303
f 640/825/1467 499/641/1466 537/688/1700 639/824/1701
f 501/645/1575 500/643/1574 538/690/1702 539/692/1703
s 146
f 539/691/1704 2109/2406/1705 2110/2407/736 501/644/735
f 540/693/1706 541/694/1707 503/647/840 502/646/839
f 2562/2913/1708 2207/2518/1709 2208/2519/948 2561/2912/947
f 542/695/1710 505/649/1641 467/602/639 504/648/1011
f 420/509/1711 2402/2737/1712 2403/2738/1642 505/649/1641
f 419/510/1713 2304/2629/1714 2305/2630/1644 506/650/1643
f 431/529/1715 416/505/1716 508/652/1646 507/651/1645
f 666/868/1717 415/506/1718 509/653/1648 665/866/1647
s 297
f 459/587/1719 510/655/1649 509/654/1650 415/524/1720
f 175/300/1721 511/656/1651 629/805/1652 630/807/1722
s 74
usemtl lambert5SG
f 2020/2309/412 174/232/411 512/658/1654 2019/2308/1653
f 714/924/408 173/230/407 513/659/1656 713/923/1655
s 2
f 812/1030/404 172/229/403 514/661/1658 811/1029/1657
s 1
f 172/229/400 747/959/399 748/960/1660 514/661/1659
f 171/228/396 2069/2360/395 2070/2361/1662 515/662/1661
f 1801/2081/392 169/226/390 517/664/1664 1800/2080/1663
f 169/226/390 1039/1276/389 1040/1277/1665 517/664/1664
f 916/1142/386 167/223/385 519/666/1667 915/1141/1666
s 4
f 167/224/382 830/1050/381 831/1051/1669 519/667/1668
usemtl lambert4SG
f 166/222/378 694/900/377 695/901/1671 520/668/1670
f 522/670/1673 521/669/1672 328/419/1169 300/385/1172
f 523/671/1675 2345/2675/1674 2346/2676/1061 165/221/1064
f 2444/2784/374 272/351/373 524/672/1677 2443/2783/1676
f 525/673/1678 524/672/1677 272/351/373 244/317/987
f 2522/2868/1680 2247/2563/1679 2248/2564/897 2521/2867/900
f 527/675/1682 526/674/1681 216/283/789 189/250/792
f 528/676/1684 2149/2451/1683 2150/2452/685 382/479/688
f 996/1229/1685 528/676/1684 382/479/688 995/1228/1335
s 3
f 164/220/370 941/1168/369 942/1169/1687 529/677/1686
s 68
f 163/219/366 162/217/364 531/680/1689 530/679/1688
f 162/217/364 161/216/363 532/681/1690 531/680/1689
s 69
f 1011/1246/360 160/215/359 533/682/1692 1010/1245/1691
s 70
f 160/215/356 159/214/354 534/683/1694 533/682/1693
f 159/214/354 158/212/353 535/684/1695 534/683/1694
s 3
f 158/213/350 1839/2120/349 1840/2121/1697 535/685/1696
s 95
f 971/1201/1364 395/495/742 537/689/1699 970/1200/1698
s 303
f 639/824/1701 537/688/1700 395/332/1723 638/822/1724
f 539/692/1703 538/690/1702 449/566/1725 424/526/1726
s 146
f 424/513/1727 2108/2405/1728 2109/2406/1705 539/691/1704
f 423/514/1729 427/521/1730 541/694/1707 540/693/1706
f 2563/2915/1731 2206/2517/1732 2207/2518/1709 2562/2913/1708
f 429/525/1733 420/509/1711 505/649/1641 542/695/1710
s 112
f 581/741/1734 2391/2724/1735 2392/2725/492 543/696/491
f 582/742/1736 2293/2614/1737 2294/2615/1120 544/697/1119
f 583/743/1738 584/744/1739 546/699/1228 545/698/1227
f 675/878/1740 585/745/1741 547/700/488 674/877/487
s 285
f 586/746/1742 548/701/1539 547/700/1542 585/745/1743
f 587/747/1744 549/702/1373 650/843/1376 651/844/1745
s 74
usemtl lambert5SG
f 2025/2314/1746 588/748/1747 550/703/484 2024/2313/483
f 717/927/1748 589/749/1749 551/704/480 716/926/479
s 2
f 815/1033/1750 590/751/1751 552/706/476 814/1032/475
s 1
f 590/751/1752 744/956/1753 745/957/472 552/706/471
f 591/752/1754 2064/2355/1755 2065/2356/468 553/707/467
f 1806/2086/1756 593/754/1757 555/709/461 1805/2085/465
f 593/754/1757 1036/1273/1758 1037/1274/462 555/709/461
f 919/1145/1759 595/756/1760 557/711/458 918/1144/457
s 4
f 595/757/1761 827/1047/1762 828/1048/454 557/712/453
usemtl lambert4SG
f 596/758/1763 691/897/1764 692/898/450 558/713/449
f 560/715/1167 559/714/1166 597/759/1765 598/760/1766
f 561/716/1059 2350/2680/1058 2351/2681/1767 599/761/1768
f 2449/2789/1769 600/762/1770 562/717/446 2448/2788/445
f 563/718/984 562/717/446 600/762/1770 601/763/1771
f 2517/2863/895 2252/2568/894 2253/2569/1772 2516/2862/1773
f 565/720/787 564/719/786 602/764/1774 603/765/1775
f 566/721/683 2154/2456/682 2155/2457/1776 604/766/1777
f 993/1226/1332 566/721/683 604/766/1777 992/1225/1778
s 3
f 605/767/1779 938/1165/1780 939/1166/442 567/722/441
s 68
f 606/769/1781 607/770/1782 569/725/435 568/724/439
f 607/770/1782 608/771/1783 570/726/436 569/725/435
s 69
f 1014/1249/1784 609/772/1785 571/727/432 1013/1248/431
s 70
f 609/772/1786 610/773/1787 572/728/425 571/727/429
f 610/773/1787 611/774/1788 573/729/426 572/728/425
s 3
f 611/775/1789 1834/2115/1790 1835/2116/422 573/730/421
s 95
f 974/1204/1791 613/779/1792 575/734/1366 973/1203/1365
s 289
f 662/862/1391 575/733/1390 613/778/1793 661/861/1794
f 577/737/1507 576/735/1506 614/780/1795 615/782/1796
s 112
f 2098/2391/745 577/736/744 615/781/1797 2097/2390/1798
f 616/783/1799 617/784/1800 579/739/848 578/738/847
f 2574/2929/1801 2195/2502/1802 2196/2503/956 2573/2928/955
f 618/785/1803 581/741/1734 543/696/491 580/740/1015
f 402/501/1804 2390/2723/1805 2391/2724/1735 581/741/1734
f 401/502/1806 2292/2613/1807 2293/2614/1737 582/742/1736
f 413/531/1808 398/497/1809 584/744/1739 583/743/1738
f 676/879/1810 397/498/1811 585/745/1741 675/878/1740
s 285
f 443/551/1812 586/746/1742 585/745/1743 397/498/1813
f 135/183/1814 587/747/1744 651/844/1745 652/845/1815
s 74
usemtl lambert5SG
f 2026/2315/324 134/182/323 588/748/1747 2025/2314/1746
f 718/928/328 133/180/327 589/749/1749 717/927/1748
s 2
f 816/1034/332 132/179/331 590/751/1751 815/1033/1750
s 1
f 132/179/336 743/955/335 744/956/1753 590/751/1752
f 131/178/340 2063/2354/339 2064/2355/1755 591/752/1754
f 1807/2087/344 129/176/343 593/754/1757 1806/2086/1756
f 129/176/343 1035/1272/346 1036/1273/1758 593/754/1757
f 920/1146/276 127/173/275 595/756/1760 919/1145/1759
s 4
f 127/174/280 826/1046/279 827/1047/1762 595/757/1761
usemtl lambert4SG
f 126/172/284 690/896/283 691/897/1764 596/758/1763
f 598/760/1766 597/759/1765 326/417/1161 298/383/1164
f 599/761/1768 2351/2681/1767 2352/2682/1053 125/171/1056
f 2450/2790/288 270/349/287 600/762/1770 2449/2789/1769
f 601/763/1771 600/762/1770 270/349/287 242/315/983
f 2516/2862/1773 2253/2569/1772 2254/2570/889 2515/2861/892
f 603/765/1775 602/764/1774 214/281/781 187/248/784
f 604/766/1777 2155/2457/1776 2156/2458/677 380/477/680
f 992/1225/1778 604/766/1777 380/477/680 991/1224/1331
s 3
f 124/170/292 937/1164/291 938/1165/1780 605/767/1779
s 68
f 123/169/296 122/167/295 607/770/1782 606/769/1781
f 122/167/295 121/166/298 608/771/1783 607/770/1782
s 69
f 1015/1250/302 120/165/301 609/772/1785 1014/1249/1784
s 70
f 120/165/306 119/164/305 610/773/1787 609/772/1786
f 119/164/305 118/162/308 611/774/1788 610/773/1787
s 3
f 118/163/312 1833/2114/311 1834/2115/1790 611/775/1789
s 95
f 975/1205/1312 369/463/750 613/779/1792 974/1204/1791
s 289
f 661/861/1794 613/778/1793 369/233/1816 660/860/1817
f 615/782/1796 614/780/1795 433/533/1818 406/506/1819
s 112
f 2097/2390/1798 615/781/1797 406/518/1820 2096/2389/1821
f 407/519/1822 409/523/1823 617/784/1800 616/783/1799
f 2575/2931/1824 2194/2501/1825 2195/2502/1802 2574/2929/1801
f 411/527/1826 402/501/1804 581/741/1734 618/785/1803
s 298
f 2113/2411/1464 619/786/1463 450/568/1578 2112/2410/1577
f 621/791/1476 620/788/1475 451/570/1582 452/573/1581
f 2211/2523/1484 2558/2908/1483 2559/2909/1586 2210/2522/1585
f 623/795/1455 622/792/1488 453/574/1590 454/577/1589
f 2407/2743/1456 623/794/1455 454/576/1589 2406/2742/1593
f 2309/2635/1496 624/796/1495 455/578/1596 2308/2634/1595
f 626/801/1504 625/798/1503 456/580/1600 457/583/1599
f 627/803/1448 709/919/1447 710/920/1604 458/585/1603
s 297
f 628/804/1444 627/802/1443 458/584/1608 472/608/1607
f 629/805/1652 628/804/1444 472/608/1607 510/655/1649
f 630/807/1722 629/805/1652 510/655/1649 459/587/1719
s 296
f 668/870/1440 630/806/1439 459/586/1612 667/869/1611
f 632/811/1500 631/808/1499 460/588/1616 461/591/1615
f 633/813/1492 2302/2626/1491 2303/2627/1620 462/593/1619
f 634/815/1452 2400/2734/1451 2401/2735/1624 463/595/1623
f 635/817/1486 634/814/1452 463/594/1623 464/597/1627
f 2565/2917/1480 2204/2514/1479 2205/2515/1630 2564/2916/1629
f 637/821/1472 636/818/1471 465/598/1634 466/601/1633
f 638/823/1460 2106/2402/1459 2107/2403/1638 449/567/1637
s 303
f 538/690/1702 639/824/1701 638/822/1724 449/566/1725
f 500/643/1574 640/825/1467 639/824/1701 538/690/1702
f 619/787/1468 640/825/1467 500/643/1574 450/569/1573
s 286
f 2101/2395/1400 641/826/1399 2759/3131/1827 2760/3133/1828
f 643/831/1408 642/828/1407 2761/3134/1829 2762/3137/1830
f 2199/2507/1416 2570/2924/1415 2763/3138/1831 2764/3139/1832
f 645/835/1387 644/832/1420 2765/3140/1833 2766/3143/1834
f 2395/2728/1388 645/834/1387 2766/3142/1834 2767/3144/1835
f 2297/2619/1428 646/836/1427 2768/3145/1836 2769/3147/1837
f 648/841/1436 647/838/1435 2770/3148/1838 2771/3151/1839
f 649/842/1380 671/874/1379 2773/3153/1840 2774/3154/1841
s 285
f 650/843/1376 649/842/1375 2774/3154/1842 2775/3155/1843
f 651/844/1745 650/843/1376 2775/3155/1843 2776/3156/1844
f 652/845/1815 651/844/1745 2776/3156/1844 2777/3157/1845
s 284
f 678/881/1372 652/845/1371 2777/3157/1846 2778/3158/1847
f 654/849/1432 653/846/1431 2780/3160/1848 2781/3163/1849
f 655/851/1424 2290/2610/1423 2782/3164/1850 2783/3166/1851
f 656/853/1384 2388/2721/1383 2784/3167/1852 2785/3169/1853
f 657/855/1418 656/852/1384 2785/3168/1853 2786/3171/1854
f 2577/2933/1412 2192/2498/1411 2787/3172/1855 2788/3173/1856
f 659/859/1404 658/856/1403 1418/3174/1254 1417/3177/1253
f 660/860/1396 2094/2386/1395 2755/3127/1857 2756/3128/1858
s 289
f 2757/3129/1859 661/861/1794 660/860/1817 2756/3128/1860
f 2758/3130/1861 662/862/1391 661/861/1794 2757/3129/1859
f 641/827/1392 662/862/1391 2758/3130/1861 2759/3132/1862
s 146
f 2658/3023/1863 664/865/635 663/863/638 2657/3021/1864
f 2659/3024/1865 665/866/1647 664/865/635 2658/3023/1863
f 2660/3026/1866 666/868/1717 665/866/1647 2659/3024/1865
s 296
f 2661/3027/1867 667/869/1611 666/867/1614 2660/3025/1868
f 2662/3028/1869 668/870/1440 667/869/1611 2661/3027/1867
f 2663/3030/1870 669/872/1437 668/870/1440 2662/3028/1869
s 95
f 2664/3031/1871 1191/1438/413 669/871/416 2663/3029/1872
s 286
f 671/874/1379 670/873/1378 2666/3033/1873 2667/3034/1874
f 2773/3153/1840 671/874/1379 2667/3034/1874 2772/3152/1875
f 673/876/1537 672/875/1536 2668/3035/1876 2669/3036/1877
s 112
f 2670/3037/1878 674/877/487 673/876/490 2669/3036/1879
f 2671/3038/1880 675/878/1740 674/877/487 2670/3037/1878
f 2672/3039/1881 676/879/1810 675/878/1740 2671/3038/1880
s 284
f 2673/3040/1882 677/880/1543 676/879/1546 2672/3039/1883
f 2674/3041/1884 678/881/1372 2778/3158/1847 2779/3159/1885
f 2675/3042/1886 679/882/1369 678/881/1372 2674/3041/1884
s 73
f 2676/3043/1887 1307/1564/317 679/882/320 2675/3042/1888
s 9
f 681/884/232 2030/2319/231 2582/2939/1889 2583/2940/1890
f 682/886/236 720/930/235 2586/2943/1891 2587/2945/1892
s 2
f 1737/2015/204 682/885/203 2587/2944/1893 2588/2946/1894
s 5
f 2591/2950/1895 739/951/205 683/887/208 2590/2948/1896
f 2595/2954/1897 2053/2344/209 684/889/212 2594/2953/1898
f 2600/2959/1899 686/891/213 1817/2097/216 2599/2958/1900
f 2601/2960/1901 1029/1266/217 686/891/213 2600/2959/1899
f 2606/2965/1902 688/893/219 926/1152/222 2605/2964/1903
s 4
f 2608/2968/1904 2609/2969/1905 689/895/224 1757/2036/223
f 690/896/283 1330/1589/282 2611/2971/1906 2612/2972/1907
f 691/897/1764 690/896/283 2612/2972/1907 2613/2973/1908
f 692/898/450 691/897/1764 2613/2973/1908 2614/2974/1909
f 693/899/451 692/898/450 2614/2974/1909 2615/2975/1910
f 694/900/377 1214/1463/376 2617/2977/1911 2618/2978/1912
f 695/901/1671 694/900/377 2618/2978/1912 2619/2979/1913
f 696/902/598 695/901/1671 2619/2979/1913 2620/2980/1914
f 697/903/599 696/902/598 2620/2980/1914 2621/2981/1915
f 2732/3103/525 1162/1406/524 2622/2982/1916 2731/3102/1917
f 2625/2985/1918 2626/2986/1919 699/905/252 1656/1933/251
s 19
f 955/1183/258 699/906/257 2626/2987/1920 2627/2988/1921
f 701/908/262 1048/1285/261 2631/2992/1922 2632/2993/1923
f 1789/2069/264 701/908/262 2632/2993/1923 2633/2994/1924
f 703/910/268 2081/2372/267 2637/2998/1925 2638/2999/1926
f 704/912/272 754/966/271 2641/3002/1927 2642/3004/1928
s 2
f 1636/1912/240 704/911/239 2642/3003/1929 2643/3005/1930
s 21
f 2646/3009/1931 773/987/241 705/913/244 2645/3007/1932
f 2650/3013/1933 2014/2303/245 706/915/248 2649/3012/1934
s 95
f 2653/3016/1935 1139/1381/561 2687/3055/564 2688/3056/1936
s 298
f 709/919/1447 708/917/1446 2654/3017/1937 2655/3019/1938
f 710/920/1604 709/919/1447 2655/3019/1938 2656/3020/1939
f 663/864/1605 710/920/1604 2656/3020/1939 2657/3022/1940
s 74
usemtl lambert5SG
f 1928/2213/1941 884/1108/1942 885/1109/1943 1927/2212/1944
f 1929/2214/1945 883/1107/1946 884/1108/1942 1928/2213/1941
f 1930/2215/1947 882/1106/1948 883/1107/1946 1929/2214/1945
f 1931/2216/1949 1195/1442/1950 882/1106/1948 1930/2215/1947
f 1934/2219/1951 880/1104/1952 881/1105/1953 1933/2218/1954
f 1935/2220/1955 879/1103/1956 880/1104/1952 1934/2219/1951
f 1936/2221/1957 878/1102/1958 879/1103/1956 1935/2220/1955
f 1937/2222/1959 1311/1568/1960 878/1102/1958 1936/2221/1957
s 9
usemtl lambert4SG
f 876/1100/1961 877/1101/1962 1939/2224/1963 1940/2225/1964
f 2585/2942/1965 876/1100/1961 1940/2225/1964 2584/2941/1966
f 874/1098/1967 875/1099/1968 1941/2226/1969 1942/2227/1970
f 873/1097/1971 2379/2712/1972 2380/2713/1973 1943/2228/1974
f 872/1096/1975 2477/2820/1976 2478/2821/1977 1944/2229/1978
f 871/1095/1979 872/1096/1975 1944/2229/1978 1945/2230/1980
f 2488/2831/1981 2281/2600/1982 2282/2601/1983 2487/2830/1984
f 869/1093/1985 870/1094/1986 1946/2231/1987 1947/2232/1988
f 868/1092/1989 2183/2488/1990 2184/2489/1991 1948/2233/1992
f 978/1208/1993 868/1092/1989 1948/2233/1992 1949/2234/1994
s 3
f 1725/2003/1995 867/1090/1996 1950/2235/1997 1951/2237/1998
s 5
f 1954/2241/1999 1955/2242/2000 865/1087/2001 983/1215/2002
f 1955/2242/2000 2175/2478/2003 2176/2479/2004 865/1087/2001
f 1956/2243/2005 1957/2244/2006 863/1085/2007 864/1086/2008
f 2496/2841/2009 2273/2590/2010 2274/2591/2011 2495/2840/2012
f 1958/2245/2013 1959/2246/2014 861/1083/2015 862/1084/2016
f 1959/2246/2014 2469/2810/2017 2470/2811/2018 861/1083/2015
f 1960/2247/2019 2371/2702/2020 2372/2703/2021 860/1082/2022
f 1961/2248/2023 1962/2249/2024 858/1080/2025 859/1081/2026
f 2593/2952/2027 1963/2250/2028 857/1079/2029 2592/2951/2030
f 1963/2250/2028 1964/2251/2031 856/1078/2032 857/1079/2029
usemtl lambert6SG
f 1966/2253/2033 1967/2254/2034 853/1075/2035 854/1076/2036
s 1
usemtl lambert5SG
f 1969/2256/2037 1970/2257/2038 852/1074/2039 1743/2021/2040
f 851/1073/2041 1318/1576/2042 1972/2259/2043 1973/2260/2044
f 850/1072/2045 851/1073/2041 1973/2260/2044 1974/2261/2046
f 849/1071/2047 850/1072/2045 1974/2261/2046 1975/2262/2048
f 848/1070/2049 849/1071/2047 1975/2262/2048 1976/2263/2050
f 847/1069/2051 1202/1450/2052 1978/2265/2053 1979/2266/2054
f 846/1068/2055 847/1069/2051 1979/2266/2054 1980/2267/2056
f 845/1067/2057 846/1068/2055 1980/2267/2056 1981/2268/2058
f 844/1066/2059 845/1067/2057 1981/2268/2058 1982/2269/2060
f 2750/3122/2061 1150/1393/2062 1983/2270/2063 2749/3121/2064
f 1986/2273/2065 1987/2274/2066 910/1136/2067 1642/1918/2068
s 19
usemtl lambert6SG
f 1987/2274/2069 1988/2275/2070 909/1135/2071 910/1136/2072
usemtl lambert4SG
f 906/1132/2073 907/1133/2074 1990/2277/2075 1991/2278/2076
f 2640/3001/2077 906/1132/2073 1991/2278/2076 2639/3000/2078
f 904/1130/2079 905/1131/2080 1992/2279/2081 1993/2280/2082
f 903/1129/2083 2324/2653/2084 2325/2654/2085 1994/2281/2086
f 902/1128/2087 2422/2761/2088 2423/2762/2089 1995/2282/2090
f 901/1127/2091 902/1128/2087 1995/2282/2090 1996/2283/2092
f 2543/2890/2093 2226/2541/2094 2227/2542/2095 2542/2889/2096
f 899/1125/2097 900/1126/2098 1997/2284/2099 1998/2285/2100
f 898/1124/2101 2128/2429/2102 2129/2430/2103 1999/2286/2104
f 960/1188/2105 898/1124/2101 1999/2286/2104 2000/2287/2106
s 3
f 1624/1900/2107 897/1122/2108 1911/2194/2109 1912/2196/2110
s 21
f 1915/2200/2111 1916/2201/2112 895/1119/2113 965/1195/2114
f 1916/2201/2112 2120/2419/2115 2121/2420/2116 895/1119/2113
f 1917/2202/2117 1918/2203/2118 893/1117/2119 894/1118/2120
f 2551/2900/2121 2218/2531/2122 2219/2532/2123 2550/2899/2124
f 1919/2204/2125 1920/2205/2126 891/1115/2127 892/1116/2128
f 1920/2205/2126 2414/2751/2129 2415/2752/2130 891/1115/2127
f 1921/2206/2131 2316/2643/2132 2317/2644/2133 890/1114/2134
f 1922/2207/2135 1923/2208/2136 888/1112/2137 889/1113/2138
f 2648/3011/2139 1924/2209/2140 887/1111/2141 2647/3010/2142
usemtl lambert6SG
f 1924/2209/2140 1925/2210/2143 886/1110/2144 887/1111/2141
s 74
usemtl lambert5SG
f 1926/2211/2145 1143/1385/2146 2681/3049/2147 2682/3050/2148
s 2
f 475/613/2149 776/990/2150 775/989/2151 153/206/2152
f 513/660/2153 777/991/2154 776/990/2150 475/613/2149
f 173/231/2155 778/992/2156 777/991/2154 513/660/2153
f 1197/1445/2157 1198/1446/2158 778/992/2156 173/231/2155
f 551/705/2159 780/994/2160 779/993/2161 113/156/2162
f 589/750/2163 781/995/2164 780/994/2160 551/705/2159
f 133/181/2165 782/996/2166 781/995/2164 589/750/2163
f 1313/1571/2167 1314/1572/2168 782/996/2166 133/181/2165
f 1739/2017/2169 783/997/2170 73/105/202 1738/2016/201
s 5
usemtl lambert6SG
f 740/952/206 785/1000/2171 784/998/2172 74/107/207
f 1964/2251/2031 1965/2252/2173 855/1077/2174 856/1078/2032
f 2054/2345/210 2055/2346/2175 786/1001/2176 75/109/211
f 77/111/214 788/1003/2177 1815/2095/2178 1816/2096/215
f 1030/1267/218 1031/1268/2179 788/1003/2177 77/111/214
f 79/113/220 790/1005/2180 924/1150/2181 925/1151/221
s 4
usemtl lambert5SG
f 1756/2035/226 80/115/225 791/1007/2182 1755/2034/2183
f 792/1008/2184 1328/1587/2185 1329/1588/281 126/172/284
f 793/1009/2186 792/1008/2184 126/172/284 596/758/1763
f 794/1010/2187 793/1009/2186 596/758/1763 558/713/449
f 795/1011/2188 794/1010/2187 558/713/449 106/147/452
f 796/1012/2189 1212/1461/2190 1213/1462/375 166/222/378
f 797/1013/2191 796/1012/2189 166/222/378 520/668/1670
f 798/1014/2192 797/1013/2191 520/668/1670 482/621/597
f 799/1015/2193 798/1014/2192 482/621/597 146/197/600
f 2734/3105/2194 1160/1404/2195 1161/1405/523 2733/3104/526
f 1655/1932/254 92/129/253 801/1017/2196 1654/1931/2197
s 19
usemtl lambert6SG
f 957/1185/2198 801/1018/2199 92/130/256 956/1184/255
f 803/1020/2200 1046/1283/2201 1047/1284/260 94/132/259
f 1791/2071/2202 803/1020/2200 94/132/259 1790/2070/263
f 805/1022/2203 2079/2370/2204 2080/2371/266 96/134/265
f 908/1134/2205 1989/2276/2206 1990/2277/2075 907/1133/2074
f 807/1025/2207 806/1023/2208 753/965/270 85/121/269
s 2
usemtl lambert5SG
f 1638/1914/2209 807/1024/2210 85/120/238 1637/1913/237
f 1145/1388/2211 1146/1389/2212 2754/3126/2213 2679/3047/2214
f 776/990/2150 810/1028/623 809/1027/626 775/989/2151
f 777/991/2154 811/1029/1657 810/1028/623 776/990/2150
f 778/992/2156 812/1030/404 811/1029/1657 777/991/2154
f 1198/1446/2158 1199/1447/401 812/1030/404 778/992/2156
f 780/994/2160 814/1032/475 813/1031/478 779/993/2161
f 781/995/2164 815/1033/1750 814/1032/475 780/994/2160
f 782/996/2166 816/1034/332 815/1033/1750 781/995/2164
f 1314/1572/2168 1315/1573/329 816/1034/332 782/996/2166
f 1740/2018/8 817/1035/7 783/997/2170 1739/2017/2169
s 5
usemtl lambert6SG
f 785/1000/2171 819/1038/17 818/1036/20 784/998/2172
f 1965/2252/2173 1966/2253/2033 854/1076/2036 855/1077/2174
f 2055/2346/2175 2056/2347/45 820/1039/48 786/1001/2176
f 788/1003/2177 822/1041/177 1814/2094/180 1815/2095/2178
f 1031/1268/2179 1032/1269/191 822/1041/177 788/1003/2177
f 790/1005/2180 824/1043/121 923/1149/124 924/1150/2181
s 4
usemtl lambert5SG
f 1755/2034/2183 791/1007/2182 825/1045/14 1754/2033/13
f 826/1046/279 1327/1586/278 1328/1587/2185 792/1008/2184
f 827/1047/1762 826/1046/279 792/1008/2184 793/1009/2186
f 828/1048/454 827/1047/1762 793/1009/2186 794/1010/2187
f 829/1049/455 828/1048/454 794/1010/2187 795/1011/2188
f 830/1050/381 1211/1460/380 1212/1461/2190 796/1012/2189
f 831/1051/1669 830/1050/381 796/1012/2189 797/1013/2191
f 832/1052/602 831/1051/1669 797/1013/2191 798/1014/2192
f 833/1053/603 832/1052/602 798/1014/2192 799/1015/2193
f 2735/3106/529 1159/1403/528 1160/1404/2195 2734/3105/2194
f 1654/1931/2197 801/1017/2196 835/1055/70 1653/1930/69
s 19
usemtl lambert6SG
f 958/1186/139 835/1056/138 801/1018/2199 957/1185/2198
f 837/1058/154 1045/1282/170 1046/1283/2201 803/1020/2200
f 1792/2072/155 837/1058/154 803/1020/2200 1791/2071/2202
f 839/1060/107 2078/2369/106 2079/2370/2204 805/1022/2203
f 909/1135/2071 1988/2275/2070 1989/2276/2206 908/1134/2205
f 841/1063/75 840/1061/74 806/1023/2208 807/1025/2207
s 2
usemtl lambert5SG
f 1639/1915/64 841/1062/63 807/1024/2210 1638/1914/2209
f 2754/3126/2213 1146/1389/2212 1147/1390/550 2753/3125/549
s 1
f 2751/3123/547 1149/1392/546 1150/1393/2062 2750/3122/2061
f 750/962/621 749/961/620 845/1067/2057 844/1066/2059
f 749/961/620 748/960/1660 846/1068/2055 845/1067/2057
f 748/960/1660 747/959/399 847/1069/2051 846/1068/2055
f 747/959/399 1201/1449/398 1202/1450/2052 847/1069/2051
f 746/958/473 745/957/472 849/1071/2047 848/1070/2049
f 745/957/472 744/956/1753 850/1072/2045 849/1071/2047
f 744/956/1753 743/955/335 851/1073/2041 850/1072/2045
f 743/955/335 1317/1575/334 1318/1576/2042 851/1073/2041
f 1743/2021/2040 852/1074/2039 742/954/2 1742/2020/1
s 5
usemtl lambert6SG
f 854/1076/2036 853/1075/2035 741/953/18 819/1038/17
f 855/1077/2174 854/1076/2036 819/1038/17 785/1000/2171
f 856/1078/2032 855/1077/2174 785/1000/2171 740/952/206
usemtl lambert4SG
f 857/1079/2029 856/1078/2032 740/952/206 739/951/205
f 2592/2951/2030 857/1079/2029 739/951/205 2591/2950/1895
f 859/1081/2026 858/1080/2025 738/950/1140 737/949/1139
f 860/1082/2022 2372/2703/2021 2373/2704/1032 736/948/1031
f 861/1083/2015 2470/2811/2018 2471/2812/26 735/947/25
f 862/1084/2016 861/1083/2015 735/947/25 734/946/971
f 2495/2840/2012 2274/2591/2011 2275/2592/868 2494/2839/867
f 864/1086/2008 863/1085/2007 733/945/760 732/944/759
f 865/1087/2001 2176/2479/2004 2177/2480/656 731/943/655
f 983/1215/2002 865/1087/2001 731/943/655 982/1214/1319
s 3
f 1726/2004/12 729/939/11 867/1090/1996 1725/2003/1995
s 9
f 979/1209/1315 728/938/649 868/1092/1989 978/1208/1993
f 728/938/649 2182/2487/648 2183/2488/1990 868/1092/1989
f 727/937/753 726/936/752 870/1094/1986 869/1093/1985
f 2489/2832/861 2280/2599/860 2281/2600/1982 2488/2831/1981
f 725/935/967 724/934/35 872/1096/1975 871/1095/1979
f 724/934/35 2476/2819/34 2477/2820/1976 872/1096/1975
f 723/933/1025 2378/2711/1024 2379/2712/1972 873/1097/1971
f 722/932/1133 721/931/1132 875/1099/1968 874/1098/1967
f 2586/2943/1891 720/930/235 876/1100/1961 2585/2942/1965
f 720/930/235 719/929/234 877/1101/1962 876/1100/1961
s 74
usemtl lambert5SG
f 878/1102/1958 1311/1568/1960 1312/1569/325 718/928/328
f 879/1103/1956 878/1102/1958 718/928/328 717/927/1748
f 880/1104/1952 879/1103/1956 717/927/1748 716/926/479
f 881/1105/1953 880/1104/1952 716/926/479 715/925/482
f 882/1106/1948 1195/1442/1950 1196/1443/405 714/924/408
f 883/1107/1946 882/1106/1948 714/924/408 713/923/1655
f 884/1108/1942 883/1107/1946 713/923/1655 712/922/627
f 885/1109/1943 884/1108/1942 712/922/627 711/921/630
f 2681/3049/2147 1143/1385/2146 1144/1386/554 2680/3048/553
s 21
usemtl lambert6SG
f 887/1111/2141 886/1110/2144 774/988/242 773/987/241
usemtl lambert4SG
f 2647/3010/2142 887/1111/2141 773/987/241 2646/3009/1931
f 889/1113/2138 888/1112/2137 772/986/1208 771/985/1207
f 890/1114/2134 2317/2644/2133 2318/2645/1100 770/984/1099
f 891/1115/2127 2415/2752/2130 2416/2753/82 769/983/81
f 892/1116/2128 891/1115/2127 769/983/81 768/982/1005
f 2550/2899/2124 2219/2532/2123 2220/2533/936 2549/2898/935
f 894/1118/2120 893/1117/2119 767/981/828 766/980/827
f 895/1119/2113 2121/2420/2116 2122/2421/724 765/979/723
f 965/1195/2114 895/1119/2113 765/979/723 964/1194/1353
s 3
f 1625/1901/68 763/975/67 897/1122/2108 1624/1900/2107
s 19
f 961/1189/1349 762/974/717 898/1124/2101 960/1188/2105
f 762/974/717 2127/2428/716 2128/2429/2102 898/1124/2101
f 761/973/821 760/972/820 900/1126/2098 899/1125/2097
f 2544/2891/929 2225/2540/928 2226/2541/2094 2543/2890/2093
f 759/971/1001 758/970/91 902/1128/2087 901/1127/2091
f 758/970/91 2421/2760/90 2422/2761/2088 902/1128/2087
f 757/969/1093 2323/2652/1092 2324/2653/2084 903/1129/2083
f 756/968/1201 755/967/1200 905/1131/2080 904/1130/2079
f 2641/3002/1927 754/966/271 906/1132/2073 2640/3001/2077
f 754/966/271 753/965/270 907/1133/2074 906/1132/2073
usemtl lambert6SG
f 806/1023/2208 908/1134/2205 907/1133/2074 753/965/270
f 840/1061/74 909/1135/2071 908/1134/2205 806/1023/2208
f 910/1136/2072 909/1135/2071 840/1061/74 752/964/73
s 1
usemtl lambert5SG
f 1642/1918/2068 910/1136/2067 752/964/58 1641/1917/57
f 1651/1927/136 911/1137/135 47/71/2215 1650/1926/2216
f 1156/1399/2217 1157/1400/531 2737/3109/534 2738/3110/2218
f 480/618/2219 914/1140/605 913/1139/608 148/200/2220
f 518/665/2221 915/1141/1666 914/1140/605 480/618/2219
f 168/225/2222 916/1142/386 915/1141/1666 518/665/2221
f 1208/1456/2223 1209/1457/383 916/1142/386 168/225/2222
f 556/710/2224 918/1144/457 917/1143/460 108/150/2225
f 594/755/2226 919/1145/1759 918/1144/457 556/710/2224
f 128/175/2227 920/1146/276 919/1145/1759 594/755/2226
f 1324/1582/2228 1325/1583/273 920/1146/276 128/175/2227
f 1752/2030/128 921/1147/127 41/63/2229 1751/2029/2230
s 5
usemtl lambert6SG
f 923/1149/124 922/1148/123 40/62/2231 823/1042/2232
f 924/1150/2181 923/1149/124 823/1042/2232 789/1004/2233
f 925/1151/221 924/1150/2181 789/1004/2233 78/112/2234
usemtl lambert4SG
f 926/1152/222 925/1151/221 78/112/2234 687/892/2235
f 2605/2964/1903 926/1152/222 687/892/2235 2604/2963/2236
f 928/1154/1156 927/1153/1155 323/413/2237 295/379/2238
f 929/1155/1048 2359/2690/1047 2360/2691/2239 39/61/2240
f 930/1156/120 2457/2798/119 2458/2799/2241 267/345/2242
f 931/1157/979 930/1156/120 267/345/2242 239/311/2243
f 2508/2853/884 2261/2578/883 2262/2579/2244 2507/2852/2245
f 933/1159/776 932/1158/775 211/277/2246 184/244/2247
f 934/1160/672 2163/2466/671 2164/2467/2248 377/473/2249
f 988/1220/1327 934/1160/672 377/473/2249 987/1219/2250
s 3
f 1769/2048/2251 37/57/2252 936/1163/114 1768/2047/113
f 937/1164/291 1341/1600/290 1342/1601/2253 123/168/2254
f 938/1165/1780 937/1164/291 123/168/2254 606/768/2255
f 939/1166/442 938/1165/1780 606/768/2255 568/723/2256
f 940/1167/443 939/1166/442 568/723/2256 103/143/2257
f 941/1168/369 1225/1474/368 1226/1475/2258 163/218/2259
f 942/1169/1687 941/1168/369 163/218/2259 530/678/2260
f 943/1170/590 942/1169/1687 530/678/2260 492/631/2261
f 944/1171/591 943/1170/590 492/631/2261 143/193/2262
f 2715/3086/517 1173/1417/516 1174/1418/2263 2714/3084/2264
f 1668/1945/2265 43/65/2266 946/1173/130 1667/1944/129
s 19
f 1002/1236/2267 386/484/2268 947/1175/701 1001/1235/1342
f 386/484/2268 2140/2441/2269 2141/2442/702 947/1175/701
f 193/255/2270 220/288/2271 949/1177/806 948/1176/805
f 2531/2878/2272 2238/2553/2273 2239/2554/914 2530/2877/913
f 248/322/2274 276/356/2275 951/1179/141 950/1178/994
f 276/356/2275 2434/2773/2276 2435/2774/142 951/1179/141
f 2336/2665/2277 2337/2666/1077 952/1180/1080 48/72/2278
f 332/424/2279 954/1182/1185 953/1181/1188 304/390/2280
f 700/907/2281 955/1183/258 2627/2988/1921 2628/2989/2282
f 93/131/2283 956/1184/255 955/1183/258 700/907/2281
usemtl lambert6SG
f 802/1019/2284 957/1185/2198 956/1184/255 93/131/2283
f 836/1057/2285 958/1186/139 957/1185/2198 802/1019/2284
f 911/1137/140 958/1186/139 836/1057/2285 47/71/2286
usemtl lambert4SG
f 897/1123/2287 960/1188/2105 2000/2287/2106 1911/2195/2288
f 763/976/2289 961/1189/1349 960/1188/2105 897/1123/2287
f 962/1191/1350 961/1189/1349 763/976/2289 24/52/2290
s 2
f 1627/1903/1352 962/1190/1351 24/36/2291 1626/1902/2292
s 21
f 764/977/2293 964/1194/1353 963/1192/1354 23/48/2294
f 896/1120/2295 965/1195/2114 964/1194/1353 764/977/2293
f 1914/2198/2296 1915/2200/2111 965/1195/2114 896/1120/2295
f 2004/2292/2297 2005/2294/1355 966/1196/1356 32/47/2298
s 95
f 1181/1428/2299 1182/1429/1357 2702/3070/1358 2703/3072/2300
f 498/640/2301 969/1199/1359 968/1198/1362 137/186/2302
f 536/687/2303 970/1200/1698 969/1199/1359 498/640/2301
f 157/211/2304 971/1201/1364 970/1200/1698 536/687/2303
f 1233/1485/2305 1234/1486/1363 971/1201/1364 157/211/2304
f 574/732/2306 973/1203/1365 972/1202/1368 97/136/2307
f 612/777/2308 974/1204/1791 973/1203/1365 574/732/2306
f 117/161/2309 975/1205/1312 974/1204/1791 612/777/2308
f 1349/1611/2310 1350/1612/1311 975/1205/1312 117/161/2309
s 9
f 13/22/2311 977/1207/1313 2039/2328/1314 2040/2330/2312
f 867/1091/2313 978/1208/1993 1949/2234/1994 1950/2236/2314
f 729/940/2315 979/1209/1315 978/1208/1993 867/1091/2313
f 980/1211/1316 979/1209/1315 729/940/2315 6/11/2316
s 2
f 1728/2006/1318 980/1210/1317 6/6/2317 1727/2005/2318
s 5
f 730/941/2319 982/1214/1319 981/1212/1320 5/13/2320
f 866/1088/2321 983/1215/2002 982/1214/1319 730/941/2319
f 1953/2239/2322 1954/2241/1999 983/1215/2002 866/1088/2321
f 2043/2333/2323 2044/2335/1321 984/1216/1322 14/23/2324
f 67/97/2325 986/1218/1323 1826/2106/1324 1827/2107/2326
f 1019/1255/2327 1020/1257/1325 986/1218/1323 67/97/2325
f 935/1161/2328 988/1220/1327 987/1219/2250 38/59/2329
f 7/12/2330 989/1221/1326 988/1220/1327 935/1161/2328
s 4
f 1767/2046/2331 8/8/2332 990/1223/1329 1766/2045/1328
f 991/1224/1331 1339/1598/1330 1340/1599/2333 124/170/2334
f 605/767/2335 992/1225/1778 991/1224/1331 124/170/2334
f 567/722/2336 993/1226/1332 992/1225/1778 605/767/2335
f 994/1227/1333 993/1226/1332 567/722/2336 104/145/2337
f 995/1228/1335 1223/1472/1334 1224/1473/2338 164/220/2339
f 529/677/2340 996/1229/1685 995/1228/1335 164/220/2339
f 491/630/2341 997/1230/1336 996/1229/1685 529/677/2340
f 998/1231/1337 997/1230/1336 491/630/2341 144/195/2342
f 2717/3088/1339 1171/1415/1338 1172/1416/2343 2716/3087/2344
f 1666/1943/2345 26/50/2346 1000/1233/1341 1665/1942/1340
s 19
f 946/1174/2347 1001/1235/1342 1000/1234/1343 26/56/2348
f 43/66/2349 1002/1236/2267 1001/1235/1342 946/1174/2347
f 55/82/2350 1003/1237/1344 1057/1294/1345 1058/1296/2351
f 1779/2059/2352 1780/2060/1346 1003/1237/1344 55/82/2350
f 31/51/2353 959/1187/1348 2090/2381/1347 2001/2289/2354
s 41
f 1503/1774/2355 1504/1776/2356 1006/1241/164 1005/1239/163
f 1504/1776/2356 1505/1777/2357 1007/1242/249 1006/1241/164
s 69
f 1506/1778/2358 1177/1422/505 2709/3079/508 2710/3080/2359
f 1508/1780/2360 1009/1244/579 1008/1243/582 1507/1779/2361
f 1509/1781/2362 1010/1245/1691 1009/1244/579 1508/1780/2360
f 1510/1782/2363 1011/1246/360 1010/1245/1691 1509/1781/2362
f 1511/1783/2364 1229/1479/357 1011/1246/360 1510/1782/2363
f 1514/1786/2365 1013/1248/431 1012/1247/434 1513/1785/2366
f 1515/1787/2367 1014/1249/1784 1013/1248/431 1514/1786/2365
f 1516/1788/2368 1015/1250/302 1014/1249/1784 1515/1787/2367
f 1517/1789/2369 1345/1605/299 1015/1250/302 1516/1788/2368
s 46
f 1017/1252/197 1016/1251/228 1519/1791/2370 1520/1792/2371
f 1018/1254/198 1017/1252/197 1520/1792/2371 1521/1794/2372
s 3
f 1772/2051/200 1018/1253/199 1521/1793/2373 1771/2050/2374
s 5
f 1522/1795/2375 1523/1797/2376 1020/1257/1325 1019/1255/2327
f 1523/1797/2376 1524/1798/2377 1021/1258/667 1020/1257/1325
f 1524/1798/2377 2166/2469/2378 2167/2470/668 1021/1258/667
f 1525/1799/2379 1526/1800/2380 1023/1260/772 1022/1259/771
f 2505/2850/2381 2264/2581/2382 2265/2582/880 2504/2849/879
f 1527/1801/2383 1528/1802/2384 1025/1262/189 1024/1261/977
f 1528/1802/2384 2460/2801/2385 2461/2802/190 1025/1262/189
f 1529/1803/2386 2362/2693/2387 2363/2694/1044 1026/1263/1043
f 1530/1804/2388 1531/1805/2389 1028/1265/1152 1027/1264/1151
f 2602/2961/2390 1532/1806/2391 1029/1266/217 2601/2960/1901
f 1532/1806/2391 1533/1807/2392 1030/1267/218 1029/1266/217
usemtl lambert6SG
f 1533/1807/2392 1534/1808/2393 1031/1268/2179 1030/1267/218
f 1534/1808/2393 1535/1809/2394 1032/1269/191 1031/1268/2179
f 1535/1809/2394 1536/1810/2395 1033/1270/192 1032/1269/191
s 1
usemtl lambert5SG
f 1749/2027/2396 1537/1811/2397 1034/1271/194 1748/2026/193
f 1035/1272/346 1323/1581/345 1539/1813/2398 1540/1814/2399
f 1036/1273/1758 1035/1272/346 1540/1814/2399 1541/1815/2400
f 1037/1274/462 1036/1273/1758 1541/1815/2400 1542/1816/2401
f 1038/1275/463 1037/1274/462 1542/1816/2401 1543/1817/2402
f 1039/1276/389 1207/1455/388 1545/1819/2403 1546/1820/2404
f 1040/1277/1665 1039/1276/389 1546/1820/2404 1547/1821/2405
f 1041/1278/610 1040/1277/1665 1547/1821/2405 1548/1822/2406
f 1042/1279/611 1041/1278/610 1548/1822/2406 1549/1823/2407
f 2741/3113/537 1155/1398/536 1550/1824/2408 2740/3112/2409
f 1648/1924/2410 1552/1826/2411 1044/1281/168 1647/1923/167
s 19
usemtl lambert6SG
f 1552/1826/2412 1553/1827/2413 1045/1282/170 1044/1281/169
f 1046/1283/2201 1045/1282/170 1553/1827/2413 1554/1828/2414
f 1047/1284/260 1046/1283/2201 1554/1828/2414 1555/1829/2415
usemtl lambert4SG
f 1048/1285/261 1047/1284/260 1555/1829/2415 1556/1830/2416
f 2631/2992/1922 1048/1285/261 1556/1830/2416 2630/2991/2417
f 1050/1287/1191 1049/1286/1190 1557/1831/2418 1558/1832/2419
f 1051/1288/1083 2333/2662/1082 2334/2663/2420 1559/1833/2421
f 1052/1289/172 2431/2770/171 2432/2771/2422 1560/1834/2423
f 1053/1290/997 1052/1289/172 1560/1834/2423 1561/1835/2424
f 2534/2881/920 2235/2550/919 2236/2551/2425 2533/2880/2426
f 1055/1292/812 1054/1291/811 1562/1836/2427 1563/1837/2428
f 1056/1293/708 2137/2438/707 2138/2439/2429 1564/1838/2430
f 1057/1294/1345 1056/1293/708 1564/1838/2430 1565/1839/2431
f 1058/1296/2351 1057/1294/1345 1565/1839/2431 1566/1841/2432
s 3
f 1670/1947/2433 1619/1895/162 1058/1295/161 1566/1840/2434
s 21
f 50/75/2435 967/1197/2436 1060/1299/2437 1059/1297/2438
f 967/1197/2436 393/493/2439 1061/1300/2440 1060/1299/2437
f 393/493/2439 2116/2415/2441 2117/2416/2442 1061/1300/2440
f 200/264/2443 227/297/2444 1063/1302/2445 1062/1301/2446
f 2555/2904/2447 2214/2527/2448 2215/2528/2449 2554/2903/2450
f 255/331/2451 283/365/2452 1065/1304/2453 1064/1303/2454
f 283/365/2452 2410/2747/2455 2411/2748/2456 1065/1304/2453
f 51/77/2457 2312/2639/2458 2313/2640/2459 1066/1305/2460
f 311/399/2461 339/433/2462 1068/1307/2463 1067/1306/2464
f 2652/3015/2465 707/916/2466 1069/1308/2467 2651/3014/2468
usemtl lambert6SG
f 707/916/2466 88/125/2469 1070/1309/2470 1069/1308/2467
s 74
usemtl lambert5SG
f 1140/1382/2471 1141/1383/2472 2685/3053/2473 2686/3054/2474
usemtl lambert4SG
f 473/610/2475 1072/1311/2476 1071/1310/2477 155/208/2478
f 511/657/2479 1073/1312/2480 1072/1311/2476 473/610/2475
f 175/233/2481 1074/1313/2482 1073/1312/2480 511/657/2479
usemtl lambert5SG
f 1192/1439/2483 1193/1440/2484 1074/1313/2482 175/233/2481
usemtl lambert4SG
f 549/702/2485 1076/1315/2486 1075/1314/2487 115/158/2488
f 587/747/2489 1077/1316/2490 1076/1315/2486 549/702/2485
f 135/183/2491 1078/1317/2492 1077/1316/2490 587/747/2489
usemtl lambert5SG
f 1308/1565/2493 1309/1566/2494 1078/1317/2492 135/183/2491
s 9
usemtl lambert4SG
f 1080/1319/2495 1079/1318/2496 83/118/2497 680/883/2498
f 2678/3045/2499 2581/2938/2500 1080/1319/2495 680/883/2498
f 1082/1321/2501 1081/1320/2502 344/438/2503 316/404/2504
f 1083/1322/2505 2383/2716/2506 2384/2717/2507 65/94/2508
f 288/370/2509 1084/1323/2510 2481/2824/2511 2482/2825/2512
f 260/336/2513 1085/1324/2514 1084/1323/2510 288/370/2509
f 2483/2826/2515 2484/2827/2516 2285/2604/2517 2286/2605/2518
f 1087/1326/2519 1086/1325/2520 232/302/2521 177/235/2522
f 1088/1327/2523 2187/2492/2524 2188/2493/2525 370/464/2526
f 1089/1328/2527 1088/1327/2523 370/464/2526 976/1206/2528
f 1090/1330/2529 1089/1328/2527 976/1206/2528 66/96/2530
s 3
f 1774/2053/2531 1723/2001/2532 1090/1329/2533 66/95/2534
s 5
f 61/89/2535 985/1217/2536 1092/1333/2537 1091/1331/2538
f 985/1217/2536 375/471/2539 1093/1334/2540 1092/1333/2537
f 375/471/2539 2171/2474/2541 2172/2475/2542 1093/1334/2540
f 182/242/2543 209/275/2544 1095/1336/2545 1094/1335/2546
f 2500/2845/2547 2269/2586/2548 2270/2587/2549 2499/2844/2550
f 237/309/2551 265/343/2552 1097/1338/2553 1096/1337/2554
f 265/343/2552 2465/2806/2555 2466/2807/2556 1097/1338/2553
f 62/91/2557 2367/2698/2558 2368/2699/2559 1098/1339/2560
f 293/377/2561 321/411/2562 1100/1341/2563 1099/1340/2564
f 2597/2956/2565 685/890/2566 1101/1342/2567 2596/2955/2568
f 685/890/2566 76/110/2569 1102/1343/2570 1101/1342/2567
usemtl lambert6SG
f 76/110/2569 787/1002/2571 1103/1344/2572 1102/1343/2570
f 787/1002/2571 821/1040/2573 1104/1345/2574 1103/1344/2572
f 821/1040/2573 63/92/2575 1105/1346/2576 1104/1345/2574
s 1
usemtl lambert5SG
f 1746/2024/2577 64/93/2578 1106/1347/2579 1745/2023/2580
f 1107/1348/2581 1320/1578/2582 1321/1579/2583 130/177/2584
f 1108/1349/2585 1107/1348/2581 130/177/2584 592/753/2586
f 1109/1350/2587 1108/1349/2585 592/753/2586 554/708/2588
f 1110/1351/2589 1109/1350/2587 554/708/2588 110/152/2590
f 1111/1352/2591 1204/1452/2592 1205/1453/2593 170/227/2594
f 1112/1353/2595 1111/1352/2591 170/227/2594 516/663/2596
f 1113/1354/2597 1112/1353/2595 516/663/2596 478/616/2598
f 1114/1355/2599 1113/1354/2597 478/616/2598 150/202/2600
f 2746/3118/2601 1152/1395/2602 1153/1396/2603 2745/3117/2604
f 1645/1921/2605 53/79/2606 1116/1357/2607 1644/1920/2608
s 19
usemtl lambert6SG
f 53/79/2609 838/1059/2610 1117/1358/2611 1116/1357/2612
f 1118/1359/2613 1117/1358/2611 838/1059/2610 804/1021/2614
f 1119/1360/2615 1118/1359/2613 804/1021/2614 95/133/2616
usemtl lambert4SG
f 1120/1361/2617 1119/1360/2615 95/133/2616 702/909/2618
f 2636/2997/2619 1120/1361/2617 702/909/2618 2635/2996/2620
f 1122/1363/2621 1121/1362/2622 334/426/2623 306/392/2624
f 1123/1364/2625 2328/2657/2626 2329/2658/2627 54/80/2628
f 1124/1365/2629 2426/2765/2630 2427/2766/2631 278/358/2632
f 1125/1366/2633 1124/1365/2629 278/358/2632 250/324/2634
f 2539/2886/2635 2230/2545/2636 2231/2546/2637 2538/2885/2638
f 1127/1368/2639 1126/1367/2640 222/290/2641 195/257/2642
f 1128/1369/2643 2132/2433/2644 2133/2434/2645 388/486/2646
f 1004/1238/2647 1129/1370/2648 1128/1369/2643 388/486/2646
f 1130/1372/2649 1129/1370/2648 1004/1238/2647 49/74/2650
s 3
f 1622/1898/2651 1130/1371/2652 49/73/2653 1621/1897/2654
s 95
f 394/494/1361 2114/2413/2655 2115/2414/732 1131/1373/731
f 201/265/2656 228/298/2657 1133/1375/836 1132/1374/835
f 2557/2907/2658 2212/2525/2659 2213/2526/944 2556/2905/943
f 256/332/2660 284/366/2661 1135/1377/565 1134/1376/1009
f 284/366/2661 2408/2745/2662 2409/2746/566 1135/1377/565
f 156/209/2663 2310/2637/2664 2311/2638/1108 1136/1378/1107
f 312/400/2665 340/434/2666 1138/1380/1216 1137/1379/1215
f 2654/3018/2667 708/918/2668 1139/1381/561 2653/3016/1935
f 708/918/2668 155/208/2669 1140/1382/562 1139/1381/561
s 74
usemtl lambert5SG
f 155/208/2478 1071/1310/2477 1141/1383/2472 1140/1382/2471
f 2017/2306/634 154/207/633 1142/1384/558 2016/2305/557
f 1927/2212/1944 885/1109/1943 1143/1385/2146 1926/2211/2145
f 1144/1386/554 1143/1385/2146 885/1109/1943 711/921/630
f 1145/1387/555 1144/1386/554 711/921/630 153/205/629
s 2
f 153/206/2152 775/989/2151 1146/1389/2212 1145/1388/2211
f 1147/1390/550 1146/1389/2212 775/989/2151 809/1027/626
f 1148/1391/551 1147/1390/550 809/1027/626 152/204/625
s 1
f 152/204/622 750/962/621 1149/1392/546 1148/1391/545
f 1150/1393/2062 1149/1392/546 750/962/621 844/1066/2059
f 1983/2270/2063 1150/1393/2062 844/1066/2059 1982/2269/2060
f 151/203/618 2072/2363/617 2073/2364/542 1151/1394/541
f 1153/1396/2603 1152/1395/2602 1114/1355/2599 150/202/2600
f 1798/2078/614 149/201/612 1154/1397/535 1797/2077/539
f 149/201/612 1042/1279/611 1155/1398/536 1154/1397/535
f 1550/1824/2408 1155/1398/536 1042/1279/611 1549/1823/2407
f 148/200/2220 913/1139/608 1157/1400/531 1156/1399/2217
f 913/1139/608 147/198/607 1158/1401/532 1157/1400/531
s 4
f 147/199/604 833/1053/603 1159/1403/528 1158/1402/527
f 1160/1404/2195 1159/1403/528 833/1053/603 799/1015/2193
f 1161/1405/523 1160/1404/2195 799/1015/2193 146/197/600
usemtl lambert4SG
f 146/197/600 697/903/599 1162/1406/524 1161/1405/523
f 2622/2982/1916 1162/1406/524 697/903/599 2621/2981/1915
f 1164/1408/1179 1163/1407/1178 329/420/1173 301/386/1176
f 1165/1409/1071 2342/2672/1070 2343/2673/1065 145/196/1068
f 2441/2781/596 273/352/595 1166/1410/520 2440/2780/519
f 1167/1411/990 1166/1410/520 273/352/595 245/318/989
f 2525/2871/907 2244/2560/906 2245/2561/901 2524/2870/904
f 1169/1413/799 1168/1412/798 217/284/793 190/251/796
f 1170/1414/695 2146/2448/694 2147/2449/689 383/480/692
f 1171/1415/1338 1170/1414/695 383/480/692 998/1231/1337
f 1172/1416/2343 1171/1415/1338 998/1231/1337 144/195/2342
s 3
f 144/195/592 944/1171/591 1173/1417/516 1172/1416/515
f 1174/1418/2263 1173/1417/516 944/1171/591 143/193/2262
s 68
f 143/194/588 142/192/586 1175/1420/509 1174/1419/513
f 142/192/586 141/191/585 1176/1421/510 1175/1420/509
s 69
f 1507/1779/2361 1008/1243/582 1177/1422/505 1506/1778/2358
f 1008/1243/582 140/190/581 1178/1423/506 1177/1422/505
s 70
f 140/190/578 139/189/576 1179/1424/499 1178/1423/503
f 139/189/576 138/187/575 1180/1425/500 1179/1424/499
s 3
f 138/188/572 1842/2123/571 1775/2054/496 1180/1426/495
s 95
f 137/186/2302 968/1198/1362 1182/1429/1357 1181/1428/2299
f 968/1198/1362 394/494/1361 1131/1373/731 1182/1429/1357
f 1235/1487/2670 2103/2398/2671 2104/2399/740 1183/1430/739
f 1236/1488/2672 1237/1489/2673 1185/1432/844 1184/1431/843
f 2568/2921/2674 2201/2510/2675 2202/2511/952 2567/2920/951
f 1238/1490/2676 1239/1491/2677 1187/1434/417 1186/1433/1013
f 1239/1491/2677 2397/2730/2678 2398/2731/418 1187/1434/417
f 1240/1492/2679 2299/2622/2680 2300/2623/1116 1188/1435/1115
f 1241/1493/2681 1242/1494/2682 1190/1437/1224 1189/1436/1223
f 2665/3032/2683 1243/1495/2684 1191/1438/413 2664/3031/1871
f 1243/1495/2684 1244/1496/2685 1192/1439/414 1191/1438/413
s 74
usemtl lambert5SG
f 1244/1496/2686 1245/1497/2687 1193/1440/2484 1192/1439/2483
f 2022/2311/2688 1246/1498/2689 1194/1441/410 2021/2310/409
f 1932/2217/2690 1247/1499/2691 1195/1442/1950 1931/2216/1949
f 1196/1443/405 1195/1442/1950 1247/1499/2691 1248/1500/2692
f 1248/1500/2692 1249/1501/2693 1197/1444/406 1196/1443/405
s 2
f 1249/1502/2694 1250/1503/2695 1198/1446/2158 1197/1445/2157
f 1250/1503/2695 1251/1504/2696 1199/1447/401 1198/1446/2158
f 1251/1504/2696 1252/1505/2697 1200/1448/402 1199/1447/401
s 1
f 1252/1505/2698 1253/1506/2699 1201/1449/398 1200/1448/397
f 1202/1450/2052 1201/1449/398 1253/1506/2699 1254/1507/2700
f 1978/2265/2053 1202/1450/2052 1254/1507/2700 1977/2264/2701
f 1255/1508/2702 2067/2358/2703 2068/2359/394 1203/1451/393
f 1205/1453/2593 1204/1452/2592 1256/1509/2704 1257/1510/2705
f 1803/2083/2706 1258/1511/2707 1206/1454/387 1802/2082/391
f 1258/1511/2707 1259/1512/2708 1207/1455/388 1206/1454/387
f 1545/1819/2403 1207/1455/388 1259/1512/2708 1544/1818/2709
f 1260/1513/2710 1261/1514/2711 1209/1457/383 1208/1456/2223
f 1261/1514/2711 1262/1515/2712 1210/1458/384 1209/1457/383
s 4
f 1262/1516/2713 1263/1517/2714 1211/1460/380 1210/1459/379
f 1212/1461/2190 1211/1460/380 1263/1517/2714 1264/1518/2715
f 1213/1462/375 1212/1461/2190 1264/1518/2715 1265/1519/2716
usemtl lambert4SG
f 1265/1519/2716 1266/1520/2717 1214/1463/376 1213/1462/375
f 2617/2977/1911 1214/1463/376 1266/1520/2717 2616/2976/2718
f 1216/1465/1171 1215/1464/1170 1267/1521/2719 1268/1522/2720
f 1217/1466/1063 2347/2677/1062 2348/2678/2721 1269/1523/2722
f 2446/2786/2723 1270/1524/2724 1218/1467/372 2445/2785/371
f 1219/1468/986 1218/1467/372 1270/1524/2724 1271/1525/2725
f 2520/2866/899 2249/2565/898 2250/2566/2726 2519/2865/2727
f 1221/1470/791 1220/1469/790 1272/1526/2728 1273/1527/2729
f 1222/1471/687 2151/2453/686 2152/2454/2730 1274/1528/2731
f 1223/1472/1334 1222/1471/687 1274/1528/2731 1275/1529/2732
f 1224/1473/2338 1223/1472/1334 1275/1529/2732 1276/1530/2733
s 3
f 1276/1530/2734 1277/1531/2735 1225/1474/368 1224/1473/367
f 1226/1475/2258 1225/1474/368 1277/1531/2735 1278/1532/2736
s 68
f 1278/1533/2737 1279/1534/2738 1227/1477/361 1226/1476/365
f 1279/1534/2738 1280/1535/2739 1228/1478/362 1227/1477/361
s 69
f 1512/1784/2740 1281/1536/2741 1229/1479/357 1511/1783/2364
f 1281/1536/2741 1282/1537/2742 1230/1480/358 1229/1479/357
s 70
f 1282/1537/2743 1283/1538/2744 1231/1481/351 1230/1480/355
f 1283/1538/2744 1284/1539/2745 1232/1482/352 1231/1481/351
s 3
f 1284/1540/2746 1837/2118/2747 1838/2119/348 1232/1483/347
s 95
f 1285/1542/2748 1286/1543/2749 1234/1486/1363 1233/1485/2305
f 1286/1543/2749 1235/1487/2670 1183/1430/739 1234/1486/1363
f 396/496/1367 2102/2397/2750 2103/2398/2671 1235/1487/2670
f 203/267/2751 230/300/2752 1237/1489/2673 1236/1488/2672
f 2569/2923/2753 2200/2509/2754 2201/2510/2675 2568/2921/2674
f 258/334/2755 286/368/2756 1239/1491/2677 1238/1490/2676
f 286/368/2756 2396/2729/2757 2397/2730/2678 1239/1491/2677
f 116/159/2758 2298/2621/2759 2299/2622/2680 1240/1492/2679
f 314/402/2760 342/436/2761 1242/1494/2682 1241/1493/2681
f 2666/3033/2762 670/873/2763 1243/1495/2684 2665/3032/2683
f 670/873/2763 115/158/2764 1244/1496/2685 1243/1495/2684
s 74
usemtl lambert5SG
f 115/158/2488 1075/1314/2487 1245/1497/2687 1244/1496/2686
f 2023/2312/486 114/157/485 1246/1498/2689 2022/2311/2688
f 1933/2218/1954 881/1105/1953 1247/1499/2691 1932/2217/2690
f 1248/1500/2692 1247/1499/2691 881/1105/1953 715/925/482
f 715/925/482 113/155/481 1249/1501/2693 1248/1500/2692
s 2
f 113/156/2162 779/993/2161 1250/1503/2695 1249/1502/2694
f 779/993/2161 813/1031/478 1251/1504/2696 1250/1503/2695
f 813/1031/478 112/154/477 1252/1505/2697 1251/1504/2696
s 1
f 112/154/474 746/958/473 1253/1506/2699 1252/1505/2698
f 1254/1507/2700 1253/1506/2699 746/958/473 848/1070/2049
f 1977/2264/2701 1254/1507/2700 848/1070/2049 1976/2263/2050
f 111/153/470 2066/2357/469 2067/2358/2703 1255/1508/2702
f 1257/1510/2705 1256/1509/2704 1110/1351/2589 110/152/2590
f 1804/2084/466 109/151/464 1258/1511/2707 1803/2083/2706
f 109/151/464 1038/1275/463 1259/1512/2708 1258/1511/2707
f 1544/1818/2709 1259/1512/2708 1038/1275/463 1543/1817/2402
f 108/150/2225 917/1143/460 1261/1514/2711 1260/1513/2710
f 917/1143/460 107/148/459 1262/1515/2712 1261/1514/2711
s 4
f 107/149/456 829/1049/455 1263/1517/2714 1262/1516/2713
f 1264/1518/2715 1263/1517/2714 829/1049/455 795/1011/2188
f 1265/1519/2716 1264/1518/2715 795/1011/2188 106/147/452
usemtl lambert4SG
f 106/147/452 693/899/451 1266/1520/2717 1265/1519/2716
f 2616/2976/2718 1266/1520/2717 693/899/451 2615/2975/1910
f 1268/1522/2720 1267/1521/2719 327/418/1165 299/384/1168
f 1269/1523/2722 2348/2678/2721 2349/2679/1057 105/146/1060
f 2447/2787/448 271/350/447 1270/1524/2724 2446/2786/2723
f 1271/1525/2725 1270/1524/2724 271/350/447 243/316/985
f 2519/2865/2727 2250/2566/2726 2251/2567/893 2518/2864/896
f 1273/1527/2729 1272/1526/2728 215/282/785 188/249/788
f 1274/1528/2731 2152/2454/2730 2153/2455/681 381/478/684
f 1275/1529/2732 1274/1528/2731 381/478/684 994/1227/1333
f 1276/1530/2733 1275/1529/2732 994/1227/1333 104/145/2337
s 3
f 104/145/444 940/1167/443 1277/1531/2735 1276/1530/2734
f 1278/1532/2736 1277/1531/2735 940/1167/443 103/143/2257
s 68
f 103/144/440 102/142/438 1279/1534/2738 1278/1533/2737
f 102/142/438 101/141/437 1280/1535/2739 1279/1534/2738
s 69
f 1513/1785/2366 1012/1247/434 1281/1536/2741 1512/1784/2740
f 1012/1247/434 100/140/433 1282/1537/2742 1281/1536/2741
s 70
f 100/140/430 99/139/428 1283/1538/2744 1282/1537/2743
f 99/139/428 98/137/427 1284/1539/2745 1283/1538/2744
s 3
f 98/138/424 1836/2117/423 1837/2118/2747 1284/1540/2746
s 95
f 97/136/2307 972/1202/1368 1286/1543/2749 1285/1542/2748
f 972/1202/1368 396/496/1367 1235/1487/2670 1286/1543/2749
f 1351/1613/2765 2091/2382/2766 2092/2383/748 1287/1544/747
s 270
usemtl lambert5SG
f 1416/1683/1241 1288/1545/1240 1352/1614/2767 1415/1682/2768
s 196
f 1290/1547/853 1289/1546/852 1353/1615/2769 1354/1616/2770
s 272
f 1355/1617/2771 1291/1548/1247 1419/1686/1250 1420/1687/2772
s 220
usemtl lambert4SG
f 2190/2495/961 2579/2936/960 2580/2937/2773 2189/2494/2774
s 274
usemtl lambert5SG
f 1293/1550/1257 1292/1549/1256 1356/1618/2775 1357/1619/2776
f 1424/1691/1287 1293/1550/1257 1357/1619/2776 1423/1690/2777
s 221
f 1295/1552/1019 1294/1551/1018 1358/1620/2778 1359/1621/2779
s 276
f 1360/1622/2780 1296/1553/1266 1427/1694/1292 1428/1695/2781
f 1361/1623/2782 1297/1554/1263 1296/1553/1266 1360/1622/2780
s 72
usemtl lambert4SG
f 2386/2719/315 1297/1554/314 1361/1623/2783 2385/2718/2784
f 1362/1624/2785 2287/2606/2786 2288/2607/1124 1298/1555/1123
s 281
usemtl lambert5SG
f 1300/1557/1285 1299/1556/1284 1363/1625/2787 1364/1626/2788
f 1301/1558/1301 1300/1557/1285 1364/1626/2788 1365/1627/2789
f 1432/1699/1309 1301/1558/1301 1365/1627/2789 1431/1698/2790
s 268
f 1366/1628/2791 1367/1629/2792 1303/1560/1232 1302/1559/1231
s 279
f 1368/1630/2793 1304/1561/1298 1435/1702/1306 1436/1703/2794
f 1369/1631/2795 1305/1562/1278 1304/1561/1298 1368/1630/2793
f 1370/1632/2796 1306/1563/1275 1305/1562/1278 1369/1631/2795
s 73
usemtl lambert4SG
f 2677/3044/2797 1371/1633/2798 1307/1564/317 2676/3043/1887
f 1371/1633/2798 1372/1634/2799 1308/1565/318 1307/1564/317
s 74
usemtl lambert5SG
f 1372/1634/2800 1373/1635/2801 1309/1566/2494 1308/1565/2493
f 2028/2317/2802 1374/1636/2803 1310/1567/322 2027/2316/321
f 1938/2223/2804 1375/1637/2805 1311/1568/1960 1937/2222/1959
f 1312/1569/325 1311/1568/1960 1375/1637/2805 1376/1638/2806
f 1376/1638/2806 1377/1639/2807 1313/1570/326 1312/1569/325
s 2
f 1377/1640/2808 1378/1641/2809 1314/1572/2168 1313/1571/2167
f 1378/1641/2809 1379/1642/2810 1315/1573/329 1314/1572/2168
f 1379/1642/2810 1380/1643/2811 1316/1574/330 1315/1573/329
s 1
f 1380/1643/2812 1381/1644/2813 1317/1575/334 1316/1574/333
f 1318/1576/2042 1317/1575/334 1381/1644/2813 1382/1645/2814
f 1972/2259/2043 1318/1576/2042 1382/1645/2814 1971/2258/2815
f 1383/1646/2816 2061/2352/2817 2062/2353/338 1319/1577/337
f 1321/1579/2583 1320/1578/2582 1384/1647/2818 1385/1648/2819
f 1809/2089/2820 1386/1649/2821 1322/1580/342 1808/2088/341
f 1386/1649/2821 1387/1650/2822 1323/1581/345 1322/1580/342
f 1539/1813/2398 1323/1581/345 1387/1650/2822 1538/1812/2823
f 1388/1651/2824 1389/1652/2825 1325/1583/273 1324/1582/2228
f 1389/1652/2825 1390/1653/2826 1326/1584/274 1325/1583/273
s 4
f 1390/1654/2827 1391/1655/2828 1327/1586/278 1326/1585/277
f 1328/1587/2185 1327/1586/278 1391/1655/2828 1392/1656/2829
f 1329/1588/281 1328/1587/2185 1392/1656/2829 1393/1657/2830
usemtl lambert4SG
f 1393/1657/2830 1394/1658/2831 1330/1589/282 1329/1588/281
f 2611/2971/1906 1330/1589/282 1394/1658/2831 2610/2970/2832
f 1332/1591/1163 1331/1590/1162 1395/1659/2833 1396/1660/2834
f 1333/1592/1055 2353/2683/1054 2354/2684/2835 1397/1661/2836
f 2452/2792/2837 1398/1662/2838 1334/1593/286 2451/2791/285
f 1335/1594/982 1334/1593/286 1398/1662/2838 1399/1663/2839
f 2514/2860/891 2255/2571/890 2256/2572/2840 2513/2859/2841
f 1337/1596/783 1336/1595/782 1400/1664/2842 1401/1665/2843
f 1338/1597/679 2157/2459/678 2158/2460/2844 1402/1666/2845
f 1339/1598/1330 1338/1597/679 1402/1666/2845 1403/1667/2846
f 1340/1599/2333 1339/1598/1330 1403/1667/2846 1404/1668/2847
s 3
f 1404/1668/2848 1405/1669/2849 1341/1600/290 1340/1599/289
f 1342/1601/2253 1341/1600/290 1405/1669/2849 1406/1670/2850
s 68
f 1406/1671/2851 1407/1672/2852 1343/1603/294 1342/1602/293
f 1407/1672/2852 1408/1673/2853 1344/1604/297 1343/1603/294
s 69
f 1518/1790/2854 1409/1674/2855 1345/1605/299 1517/1789/2369
f 1409/1674/2855 1410/1675/2856 1346/1606/300 1345/1605/299
s 70
f 1410/1675/2857 1411/1676/2858 1347/1607/304 1346/1606/303
f 1411/1676/2858 1412/1677/2859 1348/1608/307 1347/1607/304
s 3
f 1412/1678/2860 1831/2112/2861 1832/2113/310 1348/1609/309
s 95
f 1413/1680/2862 1414/1681/2863 1350/1612/1311 1349/1611/2310
f 1414/1681/2863 1351/1613/2765 1287/1544/747 1350/1612/1311
f 370/464/2864 2188/2493/2865 2091/2382/2766 1351/1613/2765
s 270
f 1422/1689/2866 1415/1682/2768 1352/1614/2767 177/235/2867
s 196
f 1354/1616/2770 1353/1615/2769 346/440/2868 347/441/2869
s 272
f 232/302/2870 1355/1617/2771 1420/1687/2772 1421/1688/2871
s 220
f 2286/2605/2872 2189/2494/2774 2580/2937/2773 2483/2826/2873
s 274
f 1357/1619/2776 1356/1618/2775 260/336/2874 350/444/2875
f 1430/1697/2876 1423/1690/2777 1357/1619/2776 350/444/2875
s 221
f 1359/1621/2779 1358/1620/2778 358/452/2877 359/453/2878
s 276
f 351/445/2879 1360/1622/2780 1428/1695/2781 1429/1696/2880
f 288/370/2881 1361/1623/2782 1360/1622/2780 351/445/2879
s 72
f 2482/2825/2882 2385/2718/2784 1361/1623/2783 288/370/2883
f 65/94/2884 2384/2717/2885 2287/2606/2786 1362/1624/2785
s 281
f 1364/1626/2788 1363/1625/2787 316/404/2886 354/447/2887
f 1365/1627/2789 1364/1626/2788 354/447/2887 362/455/2888
f 1438/1705/2889 1431/1698/2790 1365/1627/2789 362/455/2888
s 268
f 366/459/2890 365/460/2891 1367/1629/2792 1366/1628/2791
s 279
f 361/456/2892 1368/1630/2793 1436/1703/2794 1437/1704/2893
f 353/448/2894 1369/1631/2795 1368/1630/2793 361/456/2892
f 344/438/2895 1370/1632/2796 1369/1631/2795 353/448/2894
s 73
f 2678/3045/2896 680/883/2897 1371/1633/2798 2677/3044/2797
f 680/883/2897 83/118/2898 1372/1634/2799 1371/1633/2798
s 74
usemtl lambert5SG
f 83/118/2899 1079/1318/2900 1373/1635/2801 1372/1634/2800
f 2029/2318/2901 84/119/2902 1374/1636/2803 2028/2317/2802
f 1939/2224/2903 877/1101/2904 1375/1637/2805 1938/2223/2804
f 1376/1638/2806 1375/1637/2805 877/1101/2904 719/929/2905
f 719/929/2905 73/106/2906 1377/1639/2807 1376/1638/2806
s 2
f 73/105/202 783/997/2170 1378/1641/2809 1377/1640/2808
f 783/997/2170 817/1035/7 1379/1642/2810 1378/1641/2809
f 817/1035/7 4/4/6 1380/1643/2811 1379/1642/2810
s 1
f 4/4/3 742/954/2 1381/1644/2813 1380/1643/2812
f 1382/1645/2814 1381/1644/2813 742/954/2 852/1074/2039
f 1971/2258/2815 1382/1645/2814 852/1074/2039 1970/2257/2038
f 17/27/51 2060/2351/50 2061/2352/2817 1383/1646/2816
f 1385/1648/2819 1384/1647/2818 1106/1347/2579 64/93/2578
f 1810/2090/183 70/101/182 1386/1649/2821 1809/2089/2820
f 70/101/182 1034/1271/194 1387/1650/2822 1386/1649/2821
f 1538/1812/2823 1387/1650/2822 1034/1271/194 1537/1811/2397
f 41/63/2229 921/1147/127 1389/1652/2825 1388/1651/2824
f 921/1147/127 2/2/126 1390/1653/2826 1389/1652/2825
s 4
f 2/10/15 825/1045/14 1391/1655/2828 1390/1654/2827
f 1392/1656/2829 1391/1655/2828 825/1045/14 791/1007/2182
f 1393/1657/2830 1392/1656/2829 791/1007/2182 80/115/225
usemtl lambert4SG
f 80/115/225 689/895/224 1394/1658/2831 1393/1657/2830
f 2610/2970/2832 1394/1658/2831 689/895/224 2609/2969/1905
f 1396/1660/2834 1395/1659/2833 325/416/1159 297/382/1158
f 1397/1661/2836 2354/2684/2835 2355/2685/1051 12/20/1050
f 2453/2793/31 269/348/30 1398/1662/2838 2452/2792/2837
f 1399/1663/2839 1398/1662/2838 269/348/30 241/314/981
f 2513/2859/2841 2256/2572/2840 2257/2573/887 2512/2858/886
f 1401/1665/2843 1400/1664/2842 213/280/779 186/247/778
f 1402/1666/2845 2158/2460/2844 2159/2461/675 379/476/674
f 1403/1667/2846 1402/1666/2845 379/476/674 990/1223/1329
f 1404/1668/2847 1403/1667/2846 990/1223/1329 8/8/2332
s 3
f 8/8/115 936/1163/114 1405/1669/2849 1404/1668/2848
f 1406/1670/2850 1405/1669/2849 936/1163/114 37/57/2252
s 68
f 37/58/2907 42/64/2908 1407/1672/2852 1406/1671/2851
f 42/64/2908 81/116/2909 1408/1673/2853 1407/1672/2852
s 69
f 1519/1791/2910 1016/1251/2911 1409/1674/2855 1518/1790/2854
f 1016/1251/2911 82/117/2912 1410/1675/2856 1409/1674/2855
s 70
f 82/117/2913 71/102/2914 1411/1676/2858 1410/1675/2857
f 71/102/2914 72/104/2915 1412/1677/2859 1411/1676/2858
s 3
f 72/103/188 1830/2111/187 1831/2112/2861 1412/1678/2860
s 95
f 66/96/2916 976/1206/2917 1414/1681/2863 1413/1680/2862
f 976/1206/2917 370/464/2864 1351/1613/2765 1414/1681/2863
s 270
usemtl lambert5SG
f 1289/1546/2918 1416/1683/1241 1415/1682/2768 1353/1615/2919
usemtl lambert4SG
f 1417/1684/1242 1416/1683/1241 1289/1546/2918 345/439/2920
s off
f 1418/1685/1254 1417/1684/1253 345/439/2921 348/442/2922
s 272
f 1419/1686/1250 1418/1685/1249 348/442/2923 1290/1547/2924
usemtl lambert5SG
f 1420/1687/2772 1419/1686/1250 1290/1547/2924 1354/1616/2925
usemtl lambert4SG
f 1421/1688/2871 1420/1687/2772 1354/1616/2925 347/441/2926
s 271
f 1422/1689/1246 1421/1688/1245 347/441/2927 346/440/2928
s 270
f 1353/1615/2919 1415/1682/2768 1422/1689/2866 346/440/2929
s 274
usemtl lambert5SG
f 1294/1551/2930 1424/1691/1287 1423/1690/2777 1358/1620/2931
usemtl lambert4SG
f 1425/1692/1288 1424/1691/1287 1294/1551/2930 357/451/2932
s 277
f 1426/1693/1294 1425/1692/1293 357/451/2933 360/454/2934
s 276
f 1427/1694/1292 1426/1693/1291 360/454/2935 1295/1552/2936
usemtl lambert5SG
f 1428/1695/2781 1427/1694/1292 1295/1552/2936 1359/1621/2937
usemtl lambert4SG
f 1429/1696/2880 1428/1695/2781 1359/1621/2937 359/453/2938
s 275
f 1430/1697/1290 1429/1696/1289 359/453/2939 358/452/2940
s 274
f 1358/1620/2931 1423/1690/2777 1430/1697/2876 358/452/2941
s 281
usemtl lambert5SG
f 1302/1559/2942 1432/1699/1309 1431/1698/2790 1366/1628/2943
usemtl lambert4SG
f 1433/1700/1310 1432/1699/1309 1302/1559/2942 368/462/2944
s 280
f 1434/1701/1308 1433/1700/1307 368/462/2945 367/461/2946
s 279
f 1435/1702/1306 1434/1701/1305 367/461/2947 1303/1560/2948
usemtl lambert5SG
f 1436/1703/2794 1435/1702/1306 1303/1560/2948 1367/1629/2949
usemtl lambert4SG
f 1437/1704/2893 1436/1703/2794 1367/1629/2949 365/460/2950
s 278
f 1438/1705/1304 1437/1704/1303 365/460/2951 366/459/2952
s 281
f 1366/1628/2943 1431/1698/2790 1438/1705/2889 366/459/2953
s 41
f 44/67/2954 45/69/2955 1440/1708/2956 1439/1706/2957
f 45/69/2955 90/127/2958 1441/1709/2959 1440/1708/2956
s 69
f 1176/1421/2960 1442/1710/2961 2711/3081/2962 2712/3082/2963
f 141/191/2964 1443/1711/2965 1442/1710/2961 1176/1421/2960
f 494/634/2966 1444/1712/2967 1443/1711/2965 141/191/2964
f 532/681/2968 1445/1713/2969 1444/1712/2967 494/634/2966
f 161/216/2970 1446/1714/2971 1445/1713/2969 532/681/2968
f 1228/1478/2972 1447/1715/2973 1446/1714/2971 161/216/2970
f 1280/1535/2974 1448/1716/2975 1447/1715/2973 1228/1478/2972
f 101/141/2976 1449/1717/2977 1448/1716/2975 1280/1535/2974
f 570/726/2978 1450/1718/2979 1449/1717/2977 101/141/2976
f 608/771/2980 1451/1719/2981 1450/1718/2979 570/726/2978
f 121/166/2982 1452/1720/2983 1451/1719/2981 608/771/2980
f 1344/1604/2984 1453/1721/2985 1452/1720/2983 121/166/2982
f 1408/1673/2986 1454/1722/2987 1453/1721/2985 1344/1604/2984
f 81/116/2988 1455/1723/2989 1454/1722/2987 1408/1673/2986
s 46
f 1456/1724/2990 1455/1723/2991 81/116/2992 42/64/2993
f 1457/1726/2994 1456/1724/2990 42/64/2993 37/58/2995
s 3
f 1770/2049/2996 1457/1725/2997 37/57/2252 1769/2048/2251
s 5
f 38/59/2329 987/1219/2250 1459/1729/2998 1458/1727/2999
f 987/1219/2250 377/473/2249 1460/1730/3000 1459/1729/2998
f 377/473/2249 2164/2467/2248 2165/2468/3001 1460/1730/3000
f 184/244/2247 211/277/2246 1462/1732/3002 1461/1731/3003
f 2507/2852/2245 2262/2579/2244 2263/2580/3004 2506/2851/3005
f 239/311/2243 267/345/2242 1464/1734/3006 1463/1733/3007
f 267/345/2242 2458/2799/2241 2459/2800/3008 1464/1734/3006
f 39/61/2240 2360/2691/2239 2361/2692/3009 1465/1735/3010
f 295/379/2238 323/413/2237 1467/1737/3011 1466/1736/3012
f 2604/2963/2236 687/892/2235 1468/1738/3013 2603/2962/3014
f 687/892/2235 78/112/2234 1469/1739/3015 1468/1738/3013
usemtl lambert6SG
f 78/112/2234 789/1004/2233 1470/1740/3016 1469/1739/3015
f 789/1004/2233 823/1042/2232 1471/1741/3017 1470/1740/3016
f 823/1042/2232 40/62/2231 1472/1742/3018 1471/1741/3017
s 1
usemtl lambert5SG
f 1751/2029/2230 41/63/2229 1473/1743/3019 1750/2028/3020
f 1388/1651/2824 1474/1744/3021 1473/1743/3019 41/63/2229
f 1324/1582/2228 1475/1745/3022 1474/1744/3021 1388/1651/2824
f 1476/1746/3023 1475/1745/3022 1324/1582/2228 128/175/2227
f 1477/1747/3024 1476/1746/3023 128/175/2227 594/755/2226
f 1478/1748/3025 1477/1747/3024 594/755/2226 556/710/2224
f 1479/1749/3026 1478/1748/3025 556/710/2224 108/150/2225
f 1260/1513/2710 1480/1750/3027 1479/1749/3026 108/150/2225
f 1208/1456/2223 1481/1751/3028 1480/1750/3027 1260/1513/2710
f 1482/1752/3029 1481/1751/3028 1208/1456/2223 168/225/2222
f 1483/1753/3030 1482/1752/3029 168/225/2222 518/665/2221
f 1484/1754/3031 1483/1753/3030 518/665/2221 480/618/2219
f 1485/1755/3032 1484/1754/3031 480/618/2219 148/200/2220
f 1156/1399/2217 1486/1756/3033 1485/1755/3032 148/200/2220
f 2739/3111/3034 1486/1756/3033 1156/1399/2217 2738/3110/2218
f 1650/1926/2216 47/71/2215 1488/1758/3035 1649/1925/3036
s 19
usemtl lambert6SG
f 47/71/2286 836/1057/2285 1489/1759/3037 1488/1758/3038
f 1490/1760/3039 1489/1759/3037 836/1057/2285 802/1019/2284
f 1491/1761/3040 1490/1760/3039 802/1019/2284 93/131/2283
usemtl lambert4SG
f 1492/1762/3041 1491/1761/3040 93/131/2283 700/907/2281
f 2629/2990/3042 1492/1762/3041 700/907/2281 2628/2989/2282
f 1494/1764/3043 1493/1763/3044 332/424/2279 304/390/2280
f 1495/1765/3045 2335/2664/3046 2336/2665/2277 48/72/2278
f 1496/1766/3047 2433/2772/3048 2434/2773/2276 276/356/2275
f 1497/1767/3049 1496/1766/3047 276/356/2275 248/322/2274
f 2532/2879/3050 2237/2552/3051 2238/2553/2273 2531/2878/2272
f 1499/1769/3052 1498/1768/3053 220/288/2271 193/255/2270
f 1500/1770/3054 2139/2440/3055 2140/2441/2269 386/484/2268
f 1501/1771/3056 1500/1770/3054 386/484/2268 1002/1236/2267
f 1502/1773/3057 1501/1771/3056 1002/1236/2267 43/66/2349
s 3
f 1669/1946/3058 1502/1772/3059 43/65/2266 1668/1945/2265
s 41
f 1439/1706/2957 1440/1708/2956 1504/1776/2356 1503/1774/2355
f 1440/1708/2956 1441/1709/2959 1505/1777/2357 1504/1776/2356
s 69
f 1442/1710/2961 1506/1778/2358 2710/3080/2359 2711/3081/2962
f 1443/1711/2965 1507/1779/2361 1506/1778/2358 1442/1710/2961
f 1444/1712/2967 1508/1780/2360 1507/1779/2361 1443/1711/2965
f 1445/1713/2969 1509/1781/2362 1508/1780/2360 1444/1712/2967
f 1446/1714/2971 1510/1782/2363 1509/1781/2362 1445/1713/2969
f 1447/1715/2973 1511/1783/2364 1510/1782/2363 1446/1714/2971
f 1448/1716/2975 1512/1784/2740 1511/1783/2364 1447/1715/2973
f 1449/1717/2977 1513/1785/2366 1512/1784/2740 1448/1716/2975
f 1450/1718/2979 1514/1786/2365 1513/1785/2366 1449/1717/2977
f 1451/1719/2981 1515/1787/2367 1514/1786/2365 1450/1718/2979
f 1452/1720/2983 1516/1788/2368 1515/1787/2367 1451/1719/2981
f 1453/1721/2985 1517/1789/2369 1516/1788/2368 1452/1720/2983
f 1454/1722/2987 1518/1790/2854 1517/1789/2369 1453/1721/2985
f 1455/1723/2989 1519/1791/2910 1518/1790/2854 1454/1722/2987
s 46
f 1520/1792/2371 1519/1791/2370 1455/1723/2991 1456/1724/2990
f 1521/1794/2372 1520/1792/2371 1456/1724/2990 1457/1726/2994
s 3
f 1771/2050/2374 1521/1793/2373 1457/1725/2997 1770/2049/2996
s 5
f 1458/1727/2999 1459/1729/2998 1523/1797/2376 1522/1795/2375
f 1459/1729/2998 1460/1730/3000 1524/1798/2377 1523/1797/2376
f 1460/1730/3000 2165/2468/3001 2166/2469/2378 1524/1798/2377
f 1461/1731/3003 1462/1732/3002 1526/1800/2380 1525/1799/2379
f 2506/2851/3005 2263/2580/3004 2264/2581/2382 2505/2850/2381
f 1463/1733/3007 1464/1734/3006 1528/1802/2384 1527/1801/2383
f 1464/1734/3006 2459/2800/3008 2460/2801/2385 1528/1802/2384
f 1465/1735/3010 2361/2692/3009 2362/2693/2387 1529/1803/2386
f 1466/1736/3012 1467/1737/3011 1531/1805/2389 1530/1804/2388
f 2603/2962/3014 1468/1738/3013 1532/1806/2391 2602/2961/2390
f 1468/1738/3013 1469/1739/3015 1533/1807/2392 1532/1806/2391
usemtl lambert6SG
f 1469/1739/3015 1470/1740/3016 1534/1808/2393 1533/1807/2392
f 1470/1740/3016 1471/1741/3017 1535/1809/2394 1534/1808/2393
f 1471/1741/3017 1472/1742/3018 1536/1810/2395 1535/1809/2394
s 1
usemtl lambert5SG
f 1750/2028/3020 1473/1743/3019 1537/1811/2397 1749/2027/2396
f 1474/1744/3021 1538/1812/2823 1537/1811/2397 1473/1743/3019
f 1475/1745/3022 1539/1813/2398 1538/1812/2823 1474/1744/3021
f 1540/1814/2399 1539/1813/2398 1475/1745/3022 1476/1746/3023
f 1541/1815/2400 1540/1814/2399 1476/1746/3023 1477/1747/3024
f 1542/1816/2401 1541/1815/2400 1477/1747/3024 1478/1748/3025
f 1543/1817/2402 1542/1816/2401 1478/1748/3025 1479/1749/3026
f 1480/1750/3027 1544/1818/2709 1543/1817/2402 1479/1749/3026
f 1481/1751/3028 1545/1819/2403 1544/1818/2709 1480/1750/3027
f 1546/1820/2404 1545/1819/2403 1481/1751/3028 1482/1752/3029
f 1547/1821/2405 1546/1820/2404 1482/1752/3029 1483/1753/3030
f 1548/1822/2406 1547/1821/2405 1483/1753/3030 1484/1754/3031
f 1549/1823/2407 1548/1822/2406 1484/1754/3031 1485/1755/3032
f 1486/1756/3033 1550/1824/2408 1549/1823/2407 1485/1755/3032
f 2740/3112/2409 1550/1824/2408 1486/1756/3033 2739/3111/3034
f 1649/1925/3036 1488/1758/3035 1552/1826/2411 1648/1924/2410
s 19
usemtl lambert6SG
f 1488/1758/3038 1489/1759/3037 1553/1827/2413 1552/1826/2412
f 1554/1828/2414 1553/1827/2413 1489/1759/3037 1490/1760/3039
f 1555/1829/2415 1554/1828/2414 1490/1760/3039 1491/1761/3040
usemtl lambert4SG
f 1556/1830/2416 1555/1829/2415 1491/1761/3040 1492/1762/3041
f 2630/2991/2417 1556/1830/2416 1492/1762/3041 2629/2990/3042
f 1558/1832/2419 1557/1831/2418 1493/1763/3044 1494/1764/3043
f 1559/1833/2421 2334/2663/2420 2335/2664/3046 1495/1765/3045
f 1560/1834/2423 2432/2771/2422 2433/2772/3048 1496/1766/3047
f 1561/1835/2424 1560/1834/2423 1496/1766/3047 1497/1767/3049
f 2533/2880/2426 2236/2551/2425 2237/2552/3051 2532/2879/3050
f 1563/1837/2428 1562/1836/2427 1498/1768/3053 1499/1769/3052
f 1564/1838/2430 2138/2439/2429 2139/2440/3055 1500/1770/3054
f 1565/1839/2431 1564/1838/2430 1500/1770/3054 1501/1771/3056
f 1566/1841/2432 1565/1839/2431 1501/1771/3056 1502/1773/3057
s 3
f 1670/1947/2433 1566/1840/2434 1502/1772/3059 1669/1946/3058
f 56/84/3060 1568/1843/3061 1567/1842/3062 1005/1240/3063
f 1776/2055/3064 1777/2056/3065 1568/1843/3061 56/84/3060
f 1059/1298/3066 1570/1845/3067 1569/1844/3068 50/76/3069
f 32/38/3070 1571/1846/3071 2003/2291/3072 2004/2293/3073
f 896/1121/3074 1572/1847/3075 1913/2197/3076 1914/2199/3077
f 764/978/3078 1573/1848/3079 1572/1847/3075 896/1121/3074
f 23/35/3080 1574/1849/3081 1573/1848/3079 764/978/3078
s 2
f 963/1193/3082 1575/1850/3083 1574/1849/3084 23/35/3085
f 391/491/3086 1576/1851/3087 1575/1850/3083 963/1193/3082
f 2123/2423/3088 2124/2424/3089 1576/1851/3087 391/491/3086
f 225/295/3090 1578/1853/3091 1577/1852/3092 198/262/3093
f 2221/2535/3094 2222/2536/3095 2547/2895/3096 2548/2897/3097
f 281/363/3098 1580/1855/3099 1579/1854/3100 253/329/3101
f 2417/2755/3102 2418/2756/3103 1580/1855/3099 281/363/3098
f 2319/2647/3104 2320/2648/3105 1581/1856/3106 28/34/3107
f 337/431/3108 1583/1858/3109 1582/1857/3110 309/397/3111
f 705/914/3112 1584/1859/3113 2644/3006/3114 2645/3008/3115
f 86/123/3116 1585/1860/3117 1584/1859/3113 705/914/3112
usemtl lambert5SG
f 808/1026/3118 1586/1861/3119 1585/1860/3117 86/123/3116
f 842/1064/3120 1587/1862/3121 1586/1861/3119 808/1026/3118
f 21/32/3122 1588/1863/3123 1587/1862/3121 842/1064/3120
s 1
f 751/963/3124 1589/1864/3125 1588/1863/3126 21/32/3127
f 843/1065/3128 1590/1865/3129 1589/1864/3125 751/963/3124
f 1984/2271/3130 1985/2272/3131 1590/1865/3129 843/1065/3128
f 2074/2365/3132 2075/2366/3133 1591/1866/3134 34/29/3135
f 52/78/3136 1593/1868/3137 1592/1867/3138 1115/1356/3139
f 58/86/3140 1594/1869/3141 1795/2075/3142 1796/2076/3143
f 1043/1280/3144 1595/1870/3145 1594/1869/3141 58/86/3140
f 1551/1825/3146 1596/1871/3147 1595/1870/3145 1043/1280/3144
f 1487/1757/3148 1597/1872/3149 1596/1871/3147 1551/1825/3146
f 46/70/3150 1598/1873/3151 1597/1872/3149 1487/1757/3148
f 912/1138/3152 1599/1874/3153 1598/1873/3151 46/70/3150
f 19/53/3154 1600/1875/3155 1599/1874/3153 912/1138/3152
s 4
f 834/1054/3156 1601/1877/3157 1600/1876/3158 19/42/3159
f 800/1016/3160 1602/1878/3161 1601/1877/3157 834/1054/3156
f 91/128/3162 1603/1879/3163 1602/1878/3161 800/1016/3160
usemtl lambert4SG
f 698/904/3164 1604/1880/3165 1603/1879/3163 91/128/3162
f 2623/2983/3166 2624/2984/3167 1604/1880/3165 698/904/3164
f 302/387/3168 1606/1882/3169 1605/1881/3170 330/421/3171
f 29/39/3172 1607/1883/3173 2340/2670/3174 2341/2671/3175
f 274/353/3176 1608/1884/3177 2438/2778/3178 2439/2779/3179
f 246/319/3180 1609/1885/3181 1608/1884/3177 274/353/3176
f 2526/2872/3182 2527/2873/3183 2242/2558/3184 2243/2559/3185
f 191/252/3186 1611/1887/3187 1610/1886/3188 218/285/3189
f 384/481/3190 1612/1888/3191 2144/2446/3192 2145/2447/3193
f 999/1232/3194 1613/1889/3195 1612/1888/3191 384/481/3190
f 25/49/3196 1614/1890/3197 1613/1889/3195 999/1232/3194
s 3
f 945/1172/3198 1615/1891/3199 1614/1890/3200 25/49/3201
f 44/68/3202 1616/1892/3203 1615/1891/3199 945/1172/3198
f 1439/1707/3204 1617/1893/3205 1616/1892/3203 44/68/3202
f 1503/1775/3206 1618/1894/3207 1617/1893/3205 1439/1707/3204
f 1005/1240/3063 1567/1842/3062 1618/1894/3207 1503/1775/3206
f 1568/1843/3061 1620/1896/148 1619/1895/162 1567/1842/3062
f 1777/2056/3065 1778/2057/145 1620/1896/148 1568/1843/3061
f 1570/1845/3067 1622/1898/2651 1621/1897/2654 1569/1844/3068
f 1571/1846/3071 1623/1899/93 2002/2290/96 2003/2291/3072
f 1572/1847/3075 1624/1900/2107 1912/2196/2110 1913/2197/3076
f 1573/1848/3079 1625/1901/68 1624/1900/2107 1572/1847/3075
f 1574/1849/3081 1626/1902/65 1625/1901/68 1573/1848/3079
s 2
f 1575/1850/3083 1627/1903/1352 1626/1902/2292 1574/1849/3084
f 1576/1851/3087 1628/1904/722 1627/1903/1352 1575/1850/3083
f 2124/2424/3089 2125/2425/719 1628/1904/722 1576/1851/3087
f 1578/1853/3091 1630/1906/823 1629/1905/826 1577/1852/3092
f 2222/2536/3095 2223/2537/931 2546/2894/934 2547/2895/3096
f 1580/1855/3099 1632/1908/80 1631/1907/1004 1579/1854/3100
f 2418/2756/3103 2419/2757/77 1632/1908/80 1580/1855/3099
f 2320/2648/3105 2321/2649/1095 1633/1909/1098 1581/1856/3106
f 1583/1858/3109 1635/1911/1203 1634/1910/1206 1582/1857/3110
f 1584/1859/3113 1636/1912/240 2643/3005/1930 2644/3006/3114
f 1585/1860/3117 1637/1913/237 1636/1912/240 1584/1859/3113
usemtl lambert5SG
f 1586/1861/3119 1638/1914/2209 1637/1913/237 1585/1860/3117
f 1587/1862/3121 1639/1915/64 1638/1914/2209 1586/1861/3119
f 1588/1863/3123 1640/1916/61 1639/1915/64 1587/1862/3121
s 1
f 1589/1864/3125 1641/1917/57 1640/1916/60 1588/1863/3126
f 1590/1865/3129 1642/1918/2068 1641/1917/57 1589/1864/3125
f 1985/2272/3131 1986/2273/2065 1642/1918/2068 1590/1865/3129
f 2075/2366/3133 2076/2367/101 1643/1919/104 1591/1866/3134
f 1593/1868/3137 1645/1921/2605 1644/1920/2608 1592/1867/3138
f 1594/1869/3141 1646/1922/149 1794/2074/152 1795/2075/3142
f 1595/1870/3145 1647/1923/167 1646/1922/149 1594/1869/3141
f 1596/1871/3147 1648/1924/2410 1647/1923/167 1595/1870/3145
f 1597/1872/3149 1649/1925/3036 1648/1924/2410 1596/1871/3147
f 1598/1873/3151 1650/1926/2216 1649/1925/3036 1597/1872/3149
f 1599/1874/3153 1651/1927/136 1650/1926/2216 1598/1873/3151
f 1600/1875/3155 1652/1928/133 1651/1927/136 1599/1874/3153
s 4
f 1601/1877/3157 1653/1930/69 1652/1929/72 1600/1876/3158
f 1602/1878/3161 1654/1931/2197 1653/1930/69 1601/1877/3157
f 1603/1879/3163 1655/1932/254 1654/1931/2197 1602/1878/3161
usemtl lambert4SG
f 1604/1880/3165 1656/1933/251 1655/1932/254 1603/1879/3163
f 2624/2984/3167 2625/2985/1918 1656/1933/251 1604/1880/3165
f 1606/1882/3169 1658/1935/1181 1657/1934/1184 1605/1881/3170
f 1607/1883/3173 1659/1936/1073 2339/2669/1076 2340/2670/3174
f 1608/1884/3177 1660/1937/85 2437/2777/88 2438/2778/3178
f 1609/1885/3181 1661/1938/992 1660/1937/85 1608/1884/3177
f 2527/2873/3183 2528/2874/909 2241/2557/912 2242/2558/3184
f 1611/1887/3187 1663/1940/801 1662/1939/804 1610/1886/3188
f 1612/1888/3191 1664/1941/697 2143/2445/700 2144/2446/3192
f 1613/1889/3195 1665/1942/1340 1664/1941/697 1612/1888/3191
f 1614/1890/3197 1666/1943/2345 1665/1942/1340 1613/1889/3195
s 3
f 1615/1891/3199 1667/1944/129 1666/1943/132 1614/1890/3200
f 1616/1892/3203 1668/1945/2265 1667/1944/129 1615/1891/3199
f 1617/1893/3205 1669/1946/3058 1668/1945/2265 1616/1892/3203
f 1618/1894/3207 1670/1947/2433 1669/1946/3058 1617/1893/3205
f 1618/1894/3207 1567/1842/3062 1619/1895/162 1670/1947/2433
f 1091/1332/3208 1672/1949/3209 1671/1948/3210 61/90/3211
f 14/24/3212 1673/1950/3213 2042/2332/3214 2043/2334/3215
f 866/1089/3216 1674/1951/3217 1952/2238/3218 1953/2240/3219
f 730/942/3220 1675/1952/3221 1674/1951/3217 866/1089/3216
f 5/5/3222 1676/1953/3223 1675/1952/3221 730/942/3220
s 2
f 981/1213/3224 1677/1954/3225 1676/1953/3226 5/5/3227
f 373/469/3228 1678/1955/3229 1677/1954/3225 981/1213/3224
f 2178/2482/3230 2179/2483/3231 1678/1955/3229 373/469/3228
f 207/273/3232 1680/1957/3233 1679/1956/3234 180/240/3235
f 2276/2594/3236 2277/2595/3237 2492/2836/3238 2493/2838/3239
f 263/341/3240 1682/1959/3241 1681/1958/3242 235/307/3243
f 2472/2814/3244 2473/2815/3245 1682/1959/3241 263/341/3240
f 2374/2706/3246 2375/2707/3247 1683/1960/3248 10/17/3249
f 319/409/3250 1685/1962/3251 1684/1961/3252 291/375/3253
f 683/888/3254 1686/1963/3255 2589/2947/3256 2590/2949/3257
f 74/108/3258 1687/1964/3259 1686/1963/3255 683/888/3254
usemtl lambert5SG
f 784/999/3260 1688/1965/3261 1687/1964/3259 74/108/3258
f 818/1037/3262 1689/1966/3263 1688/1965/3261 784/999/3260
f 3/3/3264 1690/1967/3265 1689/1966/3263 818/1037/3262
s 1
f 741/953/3266 1691/1968/3267 1690/1967/3268 3/3/3269
f 853/1075/3270 1692/1969/3271 1691/1968/3267 741/953/3266
f 1967/2254/3272 1968/2255/3273 1692/1969/3271 853/1075/3270
f 2057/2348/3274 2058/2349/3275 1693/1970/3276 16/26/3277
f 63/92/3278 1695/1972/3279 1694/1971/3280 1105/1346/3281
f 69/100/3282 1696/1973/3283 1812/2092/3284 1813/2093/3285
f 1033/1270/3286 1697/1974/3287 1696/1973/3283 69/100/3282
f 1536/1810/3288 1698/1975/3289 1697/1974/3287 1033/1270/3286
f 1472/1742/3290 1699/1976/3291 1698/1975/3289 1536/1810/3288
f 40/62/3292 1700/1977/3293 1699/1976/3291 1472/1742/3290
f 922/1148/3294 1701/1978/3295 1700/1977/3293 40/62/3292
f 1/1/3296 1702/1979/3297 1701/1978/3295 922/1148/3294
s 4
f 824/1044/3298 1703/1981/3299 1702/1980/3300 1/9/3301
f 790/1006/3302 1704/1982/3303 1703/1981/3299 824/1044/3298
f 79/114/3304 1705/1983/3305 1704/1982/3303 790/1006/3302
usemtl lambert4SG
f 688/894/3306 1706/1984/3307 1705/1983/3305 79/114/3304
f 2606/2966/3308 2607/2967/3309 1706/1984/3307 688/894/3306
f 296/381/3310 1708/1986/3311 1707/1985/3312 324/415/3313
f 11/19/3314 1709/1987/3315 2357/2687/3316 2358/2689/3317
f 268/347/3318 1710/1988/3319 2455/2795/3320 2456/2797/3321
f 240/313/3322 1711/1989/3323 1710/1988/3319 268/347/3318
f 2509/2855/3324 2510/2856/3325 2259/2575/3326 2260/2577/3327
f 185/246/3328 1713/1991/3329 1712/1990/3330 212/279/3331
f 378/475/3332 1714/1992/3333 2161/2463/3334 2162/2465/3335
f 989/1222/3336 1715/1993/3337 1714/1992/3333 378/475/3332
f 7/7/3338 1716/1994/3339 1715/1993/3337 989/1222/3336
s 3
f 935/1162/3340 1717/1995/3341 1716/1994/3342 7/7/3343
f 38/60/3344 1718/1996/3345 1717/1995/3341 935/1162/3340
f 1458/1728/3346 1719/1997/3347 1718/1996/3345 38/60/3344
f 1522/1796/3348 1720/1998/3349 1719/1997/3347 1458/1728/3346
f 1019/1256/3350 1721/1999/3351 1720/1998/3349 1522/1796/3348
f 67/98/3352 1722/2000/3353 1721/1999/3351 1019/1256/3350
f 1827/2108/3354 1828/2109/3355 1722/2000/3353 67/98/3352
f 1673/1950/3213 1724/2002/37 2041/2331/40 2042/2332/3214
f 1674/1951/3217 1725/2003/1995 1951/2237/1998 1952/2238/3218
f 1675/1952/3221 1726/2004/12 1725/2003/1995 1674/1951/3217
f 1676/1953/3223 1727/2005/9 1726/2004/12 1675/1952/3221
s 2
f 1677/1954/3225 1728/2006/1318 1727/2005/2318 1676/1953/3226
f 1678/1955/3229 1729/2007/654 1728/2006/1318 1677/1954/3225
f 2179/2483/3231 2180/2484/651 1729/2007/654 1678/1955/3229
f 1680/1957/3233 1731/2009/755 1730/2008/758 1679/1956/3234
f 2277/2595/3237 2278/2596/863 2491/2835/866 2492/2836/3238
f 1682/1959/3241 1733/2011/24 1732/2010/970 1681/1958/3242
f 2473/2815/3245 2474/2816/21 1733/2011/24 1682/1959/3241
f 2375/2707/3247 2376/2708/1027 1734/2012/1030 1683/1960/3248
f 1685/1962/3251 1736/2014/1135 1735/2013/1138 1684/1961/3252
f 1686/1963/3255 1737/2015/204 2588/2946/1894 2589/2947/3256
f 1687/1964/3259 1738/2016/201 1737/2015/204 1686/1963/3255
usemtl lambert5SG
f 1688/1965/3261 1739/2017/2169 1738/2016/201 1687/1964/3259
f 1689/1966/3263 1740/2018/8 1739/2017/2169 1688/1965/3261
f 1690/1967/3265 1741/2019/5 1740/2018/8 1689/1966/3263
s 1
f 1691/1968/3267 1742/2020/1 1741/2019/4 1690/1967/3268
f 1692/1969/3271 1743/2021/2040 1742/2020/1 1691/1968/3267
f 1968/2255/3273 1969/2256/2037 1743/2021/2040 1692/1969/3271
f 2058/2349/3275 2059/2350/49 1744/2022/52 1693/1970/3276
f 1695/1972/3279 1746/2024/2577 1745/2023/2580 1694/1971/3280
f 1696/1973/3283 1747/2025/181 1811/2091/184 1812/2092/3284
f 1697/1974/3287 1748/2026/193 1747/2025/181 1696/1973/3283
f 1698/1975/3289 1749/2027/2396 1748/2026/193 1697/1974/3287
f 1699/1976/3291 1750/2028/3020 1749/2027/2396 1698/1975/3289
f 1700/1977/3293 1751/2029/2230 1750/2028/3020 1699/1976/3291
f 1701/1978/3295 1752/2030/128 1751/2029/2230 1700/1977/3293
f 1702/1979/3297 1753/2031/125 1752/2030/128 1701/1978/3295
s 4
f 1703/1981/3299 1754/2033/13 1753/2032/16 1702/1980/3300
f 1704/1982/3303 1755/2034/2183 1754/2033/13 1703/1981/3299
f 1705/1983/3305 1756/2035/226 1755/2034/2183 1704/1982/3303
usemtl lambert4SG
f 1706/1984/3307 1757/2036/223 1756/2035/226 1705/1983/3305
f 2607/2967/3309 2608/2968/1904 1757/2036/223 1706/1984/3307
f 1708/1986/3311 1759/2038/1157 1758/2037/1160 1707/1985/3312
f 1709/1987/3315 1760/2039/1049 2356/2686/1052 2357/2687/3316
f 1710/1988/3319 1761/2040/29 2454/2794/32 2455/2795/3320
f 1711/1989/3323 1762/2041/980 1761/2040/29 1710/1988/3319
f 2510/2856/3325 2511/2857/885 2258/2574/888 2259/2575/3326
f 1713/1991/3329 1764/2043/777 1763/2042/780 1712/1990/3330
f 1714/1992/3333 1765/2044/673 2160/2462/676 2161/2463/3334
f 1715/1993/3337 1766/2045/1328 1765/2044/673 1714/1992/3333
f 1716/1994/3339 1767/2046/2331 1766/2045/1328 1715/1993/3337
s 3
f 1717/1995/3341 1768/2047/113 1767/2046/116 1716/1994/3342
f 1718/1996/3345 1769/2048/2251 1768/2047/113 1717/1995/3341
f 1719/1997/3347 1770/2049/2996 1769/2048/2251 1718/1996/3345
f 1720/1998/3349 1771/2050/2374 1770/2049/2996 1719/1997/3347
f 1721/1999/3351 1772/2051/200 1771/2050/2374 1720/1998/3349
f 1722/2000/3353 1773/2052/185 1772/2051/200 1721/1999/3351
f 1722/2000/3353 1828/2109/3355 1829/2110/186 1773/2052/185
f 1672/1949/3209 1723/2001/2532 1774/2053/2531 1671/1948/3210
f 1775/2054/496 1843/2124/3356 2704/3073/3357 2705/3074/497
f 1844/2125/3358 1845/2126/3359 1777/2056/3065 1776/2055/3064
f 1845/2126/3359 1846/2127/3360 1778/2057/145 1777/2056/3065
f 1846/2127/3360 1847/2128/3361 1779/2058/146 1778/2057/145
s 19
f 1847/2129/3362 1848/2130/3363 1780/2060/1346 1779/2059/2352
f 1848/2130/3363 1849/2131/3364 1781/2061/709 1780/2060/1346
f 1849/2131/3364 2134/2435/3365 2135/2436/710 1781/2061/709
f 1850/2132/3366 1851/2133/3367 1783/2063/814 1782/2062/813
f 2537/2884/3368 2232/2547/3369 2233/2548/922 2536/2883/921
f 1852/2134/3370 1853/2135/3371 1785/2065/157 1784/2064/998
f 1853/2135/3371 2428/2767/3372 2429/2768/158 1785/2065/157
f 2330/2659/3373 2331/2660/1085 1786/2066/1086 1854/2136/3374
f 1856/2138/3375 1788/2068/1193 1787/2067/1194 1855/2137/3376
f 1857/2139/3377 1789/2069/264 2633/2994/1924 2634/2995/3378
f 1858/2140/3379 1790/2070/263 1789/2069/264 1857/2139/3377
usemtl lambert6SG
f 1859/2141/3380 1791/2071/2202 1790/2070/263 1858/2140/3379
f 1860/2142/3381 1792/2072/155 1791/2071/2202 1859/2141/3380
f 1793/2073/156 1792/2072/155 1860/2142/3381 1861/2143/3382
s 1
usemtl lambert5SG
f 1794/2074/152 1793/2073/151 1861/2143/3383 1862/2144/3384
f 1795/2075/3142 1794/2074/152 1862/2144/3384 1863/2145/3385
f 1796/2076/3143 1795/2075/3142 1863/2145/3385 1864/2146/3386
f 1865/2147/3387 1797/2077/539 2743/3115/540 2744/3116/3388
f 1866/2148/3389 1798/2078/614 1797/2077/539 1865/2147/3387
f 1867/2149/3390 1799/2079/613 1798/2078/614 1866/2148/3389
f 1868/2150/3391 1800/2080/1663 1799/2079/613 1867/2149/3390
f 1869/2151/3392 1801/2081/392 1800/2080/1663 1868/2150/3391
f 1870/2152/3393 1802/2082/391 1801/2081/392 1869/2151/3392
f 1871/2153/3394 1803/2083/2706 1802/2082/391 1870/2152/3393
f 1872/2154/3395 1804/2084/466 1803/2083/2706 1871/2153/3394
f 1873/2155/3396 1805/2085/465 1804/2084/466 1872/2154/3395
f 1874/2156/3397 1806/2086/1756 1805/2085/465 1873/2155/3396
f 1875/2157/3398 1807/2087/344 1806/2086/1756 1874/2156/3397
f 1876/2158/3399 1808/2088/341 1807/2087/344 1875/2157/3398
f 1877/2159/3400 1809/2089/2820 1808/2088/341 1876/2158/3399
f 1878/2160/3401 1810/2090/183 1809/2089/2820 1877/2159/3400
f 1811/2091/184 1810/2090/183 1878/2160/3401 1879/2161/3402
f 1812/2092/3284 1811/2091/184 1879/2161/3402 1880/2162/3403
f 1813/2093/3285 1812/2092/3284 1880/2162/3403 1881/2163/3404
s 5
usemtl lambert6SG
f 1814/2094/180 1813/2093/179 1881/2163/3405 1882/2164/3406
f 1815/2095/2178 1814/2094/180 1882/2164/3406 1883/2165/3407
f 1816/2096/215 1815/2095/2178 1883/2165/3407 1884/2166/3408
usemtl lambert4SG
f 1817/2097/216 1816/2096/215 1884/2166/3408 1885/2167/3409
f 2599/2958/1900 1817/2097/216 1885/2167/3409 2598/2957/3410
f 1819/2099/1150 1818/2098/1149 1886/2168/3411 1887/2169/3412
f 1820/2100/1042 2365/2696/1041 2366/2697/3413 1888/2170/3414
f 1821/2101/176 2463/2804/175 2464/2805/3415 1889/2171/3416
f 1822/2102/976 1821/2101/176 1889/2171/3416 1890/2172/3417
f 2502/2847/878 2267/2584/877 2268/2585/3418 2501/2846/3419
f 1824/2104/770 1823/2103/769 1891/2173/3420 1892/2174/3421
f 1825/2105/666 2169/2472/665 2170/2473/3422 1893/2175/3423
f 1826/2106/1324 1825/2105/666 1893/2175/3423 1894/2176/3424
f 1827/2107/2326 1826/2106/1324 1894/2176/3424 1895/2177/3425
s 3
f 1895/2178/3426 1896/2179/3427 1828/2109/3355 1827/2108/3354
f 1829/2110/186 1828/2109/3355 1896/2179/3427 1897/2180/3428
f 1830/2111/187 1829/2110/186 1897/2180/3428 1898/2181/3429
f 1831/2112/2861 1830/2111/187 1898/2181/3429 1899/2182/3430
f 1832/2113/310 1831/2112/2861 1899/2182/3430 1900/2183/3431
f 1833/2114/311 1832/2113/310 1900/2183/3431 1901/2184/3432
f 1834/2115/1790 1833/2114/311 1901/2184/3432 1902/2185/3433
f 1835/2116/422 1834/2115/1790 1902/2185/3433 1903/2186/3434
f 1836/2117/423 1835/2116/422 1903/2186/3434 1904/2187/3435
f 1837/2118/2747 1836/2117/423 1904/2187/3435 1905/2188/3436
f 1838/2119/348 1837/2118/2747 1905/2188/3436 1906/2189/3437
f 1839/2120/349 1838/2119/348 1906/2189/3437 1907/2190/3438
f 1840/2121/1697 1839/2120/349 1907/2190/3438 1908/2191/3439
f 1841/2122/570 1840/2121/1697 1908/2191/3439 1909/2192/3440
f 1842/2123/571 1841/2122/570 1909/2192/3440 1910/2193/3441
f 1775/2054/496 1842/2123/571 1910/2193/3441 1843/2124/3356
f 1843/2124/3356 1181/1427/3442 2703/3071/3443 2704/3073/3357
f 50/76/3069 1569/1844/3068 1845/2126/3359 1844/2125/3358
f 1569/1844/3068 1621/1897/2654 1846/2127/3360 1845/2126/3359
f 1621/1897/2654 49/73/2653 1847/2128/3361 1846/2127/3360
s 19
f 49/74/2650 1004/1238/2647 1848/2130/3363 1847/2129/3362
f 1004/1238/2647 388/486/2646 1849/2131/3364 1848/2130/3363
f 388/486/2646 2133/2434/2645 2134/2435/3365 1849/2131/3364
f 195/257/2642 222/290/2641 1851/2133/3367 1850/2132/3366
f 2538/2885/2638 2231/2546/2637 2232/2547/3369 2537/2884/3368
f 250/324/2634 278/358/2632 1853/2135/3371 1852/2134/3370
f 278/358/2632 2427/2766/2631 2428/2767/3372 1853/2135/3371
f 2329/2658/2627 2330/2659/3373 1854/2136/3374 54/80/2628
f 334/426/2623 1856/2138/3375 1855/2137/3376 306/392/2624
f 702/909/2618 1857/2139/3377 2634/2995/3378 2635/2996/2620
f 95/133/2616 1858/2140/3379 1857/2139/3377 702/909/2618
usemtl lambert6SG
f 804/1021/2614 1859/2141/3380 1858/2140/3379 95/133/2616
f 838/1059/2610 1860/2142/3381 1859/2141/3380 804/1021/2614
f 1861/2143/3382 1860/2142/3381 838/1059/2610 53/79/2609
s 1
usemtl lambert5SG
f 1862/2144/3384 1861/2143/3383 53/79/2606 1645/1921/2605
f 1863/2145/3385 1862/2144/3384 1645/1921/2605 1593/1868/3137
f 1864/2146/3386 1863/2145/3385 1593/1868/3137 52/78/3136
f 1153/1396/2603 1865/2147/3387 2744/3116/3388 2745/3117/2604
f 150/202/2600 1866/2148/3389 1865/2147/3387 1153/1396/2603
f 478/616/2598 1867/2149/3390 1866/2148/3389 150/202/2600
f 516/663/2596 1868/2150/3391 1867/2149/3390 478/616/2598
f 170/227/2594 1869/2151/3392 1868/2150/3391 516/663/2596
f 1205/1453/2593 1870/2152/3393 1869/2151/3392 170/227/2594
f 1257/1510/2705 1871/2153/3394 1870/2152/3393 1205/1453/2593
f 110/152/2590 1872/2154/3395 1871/2153/3394 1257/1510/2705
f 554/708/2588 1873/2155/3396 1872/2154/3395 110/152/2590
f 592/753/2586 1874/2156/3397 1873/2155/3396 554/708/2588
f 130/177/2584 1875/2157/3398 1874/2156/3397 592/753/2586
f 1321/1579/2583 1876/2158/3399 1875/2157/3398 130/177/2584
f 1385/1648/2819 1877/2159/3400 1876/2158/3399 1321/1579/2583
f 64/93/2578 1878/2160/3401 1877/2159/3400 1385/1648/2819
f 1879/2161/3402 1878/2160/3401 64/93/2578 1746/2024/2577
f 1880/2162/3403 1879/2161/3402 1746/2024/2577 1695/1972/3279
f 1881/2163/3404 1880/2162/3403 1695/1972/3279 63/92/3278
s 5
usemtl lambert6SG
f 1882/2164/3406 1881/2163/3405 63/92/2575 821/1040/2573
f 1883/2165/3407 1882/2164/3406 821/1040/2573 787/1002/2571
f 1884/2166/3408 1883/2165/3407 787/1002/2571 76/110/2569
usemtl lambert4SG
f 1885/2167/3409 1884/2166/3408 76/110/2569 685/890/2566
f 2598/2957/3410 1885/2167/3409 685/890/2566 2597/2956/2565
f 1887/2169/3412 1886/2168/3411 321/411/2562 293/377/2561
f 1888/2170/3414 2366/2697/3413 2367/2698/2558 62/91/2557
f 1889/2171/3416 2464/2805/3415 2465/2806/2555 265/343/2552
f 1890/2172/3417 1889/2171/3416 265/343/2552 237/309/2551
f 2501/2846/3419 2268/2585/3418 2269/2586/2548 2500/2845/2547
f 1892/2174/3421 1891/2173/3420 209/275/2544 182/242/2543
f 1893/2175/3423 2170/2473/3422 2171/2474/2541 375/471/2539
f 1894/2176/3424 1893/2175/3423 375/471/2539 985/1217/2536
f 1895/2177/3425 1894/2176/3424 985/1217/2536 61/89/2535
s 3
f 61/90/3211 1671/1948/3210 1896/2179/3427 1895/2178/3426
f 1897/2180/3428 1896/2179/3427 1671/1948/3210 1774/2053/2531
f 1898/2181/3429 1897/2180/3428 1774/2053/2531 66/95/2534
f 1899/2182/3430 1898/2181/3429 66/95/2534 1413/1679/3444
f 1900/2183/3431 1899/2182/3430 1413/1679/3444 1349/1610/3445
f 1901/2184/3432 1900/2183/3431 1349/1610/3445 117/160/3446
f 1902/2185/3433 1901/2184/3432 117/160/3446 612/776/3447
f 1903/2186/3434 1902/2185/3433 612/776/3447 574/731/3448
f 1904/2187/3435 1903/2186/3434 574/731/3448 97/135/3449
f 1905/2188/3436 1904/2187/3435 97/135/3449 1285/1541/3450
f 1906/2189/3437 1905/2188/3436 1285/1541/3450 1233/1484/3451
f 1907/2190/3438 1906/2189/3437 1233/1484/3451 157/210/3452
f 1908/2191/3439 1907/2190/3438 157/210/3452 536/686/3453
f 1909/2192/3440 1908/2191/3439 536/686/3453 498/639/3454
f 1910/2193/3441 1909/2192/3440 498/639/3454 137/185/3455
f 1843/2124/3356 1910/2193/3441 137/185/3455 1181/1427/3442
f 1912/2196/2110 1911/2194/2109 31/37/94 1623/1899/93
f 1913/2197/3076 1912/2196/2110 1623/1899/93 1571/1846/3071
f 1914/2199/3077 1913/2197/3076 1571/1846/3071 32/38/3070
s 21
f 32/47/2298 966/1196/1356 1915/2200/2111 1914/2198/2296
f 966/1196/1356 392/492/730 1916/2201/2112 1915/2200/2111
f 392/492/730 2119/2418/729 2120/2419/2115 1916/2201/2112
f 199/263/834 226/296/833 1918/2203/2118 1917/2202/2117
f 2552/2901/942 2217/2530/941 2218/2531/2122 2551/2900/2121
f 254/330/1008 282/364/100 1920/2205/2126 1919/2204/2125
f 282/364/100 2413/2750/99 2414/2751/2129 1920/2205/2126
f 33/45/1106 2315/2642/1105 2316/2643/2132 1921/2206/2131
f 310/398/1214 338/432/1213 1923/2208/2136 1922/2207/2135
f 2649/3012/1934 706/915/248 1924/2209/2140 2648/3011/2139
usemtl lambert6SG
f 706/915/248 87/124/247 1925/2210/2143 1924/2209/2140
s 74
usemtl lambert5SG
f 1142/1384/558 1926/2211/2145 2682/3050/2148 2683/3051/559
f 154/207/633 1927/2212/1944 1926/2211/2145 1142/1384/558
f 474/611/632 1928/2213/1941 1927/2212/1944 154/207/633
f 512/658/1654 1929/2214/1945 1928/2213/1941 474/611/632
f 174/232/411 1930/2215/1947 1929/2214/1945 512/658/1654
f 1194/1441/410 1931/2216/1949 1930/2215/1947 174/232/411
f 1246/1498/2689 1932/2217/2690 1931/2216/1949 1194/1441/410
f 114/157/485 1933/2218/1954 1932/2217/2690 1246/1498/2689
f 550/703/484 1934/2219/1951 1933/2218/1954 114/157/485
f 588/748/1747 1935/2220/1955 1934/2219/1951 550/703/484
f 134/182/323 1936/2221/1957 1935/2220/1955 588/748/1747
f 1310/1567/322 1937/2222/1959 1936/2221/1957 134/182/323
f 1374/1636/2803 1938/2223/2804 1937/2222/1959 1310/1567/322
f 84/119/2902 1939/2224/2903 1938/2223/2804 1374/1636/2803
s 9
usemtl lambert4SG
f 1940/2225/1964 1939/2224/1963 84/119/229 681/884/232
f 2584/2941/1966 1940/2225/1964 681/884/232 2583/2940/1890
f 1942/2227/1970 1941/2226/1969 317/405/1235 289/371/1238
f 1943/2228/1974 2380/2713/1973 2381/2714/1127 18/28/1130
f 1944/2229/1978 2478/2821/1977 2479/2822/55 261/337/54
f 1945/2230/1980 1944/2229/1978 261/337/54 233/303/1022
f 2487/2830/1984 2282/2601/1983 2283/2602/965 2486/2829/964
f 1947/2232/1988 1946/2231/1987 205/269/856 178/236/855
f 1948/2233/1992 2184/2489/1991 2185/2490/644 371/465/643
f 1949/2234/1994 1948/2233/1992 371/465/643 977/1207/1313
f 1950/2236/2314 1949/2234/1994 977/1207/1313 13/22/2311
s 3
f 1951/2237/1998 1950/2235/1997 13/21/38 1724/2002/37
f 1952/2238/3218 1951/2237/1998 1724/2002/37 1673/1950/3213
f 1953/2240/3219 1952/2238/3218 1673/1950/3213 14/24/3212
s 5
f 14/23/2324 984/1216/1322 1954/2241/1999 1953/2239/2322
f 984/1216/1322 374/470/662 1955/2242/2000 1954/2241/1999
f 374/470/662 2174/2477/661 2175/2478/2003 1955/2242/2000
f 181/241/766 208/274/765 1957/2244/2006 1956/2243/2005
f 2497/2842/874 2272/2589/873 2273/2590/2010 2496/2841/2009
f 236/308/974 264/342/44 1959/2246/2014 1958/2245/2013
f 264/342/44 2468/2809/43 2469/2810/2017 1959/2246/2014
f 15/25/1038 2370/2701/1037 2371/2702/2020 1960/2247/2019
f 292/376/1146 320/410/1145 1962/2249/2024 1961/2248/2023
f 2594/2953/1898 684/889/212 1963/2250/2028 2593/2952/2027
f 684/889/212 75/109/211 1964/2251/2031 1963/2250/2028
usemtl lambert6SG
f 75/109/211 786/1001/2176 1965/2252/2173 1964/2251/2031
f 786/1001/2176 820/1039/48 1966/2253/2033 1965/2252/2173
f 820/1039/48 16/26/47 1967/2254/2034 1966/2253/2033
s 1
usemtl lambert5SG
f 16/26/3277 1693/1970/3276 1968/2255/3273 1967/2254/3272
f 1693/1970/3276 1744/2022/52 1969/2256/2037 1968/2255/3273
f 1744/2022/52 17/27/51 1970/2257/2038 1969/2256/2037
f 1383/1646/2816 1971/2258/2815 1970/2257/2038 17/27/51
f 1319/1577/337 1972/2259/2043 1971/2258/2815 1383/1646/2816
f 1973/2260/2044 1972/2259/2043 1319/1577/337 131/178/340
f 1974/2261/2046 1973/2260/2044 131/178/340 591/752/1754
f 1975/2262/2048 1974/2261/2046 591/752/1754 553/707/467
f 1976/2263/2050 1975/2262/2048 553/707/467 111/153/470
f 1255/1508/2702 1977/2264/2701 1976/2263/2050 111/153/470
f 1203/1451/393 1978/2265/2053 1977/2264/2701 1255/1508/2702
f 1979/2266/2054 1978/2265/2053 1203/1451/393 171/228/396
f 1980/2267/2056 1979/2266/2054 171/228/396 515/662/1661
f 1981/2268/2058 1980/2267/2056 515/662/1661 477/615/615
f 1982/2269/2060 1981/2268/2058 477/615/615 151/203/618
f 1151/1394/541 1983/2270/2063 1982/2269/2060 151/203/618
f 2749/3121/2064 1983/2270/2063 1151/1394/541 2748/3120/544
f 34/29/3135 1591/1866/3134 1985/2272/3131 1984/2271/3130
f 1591/1866/3134 1643/1919/104 1986/2273/2065 1985/2272/3131
f 1643/1919/104 35/30/103 1987/2274/2066 1986/2273/2065
s 19
usemtl lambert6SG
f 35/30/108 839/1060/107 1988/2275/2070 1987/2274/2069
f 1989/2276/2206 1988/2275/2070 839/1060/107 805/1022/2203
f 1990/2277/2075 1989/2276/2206 805/1022/2203 96/134/265
usemtl lambert4SG
f 1991/2278/2076 1990/2277/2075 96/134/265 703/910/268
f 2639/3000/2078 1991/2278/2076 703/910/268 2638/2999/1926
f 1993/2280/2082 1992/2279/2081 335/427/1195 307/393/1198
f 1994/2281/2086 2325/2654/2085 2326/2655/1087 36/43/1090
f 1995/2282/2090 2423/2762/2089 2424/2763/110 279/359/109
f 1996/2283/2092 1995/2282/2090 279/359/109 251/325/999
f 2542/2889/2096 2227/2542/2095 2228/2543/924 2541/2888/923
f 1998/2285/2100 1997/2284/2099 223/291/816 196/258/815
f 1999/2286/2104 2129/2430/2103 2130/2431/712 389/487/711
f 2000/2287/2106 1999/2286/2104 389/487/711 959/1187/1348
f 1911/2195/2288 2000/2287/2106 959/1187/1348 31/51/2353
s 3
f 2002/2290/96 2001/2288/95 1130/1371/2652 1622/1898/2651
f 2003/2291/3072 2002/2290/96 1622/1898/2651 1570/1845/3067
f 2004/2293/3073 2003/2291/3072 1570/1845/3067 1059/1298/3066
s 21
f 1059/1297/2438 1060/1299/2437 2005/2294/1355 2004/2292/2297
f 1060/1299/2437 1061/1300/2440 2006/2295/727 2005/2294/1355
f 1061/1300/2440 2117/2416/2442 2118/2417/728 2006/2295/727
f 1062/1301/2446 1063/1302/2445 2008/2297/832 2007/2296/831
f 2554/2903/2450 2215/2528/2449 2216/2529/940 2553/2902/939
f 1064/1303/2454 1065/1304/2453 2010/2299/97 2009/2298/1007
f 1065/1304/2453 2411/2748/2456 2412/2749/98 2010/2299/97
f 1066/1305/2460 2313/2640/2459 2314/2641/1104 2011/2300/1103
f 1067/1306/2464 1068/1307/2463 2013/2302/1212 2012/2301/1211
f 2651/3014/2468 1069/1308/2467 2014/2303/245 2650/3013/1933
usemtl lambert6SG
f 1069/1308/2467 1070/1309/2470 2015/2304/246 2014/2303/245
s 74
usemtl lambert5SG
f 1141/1383/2472 2016/2305/557 2684/3052/560 2685/3053/2473
f 1071/1310/2477 2017/2306/634 2016/2305/557 1141/1383/2472
f 1072/1311/2476 2018/2307/631 2017/2306/634 1071/1310/2477
f 1073/1312/2480 2019/2308/1653 2018/2307/631 1072/1311/2476
f 1074/1313/2482 2020/2309/412 2019/2308/1653 1073/1312/2480
f 1193/1440/2484 2021/2310/409 2020/2309/412 1074/1313/2482
f 1245/1497/2687 2022/2311/2688 2021/2310/409 1193/1440/2484
f 1075/1314/2487 2023/2312/486 2022/2311/2688 1245/1497/2687
usemtl lambert4SG
f 1076/1315/2486 2024/2313/483 2023/2312/486 1075/1314/2487
f 1077/1316/2490 2025/2314/1746 2024/2313/483 1076/1315/2486
f 1078/1317/2492 2026/2315/324 2025/2314/1746 1077/1316/2490
usemtl lambert5SG
f 1309/1566/2494 2027/2316/321 2026/2315/324 1078/1317/2492
f 1373/1635/2801 2028/2317/2802 2027/2316/321 1309/1566/2494
f 1079/1318/2900 2029/2318/2901 2028/2317/2802 1373/1635/2801
s 9
usemtl lambert4SG
f 2030/2319/231 2029/2318/230 1079/1318/2496 1080/1319/2495
f 2582/2939/1889 2030/2319/231 1080/1319/2495 2581/2938/2500
f 2032/2321/1237 2031/2320/1236 1081/1320/2502 1082/1321/2501
f 2033/2322/1129 2382/2715/1128 2383/2716/2506 1083/1322/2505
f 1084/1323/2510 2034/2323/53 2480/2823/56 2481/2824/2511
f 1085/1324/2514 2035/2324/1021 2034/2323/53 1084/1323/2510
f 2484/2827/2516 2485/2828/963 2284/2603/966 2285/2604/2517
f 2037/2326/858 2036/2325/857 1086/1325/2520 1087/1326/2519
f 2038/2327/646 2186/2491/645 2187/2492/2524 1088/1327/2523
f 2039/2328/1314 2038/2327/646 1088/1327/2523 1089/1328/2527
f 2040/2330/2312 2039/2328/1314 1089/1328/2527 1090/1330/2529
s 3
f 2041/2331/40 2040/2329/39 1090/1329/2533 1723/2001/2532
f 2042/2332/3214 2041/2331/40 1723/2001/2532 1672/1949/3209
f 2043/2334/3215 2042/2332/3214 1672/1949/3209 1091/1332/3208
s 5
f 1091/1331/2538 1092/1333/2537 2044/2335/1321 2043/2333/2323
f 1092/1333/2537 1093/1334/2540 2045/2336/659 2044/2335/1321
f 1093/1334/2540 2172/2475/2542 2173/2476/660 2045/2336/659
f 1094/1335/2546 1095/1336/2545 2047/2338/764 2046/2337/763
f 2499/2844/2550 2270/2587/2549 2271/2588/872 2498/2843/871
f 1096/1337/2554 1097/1338/2553 2049/2340/41 2048/2339/973
f 1097/1338/2553 2466/2807/2556 2467/2808/42 2049/2340/41
f 1098/1339/2560 2368/2699/2559 2369/2700/1036 2050/2341/1035
f 1099/1340/2564 1100/1341/2563 2052/2343/1144 2051/2342/1143
f 2596/2955/2568 1101/1342/2567 2053/2344/209 2595/2954/1897
f 1101/1342/2567 1102/1343/2570 2054/2345/210 2053/2344/209
usemtl lambert6SG
f 1102/1343/2570 1103/1344/2572 2055/2346/2175 2054/2345/210
f 1103/1344/2572 1104/1345/2574 2056/2347/45 2055/2346/2175
f 1104/1345/2574 1105/1346/2576 2057/2348/46 2056/2347/45
s 1
usemtl lambert5SG
f 1105/1346/3281 1694/1971/3280 2058/2349/3275 2057/2348/3274
f 1694/1971/3280 1745/2023/2580 2059/2350/49 2058/2349/3275
f 1745/2023/2580 1106/1347/2579 2060/2351/50 2059/2350/49
f 2061/2352/2817 2060/2351/50 1106/1347/2579 1384/1647/2818
f 2062/2353/338 2061/2352/2817 1384/1647/2818 1320/1578/2582
f 2063/2354/339 2062/2353/338 1320/1578/2582 1107/1348/2581
f 2064/2355/1755 2063/2354/339 1107/1348/2581 1108/1349/2585
f 2065/2356/468 2064/2355/1755 1108/1349/2585 1109/1350/2587
f 2066/2357/469 2065/2356/468 1109/1350/2587 1110/1351/2589
f 2067/2358/2703 2066/2357/469 1110/1351/2589 1256/1509/2704
f 2068/2359/394 2067/2358/2703 1256/1509/2704 1204/1452/2592
f 2069/2360/395 2068/2359/394 1204/1452/2592 1111/1352/2591
f 2070/2361/1662 2069/2360/395 1111/1352/2591 1112/1353/2595
f 2071/2362/616 2070/2361/1662 1112/1353/2595 1113/1354/2597
f 2072/2363/617 2071/2362/616 1113/1354/2597 1114/1355/2599
f 2073/2364/542 2072/2363/617 1114/1355/2599 1152/1395/2602
f 2747/3119/543 2073/2364/542 1152/1395/2602 2746/3118/2601
f 1115/1356/3139 1592/1867/3138 2075/2366/3133 2074/2365/3132
f 1592/1867/3138 1644/1920/2608 2076/2367/101 2075/2366/3133
f 1644/1920/2608 1116/1357/2607 2077/2368/102 2076/2367/101
s 19
usemtl lambert6SG
f 1116/1357/2612 1117/1358/2611 2078/2369/106 2077/2368/105
f 2079/2370/2204 2078/2369/106 1117/1358/2611 1118/1359/2613
f 2080/2371/266 2079/2370/2204 1118/1359/2613 1119/1360/2615
usemtl lambert4SG
f 2081/2372/267 2080/2371/266 1119/1360/2615 1120/1361/2617
f 2637/2998/1925 2081/2372/267 1120/1361/2617 2636/2997/2619
f 2083/2374/1197 2082/2373/1196 1121/1362/2622 1122/1363/2621
f 2084/2375/1089 2327/2656/1088 2328/2657/2626 1123/1364/2625
f 2085/2376/112 2425/2764/111 2426/2765/2630 1124/1365/2629
f 2086/2377/1000 2085/2376/112 1124/1365/2629 1125/1366/2633
f 2540/2887/926 2229/2544/925 2230/2545/2636 2539/2886/2635
f 2088/2379/818 2087/2378/817 1126/1367/2640 1127/1368/2639
f 2089/2380/714 2131/2432/713 2132/2433/2644 1128/1369/2643
f 1129/1370/2648 2090/2381/1347 2089/2380/714 1128/1369/2643
f 2001/2289/2354 2090/2381/1347 1129/1370/2648 1130/1372/2649
s 95
f 2091/2382/2766 1352/1614/3456 1288/1545/3457 2092/2383/748
f 2093/2384/749 2092/2383/748 1288/1545/3457 204/268/3458
s 284
f 2094/2386/1395 2093/2385/1394 204/208/1401 659/858/1404
f 1417/3176/1253 2755/3127/1857 2094/2386/1395 659/858/1404
f 2096/2388/1571 2095/2387/1570 345/564/1565 407/507/1568
s 112
f 616/783/1799 2097/2390/1798 2096/2389/1821 407/519/1822
f 578/738/847 2098/2391/745 2097/2390/1798 616/783/1799
f 2099/2392/746 2098/2391/745 578/738/847 408/520/850
s 286
f 435/537/1514 2100/2394/1509 2099/2393/1512 408/507/1515
f 642/829/1407 2101/2395/1400 2760/3133/1828 2761/3135/1829
f 203/208/1406 2102/2396/1397 2101/2395/1400 642/829/1407
s 95
f 2103/2398/2671 2102/2397/2750 203/267/2751 1236/1488/2672
f 2104/2399/740 2103/2398/2671 1236/1488/2672 1184/1431/843
f 2105/2400/741 2104/2399/740 1184/1431/843 202/266/846
s 296
f 2106/2402/1459 2105/2401/1458 202/300/1469 637/820/1472
f 2107/2403/1638 2106/2402/1459 637/820/1472 466/600/1633
f 2108/2404/1639 2107/2403/1638 466/600/1633 423/524/1636
s 146
f 2109/2406/1705 2108/2405/1728 423/514/1729 540/693/1706
f 2110/2407/736 2109/2406/1705 540/693/1706 502/646/839
f 2111/2408/737 2110/2407/736 502/646/839 425/515/842
s 298
f 451/571/1582 2112/2410/1577 2111/2409/1580 425/525/1583
f 620/789/1475 2113/2411/1464 2112/2410/1577 451/571/1582
f 201/333/1474 2114/2412/1461 2113/2411/1464 620/789/1475
s 95
f 2115/2414/732 2114/2413/2655 201/265/2656 1132/1374/835
f 2700/3068/733 2115/2414/732 1132/1374/835 2699/3067/838
s 21
f 2117/2416/2442 2116/2415/2441 200/264/2443 1062/1301/2446
f 2118/2417/728 2117/2416/2442 1062/1301/2446 2007/2296/831
f 2119/2418/729 2118/2417/728 2007/2296/831 199/263/834
f 2120/2419/2115 2119/2418/729 199/263/834 1917/2202/2117
f 2121/2420/2116 2120/2419/2115 1917/2202/2117 894/1118/2120
f 2122/2421/724 2121/2420/2116 894/1118/2120 766/980/827
f 2123/2422/725 2122/2421/724 766/980/827 198/261/830
s 2
f 198/262/3093 1577/1852/3092 2124/2424/3089 2123/2423/3088
f 1577/1852/3092 1629/1905/826 2125/2425/719 2124/2424/3089
f 1629/1905/826 197/259/825 2126/2426/720 2125/2425/719
s 19
f 197/260/822 761/973/821 2127/2428/716 2126/2427/715
f 2128/2429/2102 2127/2428/716 761/973/821 899/1125/2097
f 2129/2430/2103 2128/2429/2102 899/1125/2097 1998/2285/2100
f 2130/2431/712 2129/2430/2103 1998/2285/2100 196/258/815
f 2131/2432/713 2130/2431/712 196/258/815 2088/2379/818
f 2132/2433/2644 2131/2432/713 2088/2379/818 1127/1368/2639
f 2133/2434/2645 2132/2433/2644 1127/1368/2639 195/257/2642
f 2134/2435/3365 2133/2434/2645 195/257/2642 1850/2132/3366
f 2135/2436/710 2134/2435/3365 1850/2132/3366 1782/2062/813
f 2136/2437/706 2135/2436/710 1782/2062/813 194/256/809
f 2137/2438/707 2136/2437/706 194/256/809 1055/1292/812
f 2138/2439/2429 2137/2438/707 1055/1292/812 1563/1837/2428
f 2139/2440/3055 2138/2439/2429 1563/1837/2428 1499/1769/3052
f 2140/2441/2269 2139/2440/3055 1499/1769/3052 193/255/2270
f 2141/2442/702 2140/2441/2269 193/255/2270 948/1176/805
f 2142/2444/703 2141/2442/702 948/1176/805 192/254/808
s 4
f 2143/2445/700 2142/2443/699 192/253/802 1663/1940/801
f 2144/2446/3192 2143/2445/700 1663/1940/801 1611/1887/3187
f 2145/2447/3193 2144/2446/3192 1611/1887/3187 191/252/3186
f 2720/3091/800 1169/1413/799 2146/2448/694 2719/3090/693
f 2147/2449/689 2146/2448/694 1169/1413/799 190/251/796
f 190/251/796 489/628/795 2148/2450/690 2147/2449/689
f 2149/2451/1683 2148/2450/690 489/628/795 527/675/1682
f 2150/2452/685 2149/2451/1683 527/675/1682 189/250/792
f 189/250/792 1221/1470/791 2151/2453/686 2150/2452/685
f 2152/2454/2730 2151/2453/686 1221/1470/791 1273/1527/2729
f 2153/2455/681 2152/2454/2730 1273/1527/2729 188/249/788
f 188/249/788 565/720/787 2154/2456/682 2153/2455/681
f 2155/2457/1776 2154/2456/682 565/720/787 603/765/1775
f 2156/2458/677 2155/2457/1776 603/765/1775 187/248/784
f 187/248/784 1337/1596/783 2157/2459/678 2156/2458/677
f 2158/2460/2844 2157/2459/678 1337/1596/783 1401/1665/2843
f 2159/2461/675 2158/2460/2844 1401/1665/2843 186/247/778
f 2160/2462/676 2159/2461/675 186/247/778 1764/2043/777
f 2161/2463/3334 2160/2462/676 1764/2043/777 1713/1991/3329
f 2162/2465/3335 2161/2463/3334 1713/1991/3329 185/246/3328
s 5
f 2163/2466/671 2162/2464/670 185/245/773 933/1159/776
f 2164/2467/2248 2163/2466/671 933/1159/776 184/244/2247
f 2165/2468/3001 2164/2467/2248 184/244/2247 1461/1731/3003
f 2166/2469/2378 2165/2468/3001 1461/1731/3003 1525/1799/2379
f 2167/2470/668 2166/2469/2378 1525/1799/2379 1022/1259/771
f 2168/2471/664 2167/2470/668 1022/1259/771 183/243/767
f 2169/2472/665 2168/2471/664 183/243/767 1824/2104/770
f 2170/2473/3422 2169/2472/665 1824/2104/770 1892/2174/3421
f 2171/2474/2541 2170/2473/3422 1892/2174/3421 182/242/2543
f 2172/2475/2542 2171/2474/2541 182/242/2543 1094/1335/2546
f 2173/2476/660 2172/2475/2542 1094/1335/2546 2046/2337/763
f 2174/2477/661 2173/2476/660 2046/2337/763 181/241/766
f 2175/2478/2003 2174/2477/661 181/241/766 1956/2243/2005
f 2176/2479/2004 2175/2478/2003 1956/2243/2005 864/1086/2008
f 2177/2480/656 2176/2479/2004 864/1086/2008 732/944/759
f 2178/2481/657 2177/2480/656 732/944/759 180/239/762
s 2
f 180/240/3235 1679/1956/3234 2179/2483/3231 2178/2482/3230
f 1679/1956/3234 1730/2008/758 2180/2484/651 2179/2483/3231
f 1730/2008/758 179/237/757 2181/2485/652 2180/2484/651
s 9
f 179/238/754 727/937/753 2182/2487/648 2181/2486/647
f 2183/2488/1990 2182/2487/648 727/937/753 869/1093/1985
f 2184/2489/1991 2183/2488/1990 869/1093/1985 1947/2232/1988
f 2185/2490/644 2184/2489/1991 1947/2232/1988 178/236/855
f 2186/2491/645 2185/2490/644 178/236/855 2037/2326/858
f 2187/2492/2524 2186/2491/645 2037/2326/858 1087/1326/2519
f 2188/2493/2525 2187/2492/2524 1087/1326/2519 177/235/2522
s 95
f 2091/2382/2766 2188/2493/2865 177/235/3459 1352/1614/3456
s 220
f 1292/1549/3460 2190/2495/961 2189/2494/2774 1356/1618/3461
f 2191/2496/962 2190/2495/961 1292/1549/3460 259/335/3462
s 284
f 2192/2498/1411 2191/2497/1410 259/266/1417 657/854/1418
f 2787/3172/1855 2192/2498/1411 657/854/1418 2786/3170/1854
f 2194/2500/1563 2193/2499/1562 448/560/1559 411/514/1560
s 112
f 2195/2502/1802 2194/2501/1825 411/527/1826 618/785/1803
f 2196/2503/956 2195/2502/1802 618/785/1803 580/740/1015
f 2197/2504/957 2196/2503/956 580/740/1015 412/528/1016
s 286
f 437/541/1522 2198/2506/1517 2197/2505/1520 412/515/1523
f 644/833/1420 2199/2507/1416 2764/3139/1832 2765/3141/1833
f 258/265/1419 2200/2508/1413 2199/2507/1416 644/833/1420
s 95
f 2201/2510/2675 2200/2509/2754 258/334/2755 1238/1490/2676
f 2202/2511/952 2201/2510/2675 1238/1490/2676 1186/1433/1013
f 2203/2512/953 2202/2511/952 1186/1433/1013 257/333/1014
s 296
f 2204/2514/1479 2203/2513/1478 257/401/1485 635/816/1486
f 2205/2515/1630 2204/2514/1479 635/816/1486 464/596/1627
f 2206/2516/1631 2205/2515/1630 464/596/1627 429/529/1628
s 146
f 2207/2518/1709 2206/2517/1732 429/525/1733 542/695/1710
f 2208/2519/948 2207/2518/1709 542/695/1710 504/648/1011
f 2209/2520/949 2208/2519/948 504/648/1011 430/526/1012
s 298
f 453/575/1590 2210/2522/1585 2209/2521/1588 430/530/1591
f 622/793/1488 2211/2523/1484 2210/2522/1585 453/575/1590
f 256/400/1487 2212/2524/1481 2211/2523/1484 622/793/1488
s 95
f 2213/2526/944 2212/2525/2659 256/332/2660 1134/1376/1009
f 2696/3064/945 2213/2526/944 1134/1376/1009 2695/3063/1010
s 21
f 2215/2528/2449 2214/2527/2448 255/331/2451 1064/1303/2454
f 2216/2529/940 2215/2528/2449 1064/1303/2454 2009/2298/1007
f 2217/2530/941 2216/2529/940 2009/2298/1007 254/330/1008
f 2218/2531/2122 2217/2530/941 254/330/1008 1919/2204/2125
f 2219/2532/2123 2218/2531/2122 1919/2204/2125 892/1116/2128
f 2220/2533/936 2219/2532/2123 892/1116/2128 768/982/1005
f 2221/2534/937 2220/2533/936 768/982/1005 253/328/1006
s 2
f 253/329/3101 1579/1854/3100 2222/2536/3095 2221/2535/3094
f 1579/1854/3100 1631/1907/1004 2223/2537/931 2222/2536/3095
f 1631/1907/1004 252/326/1003 2224/2538/932 2223/2537/931
s 19
f 252/327/1002 759/971/1001 2225/2540/928 2224/2539/927
f 2226/2541/2094 2225/2540/928 759/971/1001 901/1127/2091
f 2227/2542/2095 2226/2541/2094 901/1127/2091 1996/2283/2092
f 2228/2543/924 2227/2542/2095 1996/2283/2092 251/325/999
f 2229/2544/925 2228/2543/924 251/325/999 2086/2377/1000
f 2230/2545/2636 2229/2544/925 2086/2377/1000 1125/1366/2633
f 2231/2546/2637 2230/2545/2636 1125/1366/2633 250/324/2634
f 2232/2547/3369 2231/2546/2637 250/324/2634 1852/2134/3370
f 2233/2548/922 2232/2547/3369 1852/2134/3370 1784/2064/998
f 2234/2549/918 2233/2548/922 1784/2064/998 249/323/996
f 2235/2550/919 2234/2549/918 249/323/996 1053/1290/997
f 2236/2551/2425 2235/2550/919 1053/1290/997 1561/1835/2424
f 2237/2552/3051 2236/2551/2425 1561/1835/2424 1497/1767/3049
f 2238/2553/2273 2237/2552/3051 1497/1767/3049 248/322/2274
f 2239/2554/914 2238/2553/2273 248/322/2274 950/1178/994
f 2240/2556/915 2239/2554/914 950/1178/994 247/321/995
s 4
f 2241/2557/912 2240/2555/911 247/320/993 1661/1938/992
f 2242/2558/3184 2241/2557/912 1661/1938/992 1609/1885/3181
f 2243/2559/3185 2242/2558/3184 1609/1885/3181 246/319/3180
f 2724/3095/991 1167/1411/990 2244/2560/906 2723/3094/905
f 2245/2561/901 2244/2560/906 1167/1411/990 245/318/989
f 245/318/989 487/626/988 2246/2562/902 2245/2561/901
f 2247/2563/1679 2246/2562/902 487/626/988 525/673/1678
f 2248/2564/897 2247/2563/1679 525/673/1678 244/317/987
f 244/317/987 1219/1468/986 2249/2565/898 2248/2564/897
f 2250/2566/2726 2249/2565/898 1219/1468/986 1271/1525/2725
f 2251/2567/893 2250/2566/2726 1271/1525/2725 243/316/985
f 243/316/985 563/718/984 2252/2568/894 2251/2567/893
f 2253/2569/1772 2252/2568/894 563/718/984 601/763/1771
f 2254/2570/889 2253/2569/1772 601/763/1771 242/315/983
f 242/315/983 1335/1594/982 2255/2571/890 2254/2570/889
f 2256/2572/2840 2255/2571/890 1335/1594/982 1399/1663/2839
f 2257/2573/887 2256/2572/2840 1399/1663/2839 241/314/981
f 2258/2574/888 2257/2573/887 241/314/981 1762/2041/980
f 2259/2575/3326 2258/2574/888 1762/2041/980 1711/1989/3323
f 2260/2577/3327 2259/2575/3326 1711/1989/3323 240/313/3322
s 5
f 2261/2578/883 2260/2576/882 240/312/978 931/1157/979
f 2262/2579/2244 2261/2578/883 931/1157/979 239/311/2243
f 2263/2580/3004 2262/2579/2244 239/311/2243 1463/1733/3007
f 2264/2581/2382 2263/2580/3004 1463/1733/3007 1527/1801/2383
f 2265/2582/880 2264/2581/2382 1527/1801/2383 1024/1261/977
f 2266/2583/876 2265/2582/880 1024/1261/977 238/310/975
f 2267/2584/877 2266/2583/876 238/310/975 1822/2102/976
f 2268/2585/3418 2267/2584/877 1822/2102/976 1890/2172/3417
f 2269/2586/2548 2268/2585/3418 1890/2172/3417 237/309/2551
f 2270/2587/2549 2269/2586/2548 237/309/2551 1096/1337/2554
f 2271/2588/872 2270/2587/2549 1096/1337/2554 2048/2339/973
f 2272/2589/873 2271/2588/872 2048/2339/973 236/308/974
f 2273/2590/2010 2272/2589/873 236/308/974 1958/2245/2013
f 2274/2591/2011 2273/2590/2010 1958/2245/2013 862/1084/2016
f 2275/2592/868 2274/2591/2011 862/1084/2016 734/946/971
f 2276/2593/869 2275/2592/868 734/946/971 235/306/972
s 2
f 235/307/3243 1681/1958/3242 2277/2595/3237 2276/2594/3236
f 1681/1958/3242 1732/2010/970 2278/2596/863 2277/2595/3237
f 1732/2010/970 234/304/969 2279/2597/864 2278/2596/863
s 9
f 234/305/968 725/935/967 2280/2599/860 2279/2598/859
f 2281/2600/1982 2280/2599/860 725/935/967 871/1095/1979
f 2282/2601/1983 2281/2600/1982 871/1095/1979 1945/2230/1980
f 2283/2602/965 2282/2601/1983 1945/2230/1980 233/303/1022
f 2284/2603/966 2283/2602/965 233/303/1022 2035/2324/1021
f 2285/2604/2517 2284/2603/966 2035/2324/1021 1085/1324/2514
f 2286/2605/2518 2285/2604/2517 1085/1324/2514 260/336/2513
s 220
f 1356/1618/3461 2189/2494/2774 2286/2605/2872 260/336/3463
s 72
f 2287/2606/2786 1363/1625/3464 1299/1556/3465 2288/2607/1124
f 2289/2608/1125 2288/2607/1124 1299/1556/3465 315/403/3466
s 284
f 2290/2610/1423 2289/2609/1422 315/268/1429 654/848/1432
f 2782/3164/1850 2290/2610/1423 654/848/1432 2781/3162/1849
f 2292/2612/1553 2291/2611/1552 445/554/1547 413/519/1550
s 112
f 2293/2614/1737 2292/2613/1807 413/531/1808 583/743/1738
f 2294/2615/1120 2293/2614/1737 583/743/1738 545/698/1227
f 2295/2616/1121 2294/2615/1120 545/698/1227 414/532/1230
s 286
f 440/547/1532 2296/2618/1527 2295/2617/1530 414/520/1533
f 647/839/1435 2297/2619/1428 2769/3147/1837 2770/3149/1838
f 314/267/1434 2298/2620/1425 2297/2619/1428 647/839/1435
s 95
f 2299/2622/2680 2298/2621/2759 314/402/2760 1241/1493/2681
f 2300/2623/1116 2299/2622/2680 1241/1493/2681 1189/1436/1223
f 2301/2624/1117 2300/2623/1116 1189/1436/1223 313/401/1226
s 296
f 2302/2626/1491 2301/2625/1490 313/435/1497 632/810/1500
f 2303/2627/1620 2302/2626/1491 632/810/1500 461/590/1615
f 2304/2628/1621 2303/2627/1620 461/590/1615 431/505/1618
s 146
f 2305/2630/1644 2304/2629/1714 431/529/1715 507/651/1645
f 2306/2631/1112 2305/2630/1644 507/651/1645 469/604/1219
f 2307/2632/1113 2306/2631/1112 469/604/1219 432/530/1222
s 298
f 456/581/1600 2308/2634/1595 2307/2633/1598 432/508/1601
f 625/799/1503 2309/2635/1496 2308/2634/1595 456/581/1600
f 312/434/1502 2310/2636/1493 2309/2635/1496 625/799/1503
s 95
f 2311/2638/1108 2310/2637/2664 312/400/2665 1137/1379/1215
f 2691/3059/1109 2311/2638/1108 1137/1379/1215 2690/3058/1218
s 21
f 2313/2640/2459 2312/2639/2458 311/399/2461 1067/1306/2464
f 2314/2641/1104 2313/2640/2459 1067/1306/2464 2012/2301/1211
f 2315/2642/1105 2314/2641/1104 2012/2301/1211 310/398/1214
f 2316/2643/2132 2315/2642/1105 310/398/1214 1922/2207/2135
f 2317/2644/2133 2316/2643/2132 1922/2207/2135 889/1113/2138
f 2318/2645/1100 2317/2644/2133 889/1113/2138 771/985/1207
f 2319/2646/1101 2318/2645/1100 771/985/1207 309/396/1210
s 2
f 309/397/3111 1582/1857/3110 2320/2648/3105 2319/2647/3104
f 1582/1857/3110 1634/1910/1206 2321/2649/1095 2320/2648/3105
f 1634/1910/1206 308/394/1205 2322/2650/1096 2321/2649/1095
s 19
f 308/395/1202 756/968/1201 2323/2652/1092 2322/2651/1091
f 2324/2653/2084 2323/2652/1092 756/968/1201 904/1130/2079
f 2325/2654/2085 2324/2653/2084 904/1130/2079 1993/2280/2082
f 2326/2655/1087 2325/2654/2085 1993/2280/2082 307/393/1198
f 307/393/1198 2083/2374/1197 2327/2656/1088 2326/2655/1087
f 2328/2657/2626 2327/2656/1088 2083/2374/1197 1122/1363/2621
f 2329/2658/2627 2328/2657/2626 1122/1363/2621 306/392/2624
f 306/392/2624 1855/2137/3376 2330/2659/3373 2329/2658/2627
f 1855/2137/3376 1787/2067/1194 2331/2660/1085 2330/2659/3373
f 1787/2067/1194 305/391/1192 2332/2661/1081 2331/2660/1085
f 305/391/1192 1050/1287/1191 2333/2662/1082 2332/2661/1081
f 2334/2663/2420 2333/2662/1082 1050/1287/1191 1558/1832/2419
f 2335/2664/3046 2334/2663/2420 1558/1832/2419 1494/1764/3043
f 2336/2665/2277 2335/2664/3046 1494/1764/3043 304/390/2280
f 304/390/2280 953/1181/1188 2337/2666/1077 2336/2665/2277
f 953/1181/1188 303/389/1187 2338/2668/1078 2337/2666/1077
s 4
f 2339/2669/1076 2338/2667/1075 303/388/1182 1658/1935/1181
f 2340/2670/3174 2339/2669/1076 1658/1935/1181 1606/1882/3169
f 2341/2671/3175 2340/2670/3174 1606/1882/3169 302/387/3168
f 2729/3100/1180 1164/1408/1179 2342/2672/1070 2728/3099/1069
f 2343/2673/1065 2342/2672/1070 1164/1408/1179 301/386/1176
f 301/386/1176 484/623/1175 2344/2674/1066 2343/2673/1065
f 2345/2675/1674 2344/2674/1066 484/623/1175 522/670/1673
f 2346/2676/1061 2345/2675/1674 522/670/1673 300/385/1172
f 300/385/1172 1216/1465/1171 2347/2677/1062 2346/2676/1061
f 2348/2678/2721 2347/2677/1062 1216/1465/1171 1268/1522/2720
f 2349/2679/1057 2348/2678/2721 1268/1522/2720 299/384/1168
f 299/384/1168 560/715/1167 2350/2680/1058 2349/2679/1057
f 2351/2681/1767 2350/2680/1058 560/715/1167 598/760/1766
f 2352/2682/1053 2351/2681/1767 598/760/1766 298/383/1164
f 298/383/1164 1332/1591/1163 2353/2683/1054 2352/2682/1053
f 2354/2684/2835 2353/2683/1054 1332/1591/1163 1396/1660/2834
f 2355/2685/1051 2354/2684/2835 1396/1660/2834 297/382/1158
f 2356/2686/1052 2355/2685/1051 297/382/1158 1759/2038/1157
f 2357/2687/3316 2356/2686/1052 1759/2038/1157 1708/1986/3311
f 2358/2689/3317 2357/2687/3316 1708/1986/3311 296/381/3310
s 5
f 2359/2690/1047 2358/2688/1046 296/380/1153 928/1154/1156
f 2360/2691/2239 2359/2690/1047 928/1154/1156 295/379/2238
f 2361/2692/3009 2360/2691/2239 295/379/2238 1466/1736/3012
f 2362/2693/2387 2361/2692/3009 1466/1736/3012 1530/1804/2388
f 2363/2694/1044 2362/2693/2387 1530/1804/2388 1027/1264/1151
f 2364/2695/1040 2363/2694/1044 1027/1264/1151 294/378/1147
f 2365/2696/1041 2364/2695/1040 294/378/1147 1819/2099/1150
f 2366/2697/3413 2365/2696/1041 1819/2099/1150 1887/2169/3412
f 2367/2698/2558 2366/2697/3413 1887/2169/3412 293/377/2561
f 2368/2699/2559 2367/2698/2558 293/377/2561 1099/1340/2564
f 2369/2700/1036 2368/2699/2559 1099/1340/2564 2051/2342/1143
f 2370/2701/1037 2369/2700/1036 2051/2342/1143 292/376/1146
f 2371/2702/2020 2370/2701/1037 292/376/1146 1961/2248/2023
f 2372/2703/2021 2371/2702/2020 1961/2248/2023 859/1081/2026
f 2373/2704/1032 2372/2703/2021 859/1081/2026 737/949/1139
f 2374/2705/1033 2373/2704/1032 737/949/1139 291/374/1142
s 2
f 291/375/3253 1684/1961/3252 2375/2707/3247 2374/2706/3246
f 1684/1961/3252 1735/2013/1138 2376/2708/1027 2375/2707/3247
f 1735/2013/1138 290/372/1137 2377/2709/1028 2376/2708/1027
s 9
f 290/373/1134 722/932/1133 2378/2711/1024 2377/2710/1023
f 2379/2712/1972 2378/2711/1024 722/932/1133 874/1098/1967
f 2380/2713/1973 2379/2712/1972 874/1098/1967 1942/2227/1970
f 2381/2714/1127 2380/2713/1973 1942/2227/1970 289/371/1238
f 289/371/1238 2032/2321/1237 2382/2715/1128 2381/2714/1127
f 2383/2716/2506 2382/2715/1128 2032/2321/1237 1082/1321/2501
f 2384/2717/2507 2383/2716/2506 1082/1321/2501 316/404/2504
s 72
f 2287/2606/2786 2384/2717/2885 316/404/3467 1363/1625/3464
f 1298/1555/1123 2386/2719/315 2385/2718/2784 1362/1624/2785
f 2387/2720/316 2386/2719/315 1298/1555/1123 136/184/1126
s 284
f 2388/2721/1383 2387/2720/1382 136/184/1421 655/850/1424
f 2784/3167/1852 2388/2721/1383 655/850/1424 2783/3165/1851
f 2390/2723/1557 2389/2722/1556 446/556/1551 401/502/1554
s 112
f 2391/2724/1735 2390/2723/1805 401/502/1806 582/742/1736
f 2392/2725/492 2391/2724/1735 582/742/1736 544/697/1119
f 2393/2726/493 2392/2725/492 544/697/1119 403/503/1122
s 286
f 439/545/1528 2394/2727/1525 2393/2726/1526 403/503/1529
f 646/837/1427 2395/2728/1388 2767/3144/1835 2768/3146/1836
f 116/159/1426 2396/2729/1385 2395/2728/1388 646/837/1427
s 95
f 2397/2730/2678 2396/2729/2757 116/159/2758 1240/1492/2679
f 2398/2731/418 2397/2730/2678 1240/1492/2679 1188/1435/1115
f 2399/2732/419 2398/2731/418 1188/1435/1115 176/234/1118
s 296
f 2400/2734/1451 2399/2733/1450 176/298/1489 633/812/1492
f 2401/2735/1624 2400/2734/1451 633/812/1492 462/592/1619
f 2402/2736/1625 2401/2735/1624 462/592/1619 419/522/1622
s 146
f 2403/2738/1642 2402/2737/1712 419/510/1713 506/650/1643
f 2404/2739/640 2403/2738/1642 506/650/1643 468/603/1111
f 2405/2740/641 2404/2739/640 468/603/1111 421/511/1114
s 298
f 455/579/1596 2406/2742/1593 2405/2741/1594 421/523/1597
f 624/797/1495 2407/2743/1456 2406/2742/1593 455/579/1596
f 156/301/1494 2408/2744/1453 2407/2743/1456 624/797/1495
s 95
f 2409/2746/566 2408/2745/2662 156/209/2663 1136/1378/1107
f 2693/3061/567 2409/2746/566 1136/1378/1107 2692/3060/1110
s 21
f 2411/2748/2456 2410/2747/2455 51/77/2457 1066/1305/2460
f 2412/2749/98 2411/2748/2456 1066/1305/2460 2011/2300/1103
f 2413/2750/99 2412/2749/98 2011/2300/1103 33/45/1106
f 2414/2751/2129 2413/2750/99 33/45/1106 1921/2206/2131
f 2415/2752/2130 2414/2751/2129 1921/2206/2131 890/1114/2134
f 2416/2753/82 2415/2752/2130 890/1114/2134 770/984/1099
f 2417/2754/83 2416/2753/82 770/984/1099 28/46/1102
s 2
f 28/34/3107 1581/1856/3106 2418/2756/3103 2417/2755/3102
f 1581/1856/3106 1633/1909/1098 2419/2757/77 2418/2756/3103
f 1633/1909/1098 27/33/1097 2420/2758/78 2419/2757/77
s 19
f 27/44/1094 757/969/1093 2421/2760/90 2420/2759/89
f 2422/2761/2088 2421/2760/90 757/969/1093 903/1129/2083
f 2423/2762/2089 2422/2761/2088 903/1129/2083 1994/2281/2086
f 2424/2763/110 2423/2762/2089 1994/2281/2086 36/43/1090
f 2425/2764/111 2424/2763/110 36/43/1090 2084/2375/1089
f 2426/2765/2630 2425/2764/111 2084/2375/1089 1123/1364/2625
f 2427/2766/2631 2426/2765/2630 1123/1364/2625 54/80/2628
f 2428/2767/3372 2427/2766/2631 54/80/2628 1854/2136/3374
f 2429/2768/158 2428/2767/3372 1854/2136/3374 1786/2066/1086
f 2430/2769/159 2429/2768/158 1786/2066/1086 60/88/1084
f 2431/2770/171 2430/2769/159 60/88/1084 1051/1288/1083
f 2432/2771/2422 2431/2770/171 1051/1288/1083 1559/1833/2421
f 2433/2772/3048 2432/2771/2422 1559/1833/2421 1495/1765/3045
f 2434/2773/2276 2433/2772/3048 1495/1765/3045 48/72/2278
f 2435/2774/142 2434/2773/2276 48/72/2278 952/1180/1080
f 2436/2776/143 2435/2774/142 952/1180/1080 30/55/1079
s 4
f 2437/2777/88 2436/2775/87 30/40/1074 1659/1936/1073
f 2438/2778/3178 2437/2777/88 1659/1936/1073 1607/1883/3173
f 2439/2779/3179 2438/2778/3178 1607/1883/3173 29/39/3172
f 1165/1409/1071 2440/2780/519 2726/3097/522 2727/3098/1072
f 145/196/1068 2441/2781/596 2440/2780/519 1165/1409/1071
f 485/624/1067 2442/2782/593 2441/2781/596 145/196/1068
f 523/671/1675 2443/2783/1676 2442/2782/593 485/624/1067
f 165/221/1064 2444/2784/374 2443/2783/1676 523/671/1675
f 1217/1466/1063 2445/2785/371 2444/2784/374 165/221/1064
f 1269/1523/2722 2446/2786/2723 2445/2785/371 1217/1466/1063
f 105/146/1060 2447/2787/448 2446/2786/2723 1269/1523/2722
f 561/716/1059 2448/2788/445 2447/2787/448 105/146/1060
f 599/761/1768 2449/2789/1769 2448/2788/445 561/716/1059
f 125/171/1056 2450/2790/288 2449/2789/1769 599/761/1768
f 1333/1592/1055 2451/2791/285 2450/2790/288 125/171/1056
f 1397/1661/2836 2452/2792/2837 2451/2791/285 1333/1592/1055
f 12/20/1050 2453/2793/31 2452/2792/2837 1397/1661/2836
f 2454/2794/32 2453/2793/31 12/20/1050 1760/2039/1049
f 2455/2795/3320 2454/2794/32 1760/2039/1049 1709/1987/3315
f 2456/2797/3321 2455/2795/3320 1709/1987/3315 11/19/3314
s 5
f 2457/2798/119 2456/2796/118 11/18/1045 929/1155/1048
f 2458/2799/2241 2457/2798/119 929/1155/1048 39/61/2240
f 2459/2800/3008 2458/2799/2241 39/61/2240 1465/1735/3010
f 2460/2801/2385 2459/2800/3008 1465/1735/3010 1529/1803/2386
f 2461/2802/190 2460/2801/2385 1529/1803/2386 1026/1263/1043
f 2462/2803/174 2461/2802/190 1026/1263/1043 68/99/1039
f 2463/2804/175 2462/2803/174 68/99/1039 1820/2100/1042
f 2464/2805/3415 2463/2804/175 1820/2100/1042 1888/2170/3414
f 2465/2806/2555 2464/2805/3415 1888/2170/3414 62/91/2557
f 2466/2807/2556 2465/2806/2555 62/91/2557 1098/1339/2560
f 2467/2808/42 2466/2807/2556 1098/1339/2560 2050/2341/1035
f 2468/2809/43 2467/2808/42 2050/2341/1035 15/25/1038
f 2469/2810/2017 2468/2809/43 15/25/1038 1960/2247/2019
f 2470/2811/2018 2469/2810/2017 1960/2247/2019 860/1082/2022
f 2471/2812/26 2470/2811/2018 860/1082/2022 736/948/1031
f 2472/2813/27 2471/2812/26 736/948/1031 10/16/1034
s 2
f 10/17/3249 1683/1960/3248 2473/2815/3245 2472/2814/3244
f 1683/1960/3248 1734/2012/1030 2474/2816/21 2473/2815/3245
f 1734/2012/1030 9/14/1029 2475/2817/22 2474/2816/21
s 9
f 9/15/1026 723/933/1025 2476/2819/34 2475/2818/33
f 2477/2820/1976 2476/2819/34 723/933/1025 873/1097/1971
f 2478/2821/1977 2477/2820/1976 873/1097/1971 1943/2228/1974
f 2479/2822/55 2478/2821/1977 1943/2228/1974 18/28/1130
f 2480/2823/56 2479/2822/55 18/28/1130 2033/2322/1129
f 2481/2824/2511 2480/2823/56 2033/2322/1129 1083/1322/2505
f 2482/2825/2512 2481/2824/2511 1083/1322/2505 65/94/2508
s 72
f 1362/1624/2785 2385/2718/2784 2482/2825/2882 65/94/2884
s 9
f 232/302/2521 1086/1325/2520 2484/2827/2516 2483/2826/2515
f 1086/1325/2520 2036/2325/857 2485/2828/963 2484/2827/2516
f 2036/2325/857 205/269/856 2486/2829/964 2485/2828/963
f 1946/2231/1987 2487/2830/1984 2486/2829/964 205/269/856
f 870/1094/1986 2488/2831/1981 2487/2830/1984 1946/2231/1987
f 726/936/752 2489/2832/861 2488/2831/1981 870/1094/1986
f 2490/2834/862 2489/2832/861 726/936/752 206/271/751
s 2
f 2491/2835/866 2490/2833/865 206/270/756 1731/2009/755
f 2492/2836/3238 2491/2835/866 1731/2009/755 1680/1957/3233
f 2493/2838/3239 2492/2836/3238 1680/1957/3233 207/273/3232
s 5
f 733/945/760 2494/2839/867 2493/2837/870 207/272/761
f 863/1085/2007 2495/2840/2012 2494/2839/867 733/945/760
f 1957/2244/2006 2496/2841/2009 2495/2840/2012 863/1085/2007
f 208/274/765 2497/2842/874 2496/2841/2009 1957/2244/2006
f 2047/2338/764 2498/2843/871 2497/2842/874 208/274/765
f 1095/1336/2545 2499/2844/2550 2498/2843/871 2047/2338/764
f 209/275/2544 2500/2845/2547 2499/2844/2550 1095/1336/2545
f 1891/2173/3420 2501/2846/3419 2500/2845/2547 209/275/2544
f 1823/2103/769 2502/2847/878 2501/2846/3419 1891/2173/3420
f 210/276/768 2503/2848/875 2502/2847/878 1823/2103/769
f 1023/1260/772 2504/2849/879 2503/2848/875 210/276/768
f 1526/1800/2380 2505/2850/2381 2504/2849/879 1023/1260/772
f 1462/1732/3002 2506/2851/3005 2505/2850/2381 1526/1800/2380
f 211/277/2246 2507/2852/2245 2506/2851/3005 1462/1732/3002
f 932/1158/775 2508/2853/884 2507/2852/2245 211/277/2246
f 212/278/774 2509/2854/881 2508/2853/884 932/1158/775
s 4
f 212/279/3331 1712/1990/3330 2510/2856/3325 2509/2855/3324
f 1712/1990/3330 1763/2042/780 2511/2857/885 2510/2856/3325
f 1763/2042/780 213/280/779 2512/2858/886 2511/2857/885
f 1400/1664/2842 2513/2859/2841 2512/2858/886 213/280/779
f 1336/1595/782 2514/2860/891 2513/2859/2841 1400/1664/2842
f 2515/2861/892 2514/2860/891 1336/1595/782 214/281/781
f 602/764/1774 2516/2862/1773 2515/2861/892 214/281/781
f 564/719/786 2517/2863/895 2516/2862/1773 602/764/1774
f 2518/2864/896 2517/2863/895 564/719/786 215/282/785
f 1272/1526/2728 2519/2865/2727 2518/2864/896 215/282/785
f 1220/1469/790 2520/2866/899 2519/2865/2727 1272/1526/2728
f 2521/2867/900 2520/2866/899 1220/1469/790 216/283/789
f 526/674/1681 2522/2868/1680 2521/2867/900 216/283/789
f 488/627/794 2523/2869/903 2522/2868/1680 526/674/1681
f 2524/2870/904 2523/2869/903 488/627/794 217/284/793
f 1168/1412/798 2525/2871/907 2524/2870/904 217/284/793
f 2722/3093/908 2525/2871/907 1168/1412/798 2721/3092/797
f 218/285/3189 1610/1886/3188 2527/2873/3183 2526/2872/3182
f 1610/1886/3188 1662/1939/804 2528/2874/909 2527/2873/3183
f 1662/1939/804 219/286/803 2529/2875/910 2528/2874/909
s 19
f 949/1177/806 2530/2877/913 2529/2876/916 219/287/807
f 220/288/2271 2531/2878/2272 2530/2877/913 949/1177/806
f 1498/1768/3053 2532/2879/3050 2531/2878/2272 220/288/2271
f 1562/1836/2427 2533/2880/2426 2532/2879/3050 1498/1768/3053
f 1054/1291/811 2534/2881/920 2533/2880/2426 1562/1836/2427
f 221/289/810 2535/2882/917 2534/2881/920 1054/1291/811
f 1783/2063/814 2536/2883/921 2535/2882/917 221/289/810
f 1851/2133/3367 2537/2884/3368 2536/2883/921 1783/2063/814
f 222/290/2641 2538/2885/2638 2537/2884/3368 1851/2133/3367
f 1126/1367/2640 2539/2886/2635 2538/2885/2638 222/290/2641
f 2087/2378/817 2540/2887/926 2539/2886/2635 1126/1367/2640
f 223/291/816 2541/2888/923 2540/2887/926 2087/2378/817
f 1997/2284/2099 2542/2889/2096 2541/2888/923 223/291/816
f 900/1126/2098 2543/2890/2093 2542/2889/2096 1997/2284/2099
f 760/972/820 2544/2891/929 2543/2890/2093 900/1126/2098
f 2545/2893/930 2544/2891/929 760/972/820 224/293/819
s 2
f 2546/2894/934 2545/2892/933 224/292/824 1630/1906/823
f 2547/2895/3096 2546/2894/934 1630/1906/823 1578/1853/3091
f 2548/2897/3097 2547/2895/3096 1578/1853/3091 225/295/3090
s 21
f 767/981/828 2549/2898/935 2548/2896/938 225/294/829
f 893/1117/2119 2550/2899/2124 2549/2898/935 767/981/828
f 1918/2203/2118 2551/2900/2121 2550/2899/2124 893/1117/2119
f 226/296/833 2552/2901/942 2551/2900/2121 1918/2203/2118
f 2008/2297/832 2553/2902/939 2552/2901/942 226/296/833
f 1063/1302/2445 2554/2903/2450 2553/2902/939 2008/2297/832
f 227/297/2444 2555/2904/2447 2554/2903/2450 1063/1302/2445
s 95
f 1133/1375/836 2556/2905/943 2697/3065/946 2698/3066/837
f 228/298/2657 2557/2907/2658 2556/2905/943 1133/1375/836
s 298
f 2558/2908/1483 2557/2906/1482 228/209/1473 621/790/1476
f 2559/2909/1586 2558/2908/1483 621/790/1476 452/572/1581
f 2560/2911/1587 2559/2909/1586 452/572/1581 428/511/1584
s 146
f 503/647/840 2561/2912/947 2560/2910/950 428/522/841
f 541/694/1707 2562/2913/1708 2561/2912/947 503/647/840
f 427/521/1730 2563/2915/1731 2562/2913/1708 541/694/1707
s 296
f 465/599/1634 2564/2916/1629 2563/2914/1632 427/510/1635
f 636/819/1471 2565/2917/1480 2564/2916/1629 465/599/1634
f 229/234/1470 2566/2919/1477 2565/2917/1480 636/819/1471
s 95
f 1185/1432/844 2567/2920/951 2566/2918/954 229/299/845
f 1237/1489/2673 2568/2921/2674 2567/2920/951 1185/1432/844
f 230/300/2752 2569/2923/2753 2568/2921/2674 1237/1489/2673
s 286
f 2570/2924/1415 2569/2922/1414 230/494/1405 643/830/1408
f 2763/3138/1831 2570/2924/1415 643/830/1408 2762/3136/1830
f 2572/2927/1519 2571/2925/1518 436/538/1513 410/516/1516
s 112
f 579/739/848 2573/2928/955 2572/2926/958 410/524/849
f 617/784/1800 2574/2929/1801 2573/2928/955 579/739/848
f 409/523/1823 2575/2931/1824 2574/2929/1801 617/784/1800
s 284
f 348/563/1566 2576/2932/1561 2575/2930/1564 409/513/1567
f 658/857/1403 2577/2933/1412 2788/3173/1856 1418/3175/1254
f 231/495/1402 2578/2935/1409 2577/2933/1412 658/857/1403
s 220
f 231/301/3468 1291/1548/3469 2579/2936/960 2578/2934/959
f 2580/2937/2773 2579/2936/960 1291/1548/3469 1355/1617/3470
f 2483/2826/2873 2580/2937/2773 1355/1617/3470 232/302/3471
s 9
f 2031/2320/1236 2582/2939/1889 2581/2938/2500 1081/1320/2502
f 2583/2940/1890 2582/2939/1889 2031/2320/1236 317/405/1235
f 1941/2226/1969 2584/2941/1966 2583/2940/1890 317/405/1235
f 875/1099/1968 2585/2942/1965 2584/2941/1966 1941/2226/1969
f 721/931/1132 2586/2943/1891 2585/2942/1965 875/1099/1968
f 2587/2945/1892 2586/2943/1891 721/931/1132 318/407/1131
s 2
f 2588/2946/1894 2587/2944/1893 318/406/1136 1736/2014/1135
f 2589/2947/3256 2588/2946/1894 1736/2014/1135 1685/1962/3251
f 2590/2949/3257 2589/2947/3256 1685/1962/3251 319/409/3250
s 5
f 738/950/1140 2591/2950/1895 2590/2948/1896 319/408/1141
f 858/1080/2025 2592/2951/2030 2591/2950/1895 738/950/1140
f 1962/2249/2024 2593/2952/2027 2592/2951/2030 858/1080/2025
f 320/410/1145 2594/2953/1898 2593/2952/2027 1962/2249/2024
f 2052/2343/1144 2595/2954/1897 2594/2953/1898 320/410/1145
f 1100/1341/2563 2596/2955/2568 2595/2954/1897 2052/2343/1144
f 321/411/2562 2597/2956/2565 2596/2955/2568 1100/1341/2563
f 1886/2168/3411 2598/2957/3410 2597/2956/2565 321/411/2562
f 1818/2098/1149 2599/2958/1900 2598/2957/3410 1886/2168/3411
f 322/412/1148 2600/2959/1899 2599/2958/1900 1818/2098/1149
f 1028/1265/1152 2601/2960/1901 2600/2959/1899 322/412/1148
f 1531/1805/2389 2602/2961/2390 2601/2960/1901 1028/1265/1152
f 1467/1737/3011 2603/2962/3014 2602/2961/2390 1531/1805/2389
f 323/413/2237 2604/2963/2236 2603/2962/3014 1467/1737/3011
f 927/1153/1155 2605/2964/1903 2604/2963/2236 323/413/2237
f 324/414/1154 2606/2965/1902 2605/2964/1903 927/1153/1155
s 4
f 324/415/3313 1707/1985/3312 2607/2967/3309 2606/2966/3308
f 1707/1985/3312 1758/2037/1160 2608/2968/1904 2607/2967/3309
f 1758/2037/1160 325/416/1159 2609/2969/1905 2608/2968/1904
f 1395/1659/2833 2610/2970/2832 2609/2969/1905 325/416/1159
f 1331/1590/1162 2611/2971/1906 2610/2970/2832 1395/1659/2833
f 2612/2972/1907 2611/2971/1906 1331/1590/1162 326/417/1161
f 2613/2973/1908 2612/2972/1907 326/417/1161 597/759/1765
f 2614/2974/1909 2613/2973/1908 597/759/1765 559/714/1166
f 2615/2975/1910 2614/2974/1909 559/714/1166 327/418/1165
f 1267/1521/2719 2616/2976/2718 2615/2975/1910 327/418/1165
f 1215/1464/1170 2617/2977/1911 2616/2976/2718 1267/1521/2719
f 2618/2978/1912 2617/2977/1911 1215/1464/1170 328/419/1169
f 2619/2979/1913 2618/2978/1912 328/419/1169 521/669/1672
f 2620/2980/1914 2619/2979/1913 521/669/1672 483/622/1174
f 2621/2981/1915 2620/2980/1914 483/622/1174 329/420/1173
f 1163/1407/1178 2622/2982/1916 2621/2981/1915 329/420/1173
f 2731/3102/1917 2622/2982/1916 1163/1407/1178 2730/3101/1177
f 330/421/3171 1605/1881/3170 2624/2984/3167 2623/2983/3166
f 1605/1881/3170 1657/1934/1184 2625/2985/1918 2624/2984/3167
f 1657/1934/1184 331/422/1183 2626/2986/1919 2625/2985/1918
s 19
f 2627/2988/1921 2626/2987/1920 331/423/1186 954/1182/1185
f 2628/2989/2282 2627/2988/1921 954/1182/1185 332/424/2279
f 1493/1763/3044 2629/2990/3042 2628/2989/2282 332/424/2279
f 1557/1831/2418 2630/2991/2417 2629/2990/3042 1493/1763/3044
f 1049/1286/1190 2631/2992/1922 2630/2991/2417 1557/1831/2418
f 2632/2993/1923 2631/2992/1922 1049/1286/1190 333/425/1189
f 2633/2994/1924 2632/2993/1923 333/425/1189 1788/2068/1193
f 2634/2995/3378 2633/2994/1924 1788/2068/1193 1856/2138/3375
f 2635/2996/2620 2634/2995/3378 1856/2138/3375 334/426/2623
f 1121/1362/2622 2636/2997/2619 2635/2996/2620 334/426/2623
f 2082/2373/1196 2637/2998/1925 2636/2997/2619 1121/1362/2622
f 2638/2999/1926 2637/2998/1925 2082/2373/1196 335/427/1195
f 1992/2279/2081 2639/3000/2078 2638/2999/1926 335/427/1195
f 905/1131/2080 2640/3001/2077 2639/3000/2078 1992/2279/2081
f 755/967/1200 2641/3002/1927 2640/3001/2077 905/1131/2080
f 2642/3004/1928 2641/3002/1927 755/967/1200 336/429/1199
s 2
f 2643/3005/1930 2642/3003/1929 336/428/1204 1635/1911/1203
f 2644/3006/3114 2643/3005/1930 1635/1911/1203 1583/1858/3109
f 2645/3008/3115 2644/3006/3114 1583/1858/3109 337/431/3108
s 21
f 772/986/1208 2646/3009/1931 2645/3007/1932 337/430/1209
f 888/1112/2137 2647/3010/2142 2646/3009/1931 772/986/1208
f 1923/2208/2136 2648/3011/2139 2647/3010/2142 888/1112/2137
f 338/432/1213 2649/3012/1934 2648/3011/2139 1923/2208/2136
f 2013/2302/1212 2650/3013/1933 2649/3012/1934 338/432/1213
f 1068/1307/2463 2651/3014/2468 2650/3013/1933 2013/2302/1212
f 339/433/2462 2652/3015/2465 2651/3014/2468 1068/1307/2463
s 95
f 1138/1380/1216 2653/3016/1935 2688/3056/1936 2689/3057/1217
f 340/434/2666 2654/3018/2667 2653/3016/1935 1138/1380/1216
s 298
f 2655/3019/1938 2654/3017/1937 340/333/1501 626/800/1504
f 2656/3020/1939 2655/3019/1938 626/800/1504 457/582/1599
f 2657/3022/1940 2656/3020/1939 457/582/1599 418/525/1602
s 146
f 470/605/1220 2658/3023/1863 2657/3021/1864 418/508/1221
f 508/652/1646 2659/3024/1865 2658/3023/1863 470/605/1220
f 416/505/1716 2660/3026/1866 2659/3024/1865 508/652/1646
s 296
f 460/589/1616 2661/3027/1867 2660/3025/1868 416/519/1617
f 631/809/1499 2662/3028/1869 2661/3027/1867 460/589/1616
f 341/268/1498 2663/3030/1870 2662/3028/1869 631/809/1499
s 95
f 1190/1437/1224 2664/3031/1871 2663/3029/1872 341/435/1225
f 1242/1494/2682 2665/3032/2683 2664/3031/1871 1190/1437/1224
f 342/436/2761 2666/3033/2762 2665/3032/2683 1242/1494/2682
s 286
f 2667/3034/1874 2666/3033/1873 342/436/1433 648/840/1436
f 2772/3152/1875 2667/3034/1874 648/840/1436 2771/3150/1839
f 2669/3036/1877 2668/3035/1876 441/548/1531 400/500/1534
s 112
f 546/699/1228 2670/3037/1878 2669/3036/1879 400/500/1229
f 584/744/1739 2671/3038/1880 2670/3037/1878 546/699/1228
f 398/497/1809 2672/3039/1881 2671/3038/1880 584/744/1739
s 284
f 444/553/1548 2673/3040/1882 2672/3039/1883 398/497/1549
f 653/847/1431 2674/3041/1884 2779/3159/1885 2780/3161/1848
f 343/437/1430 2675/3042/1886 2674/3041/1884 653/847/1431
s 73
f 1306/1563/3472 2676/3043/1887 2675/3042/1888 343/437/3473
f 1370/1632/3474 2677/3044/2797 2676/3043/1887 1306/1563/3472
f 344/438/3475 2678/3045/2896 2677/3044/2797 1370/1632/3474
s 9
f 1081/1320/2502 2581/2938/2500 2678/3045/2499 344/438/2503
s 74
usemtl lambert5SG
f 774/988/3476 2680/3048/553 2679/3046/556 86/122/3477
f 886/1110/3478 2681/3049/2147 2680/3048/553 774/988/3476
f 2682/3050/2148 2681/3049/2147 886/1110/3478 1925/2210/3479
f 2683/3051/559 2682/3050/2148 1925/2210/3479 87/124/3480
f 2684/3052/560 2683/3051/559 87/124/3480 2015/2304/3481
f 2685/3053/2473 2684/3052/560 2015/2304/3481 1070/1309/3482
f 2686/3054/2474 2685/3053/2473 1070/1309/3482 88/125/3483
s 95
usemtl lambert4SG
f 2687/3055/564 2686/3054/563 88/125/3484 707/916/3485
f 2688/3056/1936 2687/3055/564 707/916/3485 2652/3015/3486
f 2689/3057/1217 2688/3056/1936 2652/3015/3486 339/433/3487
f 2690/3058/1218 2689/3057/1217 339/433/3487 311/399/3488
f 2312/2639/3489 2691/3059/1109 2690/3058/1218 311/399/3488
f 2692/3060/1110 2691/3059/1109 2312/2639/3489 51/77/3490
f 2410/2747/3491 2693/3061/567 2692/3060/1110 51/77/3490
f 2694/3062/568 2693/3061/567 2410/2747/3491 283/365/3492
f 2695/3063/1010 2694/3062/568 283/365/3492 255/331/3493
f 2214/2527/3494 2696/3064/945 2695/3063/1010 255/331/3493
f 2697/3065/946 2696/3064/945 2214/2527/3494 2555/2904/3495
f 2698/3066/837 2697/3065/946 2555/2904/3495 227/297/3496
f 2699/3067/838 2698/3066/837 227/297/3496 200/264/3497
f 2116/2415/3498 2700/3068/733 2699/3067/838 200/264/3497
f 2701/3069/734 2700/3068/733 2116/2415/3498 393/493/3499
f 2702/3070/1358 2701/3069/734 393/493/3499 967/1197/3500
f 2703/3072/2300 2702/3070/1358 967/1197/3500 50/75/3501
s 3
f 2704/3073/3357 2703/3071/3443 50/76/3069 1844/2125/3358
f 2705/3074/497 2704/3073/3357 1844/2125/3358 1776/2055/3064
f 2706/3076/498 2705/3074/497 1776/2055/3064 56/84/3060
s 70
f 2707/3077/502 2706/3075/501 56/83/3502 57/85/3503
f 2708/3078/504 2707/3077/502 57/85/3503 89/126/3504
s 69
f 2709/3079/508 2708/3078/507 89/126/3505 1007/1242/3506
f 2710/3080/2359 2709/3079/508 1007/1242/3506 1505/1777/3507
f 2711/3081/2962 2710/3080/2359 1505/1777/3507 1441/1709/3508
f 2712/3082/2963 2711/3081/2962 1441/1709/3508 90/127/3509
s 68
f 2713/3083/512 2712/3082/511 90/127/3510 45/69/3511
f 2714/3085/514 2713/3083/512 45/69/3511 44/67/3512
s 3
f 945/1172/3198 2715/3086/517 2714/3084/2264 44/68/3202
f 2716/3087/518 2715/3086/517 945/1172/3198 25/49/3201
s 4
f 999/1232/3194 2717/3088/1339 2716/3087/2344 25/49/3196
f 384/481/3190 2718/3089/696 2717/3088/1339 999/1232/3194
f 2145/2447/3193 2719/3090/693 2718/3089/696 384/481/3190
f 191/252/3186 2720/3091/800 2719/3090/693 2145/2447/3193
f 218/285/3189 2721/3092/797 2720/3091/800 191/252/3186
f 2526/2872/3182 2722/3093/908 2721/3092/797 218/285/3189
f 2243/2559/3185 2723/3094/905 2722/3093/908 2526/2872/3182
f 246/319/3180 2724/3095/991 2723/3094/905 2243/2559/3185
f 274/353/3176 2725/3096/521 2724/3095/991 246/319/3180
f 2726/3097/522 2725/3096/521 274/353/3176 2439/2779/3179
f 2727/3098/1072 2726/3097/522 2439/2779/3179 29/39/3172
f 2341/2671/3175 2728/3099/1069 2727/3098/1072 29/39/3172
f 302/387/3168 2729/3100/1180 2728/3099/1069 2341/2671/3175
f 330/421/3171 2730/3101/1177 2729/3100/1180 302/387/3168
f 2623/2983/3166 2731/3102/1917 2730/3101/1177 330/421/3171
f 698/904/3164 2732/3103/525 2731/3102/1917 2623/2983/3166
f 2733/3104/526 2732/3103/525 698/904/3164 91/128/3162
usemtl lambert5SG
f 800/1016/3160 2734/3105/2194 2733/3104/526 91/128/3162
f 834/1054/3156 2735/3106/529 2734/3105/2194 800/1016/3160
f 2736/3108/530 2735/3106/529 834/1054/3156 19/42/3159
s 1
f 2737/3109/534 2736/3107/533 19/53/3154 912/1138/3152
f 2738/3110/2218 2737/3109/534 912/1138/3152 46/70/3150
f 1487/1757/3148 2739/3111/3034 2738/3110/2218 46/70/3150
f 1551/1825/3146 2740/3112/2409 2739/3111/3034 1487/1757/3148
f 1043/1280/3144 2741/3113/537 2740/3112/2409 1551/1825/3146
f 2742/3114/538 2741/3113/537 1043/1280/3144 58/86/3140
f 2743/3115/540 2742/3114/538 58/86/3140 1796/2076/3143
f 2744/3116/3388 2743/3115/540 1796/2076/3143 1864/2146/3386
f 2745/3117/2604 2744/3116/3388 1864/2146/3386 52/78/3136
f 1115/1356/3139 2746/3118/2601 2745/3117/2604 52/78/3136
f 2074/2365/3132 2747/3119/543 2746/3118/2601 1115/1356/3139
f 2748/3120/544 2747/3119/543 2074/2365/3132 34/29/3135
f 1984/2271/3130 2749/3121/2064 2748/3120/544 34/29/3135
f 843/1065/3128 2750/3122/2061 2749/3121/2064 1984/2271/3130
f 751/963/3124 2751/3123/547 2750/3122/2061 843/1065/3128
f 2752/3124/548 2751/3123/547 751/963/3124 21/32/3127
s 2
f 842/1064/3120 2753/3125/549 2752/3124/552 21/32/3122
f 808/1026/3118 2754/3126/2213 2753/3125/549 842/1064/3120
f 2679/3047/2214 2754/3126/2213 808/1026/3118 86/123/3116
s 284
usemtl lambert4SG
f 2756/3128/1858 2755/3127/1857 2095/2387/1570 433/533/1569
s 289
f 614/780/1795 2757/3129/1859 2756/3128/1860 433/533/1818
f 576/735/1506 2758/3130/1861 2757/3129/1859 614/780/1795
f 2759/3132/1862 2758/3130/1861 576/735/1506 434/535/1505
s 286
f 2760/3133/1828 2759/3131/1827 434/534/1510 2100/2394/1509
f 2761/3135/1829 2760/3133/1828 2100/2394/1509 435/537/1514
f 2762/3137/1830 2761/3134/1829 435/536/1514 436/539/1513
f 2571/2925/1518 2763/3138/1831 2762/3136/1830 436/538/1513
f 2764/3139/1832 2763/3138/1831 2571/2925/1518 2198/2506/1517
f 2765/3141/1833 2764/3139/1832 2198/2506/1517 437/541/1522
f 2766/3143/1834 2765/3140/1833 437/540/1522 438/543/1521
f 2767/3144/1835 2766/3142/1834 438/542/1521 2394/2727/1525
f 2768/3146/1836 2767/3144/1835 2394/2727/1525 439/545/1528
f 2769/3147/1837 2768/3145/1836 439/544/1528 2296/2618/1527
f 2770/3149/1838 2769/3147/1837 2296/2618/1527 440/547/1532
f 2771/3151/1839 2770/3148/1838 440/546/1532 441/549/1531
f 2668/3035/1876 2772/3152/1875 2771/3150/1839 441/548/1531
f 672/875/1536 2773/3153/1840 2772/3152/1875 2668/3035/1876
f 2774/3154/1841 2773/3153/1840 672/875/1536 442/550/1535
s 285
f 2775/3155/1843 2774/3154/1842 442/550/1540 548/701/1539
f 2776/3156/1844 2775/3155/1843 548/701/1539 586/746/1742
f 2777/3157/1845 2776/3156/1844 586/746/1742 443/551/1812
s 284
f 2778/3158/1847 2777/3157/1846 443/551/1544 677/880/1543
f 2779/3159/1885 2778/3158/1847 677/880/1543 2673/3040/1882
f 2780/3161/1848 2779/3159/1885 2673/3040/1882 444/553/1548
f 2781/3163/1849 2780/3160/1848 444/552/1548 445/555/1547
f 2291/2611/1552 2782/3164/1850 2781/3162/1849 445/554/1547
f 2783/3166/1851 2782/3164/1850 2291/2611/1552 446/557/1551
f 2389/2722/1556 2784/3167/1852 2783/3165/1851 446/556/1551
f 2785/3169/1853 2784/3167/1852 2389/2722/1556 447/559/1555
f 2786/3171/1854 2785/3168/1853 447/558/1555 448/561/1559
f 2193/2499/1562 2787/3172/1855 2786/3170/1854 448/560/1559
f 2788/3173/1856 2787/3172/1855 2193/2499/1562 2576/2932/1561
f 1418/3175/1254 2788/3173/1856 2576/2932/1561 348/563/1566
s 273
f 1417/3177/1253 1418/3174/1254 348/562/3513 345/565/3514
s 284
f 2095/2387/1570 2755/3127/1857 1417/3176/1253 345/564/1565
s 397
usemtl lambert5SG
f 2823/3178/3515 2824/3179/3516 2815/3180/3517 2791/3181/3518
s 398
f 2791/3181/3519 2815/3180/3520 2816/3182/3521 2797/3183/3522
s 399
f 2798/3184/3523 2813/3185/3524 2814/3186/3525 2789/3187/3526
s 400
f 2825/3188/3527 2826/3189/3528 2800/3190/3529 2792/3191/3530
s 401
f 2822/3192/3531 2823/3178/3532 2791/3181/3533 2797/3193/3534
f 2821/3194/3535 2929/3195/3536 2930/3196/3537 2801/3197/3538
s 399
f 2802/3198/3539 2812/3199/3540 2926/3200/3541 2927/3201/3542
s 400
f 2935/3202/3543 2936/3203/3544 2827/3204/3545 2804/3205/3546
s 398
f 2930/3206/3547 2931/3207/3548 2817/3208/3549 2801/3209/3550
s 401
f 2820/3210/3551 2913/3211/3552 2914/3212/3553 2805/3213/3554
s 399
f 2806/3214/3555 2811/3215/3556 2910/3216/3557 2911/3217/3558
s 400
f 2919/3218/3559 2920/3219/3560 2828/3220/3561 2808/3221/3562
s 398
f 2914/3222/3563 2915/3223/3564 2818/3224/3565 2805/3225/3566
s 401
f 2819/3226/3567 2945/3227/3568 2946/3228/3569 2793/3229/3570
s 399
f 2795/3230/3571 2810/3231/3572 2942/3232/3573 2943/3233/3574
s 400
f 2951/3234/3575 2952/3235/3576 2829/3236/3577 2794/3237/3578
s 398
f 2946/3238/3579 2947/3239/3580 2809/3240/3581 2793/3241/3582
s 399
f 2955/3242/3583 2852/3243/3584 2796/3244/3585 2954/3245/3586
f 2923/3246/3587 2851/3247/3588 2807/3248/3589 2922/3249/3590
f 2939/3250/3591 2850/3251/3592 2803/3252/3593 2938/3253/3594
f 2848/3254/3595 2849/3255/3596 2799/3256/3597 2790/3257/3598
s 397
f 2845/3258/3599 2846/3259/3600 2825/3188/3601 2792/3191/3602
s 398
f 2844/3260/3603 2845/3258/3604 2792/3191/3605 2800/3261/3606
f 2843/3262/3607 2934/3263/3608 2935/3264/3609 2804/3265/3610
f 2842/3266/3611 2918/3267/3612 2919/3268/3613 2808/3269/3614
f 2841/3270/3615 2950/3271/3616 2951/3272/3617 2794/3273/3618
s 401
f 2830/3274/3619 2944/3275/3620 2945/3227/3568 2819/3226/3567
f 2831/3276/3621 2912/3277/3622 2913/3211/3552 2820/3210/3551
f 2832/3278/3623 2928/3279/3624 2929/3195/3536 2821/3194/3535
f 2833/3280/3625 2834/3281/3626 2823/3178/3532 2822/3192/3531
s 397
f 2834/3281/3627 2835/3282/3628 2824/3179/3516 2823/3178/3515
f 2825/3188/3601 2846/3259/3600 2847/3283/3629 2836/3284/3630
s 400
f 2836/3284/3631 2837/3285/3632 2826/3189/3528 2825/3188/3527
f 2827/3204/3545 2936/3203/3544 2937/3286/3633 2838/3287/3634
f 2828/3220/3561 2920/3219/3560 2921/3288/3635 2839/3289/3636
f 2829/3236/3577 2952/3235/3576 2953/3290/3637 2840/3291/3638
s 401
f 2795/3292/3639 2943/3293/3640 2944/3275/3620 2830/3274/3619
f 2806/3294/3641 2911/3295/3642 2912/3277/3622 2831/3276/3621
f 2802/3296/3643 2927/3297/3644 2928/3279/3624 2832/3278/3623
f 2798/3298/3645 2789/3299/3646 2834/3281/3626 2833/3280/3625
s 397
f 2789/3299/3647 2814/3300/3648 2835/3282/3628 2834/3281/3627
f 2836/3284/3630 2847/3283/3629 2848/3301/3649 2790/3302/3650
s 400
f 2790/3302/3651 2799/3303/3652 2837/3285/3632 2836/3284/3631
f 2838/3287/3634 2937/3286/3633 2938/3304/3653 2803/3305/3654
f 2839/3289/3636 2921/3288/3635 2922/3306/3655 2807/3307/3656
f 2840/3291/3638 2953/3290/3637 2954/3308/3657 2796/3309/3658
s 398
f 2809/3240/3581 2947/3239/3580 2948/3310/3659 2890/3311/3660
f 2818/3224/3565 2915/3223/3564 2916/3312/3661 2889/3313/3662
f 2817/3208/3549 2931/3207/3548 2932/3314/3663 2888/3315/3664
f 2816/3182/3521 2815/3180/3520 2886/3316/3665 2887/3317/3666
s 397
usemtl lambert4SG
f 2815/3180/3517 2824/3179/3516 2885/3318/3667 2886/3316/3668
f 2884/3319/3669 2885/3318/3667 2824/3179/3516 2835/3282/3628
f 2883/3320/3670 2884/3319/3669 2835/3282/3628 2814/3300/3648
s 399
usemtl lambert5SG
f 2814/3186/3525 2813/3185/3524 2882/3321/3671 2883/3322/3672
f 2926/3200/3541 2812/3199/3540 2881/3323/3673 2925/3324/3674
f 2910/3216/3557 2811/3215/3556 2880/3325/3675 2909/3326/3676
f 2942/3232/3573 2810/3231/3572 2879/3327/3677 2941/3328/3678
s 417
f 2978/3329/3679 2979/3330/3680 2854/3331/3681 2853/3332/3682
f 2974/3333/3683 2975/3334/3684 2855/3335/3685 2856/3336/3686
f 2977/3337/3687 2978/3338/3679 2853/3339/3682 2857/3340/3688
f 2983/3341/3689 2984/3342/3690 2859/3343/3691 2858/3344/3692
f 2979/3345/3680 2980/3346/3693 2891/3347/3694 2854/3348/3681
f 2973/3349/3695 2974/3350/3683 2856/3351/3686 2878/3352/3696
f 2976/3353/3697 2977/3354/3687 2857/3355/3688 2862/3356/3698
f 2984/3357/3690 2985/3358/3699 2863/3359/3700 2859/3360/3691
f 2975/3361/3684 2976/3362/3697 2862/3363/3698 2855/3364/3685
f 2985/3365/3699 2986/3366/3701 2864/3367/3702 2863/3368/3700
f 2982/3369/3703 2983/3370/3689 2858/3371/3692 2860/3372/3704
f 2986/3373/3701 2987/3374/3705 2861/3375/3706 2864/3376/3702
s 420
f 3010/3377/3707 3011/3378/3708 2866/3379/3709 2865/3380/3710
s 421
f 3006/3381/3711 3007/3382/3712 2867/3383/3713 2868/3384/3714
s 422
f 3009/3385/3715 3010/3386/3716 2865/3387/3717 2869/3388/3718
s 423
f 3015/3389/3719 3016/3390/3720 2871/3391/3721 2870/3392/3722
s 420
f 3011/3393/3708 3012/3394/3723 2892/3395/3724 2866/3396/3709
s 421
f 3005/3397/3725 3006/3398/3711 2868/3399/3714 2877/3400/3726
s 422
f 3008/3401/3727 3009/3402/3715 2869/3403/3718 2874/3404/3728
s 423
f 3016/3405/3720 3017/3406/3729 2875/3407/3730 2871/3408/3721
s 422
f 3007/3409/3731 3008/3410/3727 2874/3411/3728 2867/3412/3732
s 423
f 3017/3413/3729 3018/3414/3733 2876/3415/3734 2875/3416/3730
s 420
f 3014/3417/3735 3015/3418/3736 2870/3419/3737 2872/3420/3738
s 421
f 3018/3421/3739 3019/3422/3740 2873/3423/3741 2876/3424/3742
f 3020/3425/3743 3005/3397/3725 2877/3400/3726 2893/3426/3744
s 417
f 2988/3427/3745 2973/3349/3695 2878/3352/3696 2894/3428/3746
s 399
f 2956/3429/3747 2941/3328/3678 2879/3327/3677 2895/3430/3748
f 2924/3431/3749 2909/3326/3676 2880/3325/3675 2896/3432/3750
f 2940/3433/3751 2925/3324/3674 2881/3323/3673 2897/3434/3752
f 2883/3322/3672 2882/3321/3671 2898/3435/3753 2899/3436/3754
s 397
usemtl lambert4SG
f 2899/3437/3755 2900/3438/3756 2884/3319/3669 2883/3320/3670
f 2900/3438/3756 2901/3439/3757 2885/3318/3667 2884/3319/3669
f 2886/3316/3668 2885/3318/3667 2901/3439/3757 2902/3440/3758
s 398
usemtl lambert5SG
f 2887/3317/3666 2886/3316/3665 2902/3440/3759 2903/3441/3760
f 2888/3315/3664 2932/3314/3663 2933/3442/3761 2904/3443/3762
f 2889/3313/3662 2916/3312/3661 2917/3444/3763 2905/3445/3764
f 2890/3311/3660 2948/3310/3659 2949/3446/3765 2906/3447/3766
s 417
f 2891/3347/3694 2980/3346/3693 2981/3448/3767 2907/3449/3768
s 420
f 2892/3395/3724 3012/3394/3723 3013/3450/3769 2908/3451/3770
s 421
f 3019/3452/3740 3020/3425/3743 2893/3426/3744 2873/3453/3741
s 417
f 2987/3454/3705 2988/3427/3745 2894/3428/3746 2861/3455/3706
s 399
f 2956/3429/3747 2895/3430/3748 2852/3243/3584 2955/3242/3583
f 2924/3431/3749 2896/3432/3750 2851/3247/3588 2923/3246/3587
f 2940/3433/3751 2897/3434/3752 2850/3251/3592 2939/3250/3591
f 2899/3436/3754 2898/3435/3753 2849/3255/3596 2848/3254/3595
s 397
usemtl lambert4SG
f 2848/3301/3649 2847/3283/3629 2900/3438/3756 2899/3437/3755
f 2847/3283/3629 2846/3259/3600 2901/3439/3757 2900/3438/3756
f 2902/3440/3758 2901/3439/3757 2846/3259/3600 2845/3258/3599
s 398
usemtl lambert5SG
f 2903/3441/3760 2902/3440/3759 2845/3258/3604 2844/3260/3603
f 2904/3443/3762 2933/3442/3761 2934/3263/3608 2843/3262/3607
f 2905/3445/3764 2917/3444/3763 2918/3267/3612 2842/3266/3611
f 2906/3447/3766 2949/3446/3765 2950/3271/3616 2841/3270/3615
s 417
f 2907/3449/3768 2981/3448/3767 2982/3456/3703 2860/3457/3704
s 420
f 2908/3451/3770 3013/3450/3769 3014/3458/3735 2872/3459/3738
s 399
f 2812/3199/3540 2910/3216/3557 2909/3326/3676 2881/3323/3673
f 2911/3217/3558 2910/3216/3557 2812/3199/3540 2802/3198/3539
s 401
f 2912/3277/3622 2911/3295/3642 2802/3296/3643 2832/3278/3623
f 2913/3211/3552 2912/3277/3622 2832/3278/3623 2821/3194/3535
f 2914/3212/3553 2913/3211/3552 2821/3194/3535 2801/3197/3538
s 398
f 2801/3209/3550 2817/3208/3549 2915/3223/3564 2914/3222/3563
f 2916/3312/3661 2915/3223/3564 2817/3208/3549 2888/3315/3664
f 2917/3444/3763 2916/3312/3661 2888/3315/3664 2904/3443/3762
f 2918/3267/3612 2917/3444/3763 2904/3443/3762 2843/3262/3607
f 2919/3268/3613 2918/3267/3612 2843/3262/3607 2804/3265/3610
s 400
f 2804/3205/3546 2827/3204/3545 2920/3219/3560 2919/3218/3559
f 2921/3288/3635 2920/3219/3560 2827/3204/3545 2838/3287/3634
f 2922/3306/3655 2921/3288/3635 2838/3287/3634 2803/3305/3654
s 399
f 2850/3251/3592 2923/3246/3587 2922/3249/3590 2803/3252/3593
f 2897/3434/3752 2924/3431/3749 2923/3246/3587 2850/3251/3592
f 2881/3323/3673 2909/3326/3676 2924/3431/3749 2897/3434/3752
f 2813/3185/3524 2926/3200/3541 2925/3324/3674 2882/3321/3671
f 2927/3201/3542 2926/3200/3541 2813/3185/3524 2798/3184/3523
s 401
f 2928/3279/3624 2927/3297/3644 2798/3298/3645 2833/3280/3625
f 2929/3195/3536 2928/3279/3624 2833/3280/3625 2822/3192/3531
f 2930/3196/3537 2929/3195/3536 2822/3192/3531 2797/3193/3534
s 398
f 2797/3183/3522 2816/3182/3521 2931/3207/3548 2930/3206/3547
f 2932/3314/3663 2931/3207/3548 2816/3182/3521 2887/3317/3666
f 2933/3442/3761 2932/3314/3663 2887/3317/3666 2903/3441/3760
f 2934/3263/3608 2933/3442/3761 2903/3441/3760 2844/3260/3603
f 2935/3264/3609 2934/3263/3608 2844/3260/3603 2800/3261/3606
s 400
f 2800/3190/3529 2826/3189/3528 2936/3203/3544 2935/3202/3543
f 2937/3286/3633 2936/3203/3544 2826/3189/3528 2837/3285/3632
f 2938/3304/3653 2937/3286/3633 2837/3285/3632 2799/3303/3652
s 399
f 2849/3255/3596 2939/3250/3591 2938/3253/3594 2799/3256/3597
f 2898/3435/3753 2940/3433/3751 2939/3250/3591 2849/3255/3596
f 2882/3321/3671 2925/3324/3674 2940/3433/3751 2898/3435/3753
f 2811/3215/3556 2942/3232/3573 2941/3328/3678 2880/3325/3675
f 2943/3233/3574 2942/3232/3573 2811/3215/3556 2806/3214/3555
s 401
f 2944/3275/3620 2943/3293/3640 2806/3294/3641 2831/3276/3621
f 2945/3227/3568 2944/3275/3620 2831/3276/3621 2820/3210/3551
f 2946/3228/3569 2945/3227/3568 2820/3210/3551 2805/3213/3554
s 398
f 2805/3225/3566 2818/3224/3565 2947/3239/3580 2946/3238/3579
f 2948/3310/3659 2947/3239/3580 2818/3224/3565 2889/3313/3662
f 2949/3446/3765 2948/3310/3659 2889/3313/3662 2905/3445/3764
f 2950/3271/3616 2949/3446/3765 2905/3445/3764 2842/3266/3611
f 2951/3272/3617 2950/3271/3616 2842/3266/3611 2808/3269/3614
s 400
f 2808/3221/3562 2828/3220/3561 2952/3235/3576 2951/3234/3575
f 2953/3290/3637 2952/3235/3576 2828/3220/3561 2839/3289/3636
f 2954/3308/3657 2953/3290/3637 2839/3289/3636 2807/3307/3656
s 399
f 2851/3247/3588 2955/3242/3583 2954/3245/3586 2807/3248/3589
f 2896/3432/3750 2956/3429/3747 2955/3242/3583 2851/3247/3588
f 2880/3325/3675 2941/3328/3678 2956/3429/3747 2896/3432/3750
s 417
f 2879/3460/3771 2810/3461/3772 2958/3462/3773 2957/3463/3774
f 2810/3464/3772 2795/3465/3775 2959/3466/3776 2958/3467/3773
f 2795/3468/3775 2830/3469/3777 2960/3470/3778 2959/3471/3776
f 2830/3472/3777 2819/3473/3779 2961/3474/3780 2960/3475/3778
f 2819/3476/3779 2793/3477/3781 2962/3478/3782 2961/3479/3780
f 2793/3480/3781 2809/3481/3783 2963/3482/3784 2962/3483/3782
f 2809/3484/3783 2890/3485/3785 2964/3486/3786 2963/3487/3784
f 2965/3488/3787 2964/3486/3786 2890/3485/3785 2906/3489/3788
f 2966/3490/3789 2965/3488/3787 2906/3489/3788 2841/3491/3790
f 2841/3492/3790 2794/3493/3791 2967/3494/3792 2966/3495/3789
f 2794/3496/3791 2829/3497/3793 2968/3498/3794 2967/3499/3792
f 2829/3500/3793 2840/3501/3795 2969/3502/3796 2968/3503/3794
f 2840/3504/3795 2796/3505/3797 2970/3506/3798 2969/3507/3796
f 2796/3508/3797 2852/3509/3799 2971/3510/3800 2970/3511/3798
f 2852/3512/3799 2895/3513/3801 2972/3514/3802 2971/3515/3800
f 2895/3513/3801 2879/3460/3771 2957/3463/3774 2972/3514/3802
f 2957/3463/3774 2958/3462/3773 2974/3350/3683 2973/3349/3695
f 2958/3467/3773 2959/3466/3776 2975/3334/3684 2974/3333/3683
f 2959/3471/3776 2960/3470/3778 2976/3362/3697 2975/3361/3684
f 2960/3475/3778 2961/3474/3780 2977/3354/3687 2976/3353/3697
f 2961/3479/3780 2962/3478/3782 2978/3338/3679 2977/3337/3687
f 2962/3483/3782 2963/3482/3784 2979/3330/3680 2978/3329/3679
f 2963/3487/3784 2964/3486/3786 2980/3346/3693 2979/3345/3680
f 2981/3448/3767 2980/3346/3693 2964/3486/3786 2965/3488/3787
f 2982/3456/3703 2981/3448/3767 2965/3488/3787 2966/3490/3789
f 2966/3495/3789 2967/3494/3792 2983/3370/3689 2982/3369/3703
f 2967/3499/3792 2968/3498/3794 2984/3342/3690 2983/3341/3689
f 2968/3503/3794 2969/3502/3796 2985/3358/3699 2984/3357/3690
f 2969/3507/3796 2970/3506/3798 2986/3366/3701 2985/3365/3699
f 2970/3511/3798 2971/3510/3800 2987/3374/3705 2986/3373/3701
f 2971/3515/3800 2972/3514/3802 2988/3427/3745 2987/3454/3705
f 2972/3514/3802 2957/3463/3774 2973/3349/3695 2988/3427/3745
s 421
f 2878/3516/3803 2856/3517/3804 2990/3518/3805 2989/3519/3806
f 2856/3520/3804 2855/3521/3807 2991/3522/3808 2990/3523/3805
s 422
f 2855/3524/3809 2862/3525/3810 2992/3526/3811 2991/3527/3812
f 2862/3528/3810 2857/3529/3813 2993/3530/3814 2992/3531/3811
f 2857/3532/3813 2853/3533/3815 2994/3534/3816 2993/3535/3814
s 420
f 2853/3536/3817 2854/3537/3818 2995/3538/3819 2994/3539/3820
f 2854/3540/3818 2891/3541/3821 2996/3542/3822 2995/3543/3819
f 2997/3544/3823 2996/3542/3822 2891/3541/3821 2907/3545/3824
f 2998/3546/3825 2997/3544/3823 2907/3545/3824 2860/3547/3826
f 2860/3548/3826 2858/3549/3827 2999/3550/3828 2998/3551/3825
s 423
f 2858/3552/3829 2859/3553/3830 3000/3554/3831 2999/3555/3832
f 2859/3556/3830 2863/3557/3833 3001/3558/3834 3000/3559/3831
f 2863/3560/3833 2864/3561/3835 3002/3562/3836 3001/3563/3834
s 421
f 2864/3564/3837 2861/3565/3838 3003/3566/3839 3002/3567/3840
f 2861/3568/3838 2894/3569/3841 3004/3570/3842 3003/3571/3839
f 2894/3569/3841 2878/3516/3803 2989/3519/3806 3004/3570/3842
f 2989/3519/3806 2990/3518/3805 3006/3398/3711 3005/3397/3725
f 2990/3523/3805 2991/3522/3808 3007/3382/3712 3006/3381/3711
s 422
f 2991/3527/3812 2992/3526/3811 3008/3410/3727 3007/3409/3731
f 2992/3531/3811 2993/3530/3814 3009/3402/3715 3008/3401/3727
f 2993/3535/3814 2994/3534/3816 3010/3386/3716 3009/3385/3715
s 420
f 2994/3539/3820 2995/3538/3819 3011/3378/3708 3010/3377/3707
f 2995/3543/3819 2996/3542/3822 3012/3394/3723 3011/3393/3708
f 3013/3450/3769 3012/3394/3723 2996/3542/3822 2997/3544/3823
f 3014/3458/3735 3013/3450/3769 2997/3544/3823 2998/3546/3825
f 2998/3551/3825 2999/3550/3828 3015/3418/3736 3014/3417/3735
s 423
f 2999/3555/3832 3000/3554/3831 3016/3390/3720 3015/3389/3719
f 3000/3559/3831 3001/3558/3834 3017/3406/3729 3016/3405/3720
f 3001/3563/3834 3002/3562/3836 3018/3414/3733 3017/3413/3729
s 421
f 3002/3567/3840 3003/3566/3839 3019/3422/3740 3018/3421/3739
f 3003/3571/3839 3004/3570/3842 3020/3425/3743 3019/3452/3740
f 3004/3570/3842 2989/3519/3806 3005/3397/3725 3020/3425/3743
s off
usemtl lambert4SG
f 3021/3572/3843 3022/3573/3844 3030/3574/3845 3029/3575/3846
f 3022/3573/3847 3023/3576/3848 3031/3577/3849 3030/3574/3850
f 3023/3576/3851 3024/3578/3852 3032/3579/3853 3031/3577/3854
f 3024/3578/3855 3025/3580/3856 3033/3581/3857 3032/3579/3858
f 3025/3580/3859 3026/3582/3860 3034/3583/3861 3033/3581/3862
f 3026/3582/3863 3027/3584/3864 3035/3585/3865 3034/3583/3866
f 3027/3584/3867 3028/3586/3868 3036/3587/3869 3035/3585/3870
f 3028/3586/3871 3021/3588/3872 3029/3589/3873 3036/3587/3874
f 3029/3575/3875 3030/3574/3876 3038/3590/3877 3037/3591/3878
f 3030/3574/3879 3031/3577/3880 3039/3592/3881 3038/3590/3882
f 3031/3577/3883 3032/3579/3884 3040/3593/3885 3039/3592/3886
f 3032/3579/3887 3033/3581/3888 3041/3594/3889 3040/3593/3890
f 3033/3581/3891 3034/3583/3892 3042/3595/3893 3041/3594/3894
f 3034/3583/3895 3035/3585/3896 3043/3596/3897 3042/3595/3898
f 3035/3585/3899 3036/3587/3900 3044/3597/3901 3043/3596/3902
f 3036/3587/3903 3029/3589/3904 3037/3598/3905 3044/3597/3906
f 3037/3591/3907 3038/3590/3908 3046/3599/3909 3045/3600/3910
f 3038/3590/3911 3039/3592/3912 3047/3601/3913 3046/3599/3914
f 3039/3592/3915 3040/3593/3916 3048/3602/3917 3047/3601/3918
f 3040/3593/3919 3041/3594/3920 3049/3603/3921 3048/3602/3922
f 3041/3594/3923 3042/3595/3924 3050/3604/3925 3049/3603/3926
f 3042/3595/3927 3043/3596/3928 3051/3605/3929 3050/3604/3930
f 3043/3596/3931 3044/3597/3932 3052/3606/3933 3051/3605/3934
f 3044/3597/3935 3037/3598/3936 3045/3607/3937 3052/3606/3938
f 3045/3600/3939 3046/3599/3940 3054/3608/3941 3053/3609/3942
f 3046/3599/3943 3047/3601/3944 3055/3610/3945 3054/3608/3946
f 3047/3601/3947 3048/3602/3948 3056/3611/3949 3055/3610/3950
f 3048/3602/3951 3049/3603/3952 3057/3612/3953 3056/3611/3954
f 3049/3603/3955 3050/3604/3956 3058/3613/3957 3057/3612/3958
f 3050/3604/3959 3051/3605/3960 3059/3614/3961 3058/3613/3962
f 3051/3605/3963 3052/3606/3964 3060/3615/3965 3059/3614/3966
f 3052/3606/3967 3045/3607/3968 3053/3616/3969 3060/3615/3970
f 3053/3609/3971 3054/3608/3972 3062/3617/3973 3061/3618/3974
f 3054/3608/3975 3055/3610/3976 3063/3619/3977 3062/3617/3978
f 3055/3610/3979 3056/3611/3980 3064/3620/3981 3063/3619/3982
f 3056/3611/3983 3057/3612/3984 3065/3621/3985 3064/3620/3986
f 3057/3612/3987 3058/3613/3988 3066/3622/3989 3065/3621/3990
f 3058/3613/3991 3059/3614/3992 3067/3623/3993 3066/3622/3994
f 3059/3614/3995 3060/3615/3996 3068/3624/3997 3067/3623/3998
f 3060/3615/3999 3053/3616/4000 3061/3625/4001 3068/3624/4002
s 432
f 3061/3618/4003 3062/3617/4004 3158/3626/4005 3151/3627/4006
s 433
f 3062/3617/4007 3063/3619/4008 3157/3628/4009 3158/3626/4010
s 434
f 3063/3619/4011 3064/3620/4012 3156/3629/4013 3157/3628/4014
s 435
f 3064/3620/4015 3065/3621/4016 3155/3630/4017 3156/3629/4018
s 436
f 3065/3621/4019 3066/3622/4020 3154/3631/4021 3155/3630/4022
s 437
f 3066/3622/4023 3067/3623/4024 3153/3632/4025 3154/3631/4026
s 438
f 3067/3623/4027 3068/3624/4028 3152/3633/4029 3153/3632/4030
s 439
f 3068/3624/4031 3061/3625/4032 3151/3634/4033 3152/3633/4034
s off
f 3022/3573/4035 3021/3572/4036 3077/3635/4037
f 3023/3576/4038 3022/3573/4039 3077/3636/4040
f 3024/3578/4041 3023/3576/4042 3077/3637/4043
f 3025/3580/4044 3024/3578/4045 3077/3638/4046
f 3026/3582/4047 3025/3580/4048 3077/3639/4049
f 3027/3584/4050 3026/3582/4051 3077/3640/4052
f 3028/3586/4053 3027/3584/4054 3077/3641/4055
f 3021/3588/4056 3028/3586/4057 3077/3642/4058
usemtl lambert5SG
f 3110/3643/4059 3111/3644/4060 3112/3645/4061
f 3111/3644/4062 3113/3646/4063 3112/3647/4064
f 3113/3646/4065 3114/3648/4066 3112/3649/4067
f 3114/3648/4068 3115/3650/4069 3112/3651/4070
f 3115/3650/4071 3116/3652/4072 3112/3653/4073
f 3116/3652/4074 3117/3654/4075 3112/3655/4076
f 3117/3654/4077 3118/3656/4078 3112/3657/4079
f 3118/3656/4080 3110/3658/4081 3112/3659/4082
usemtl lambert4SG
f 3069/3660/4083 3070/3661/4084 3079/3662/4085 3078/3663/4086
f 3070/3661/4087 3071/3664/4088 3080/3665/4089 3079/3662/4090
f 3071/3664/4091 3072/3666/4092 3081/3667/4093 3080/3665/4094
f 3072/3666/4095 3073/3668/4096 3082/3669/4097 3081/3667/4098
f 3073/3668/4099 3074/3670/4100 3083/3671/4101 3082/3669/4102
f 3074/3670/4103 3075/3672/4104 3084/3673/4105 3083/3671/4106
f 3075/3672/4107 3076/3674/4108 3085/3675/4109 3084/3673/4110
f 3076/3674/4111 3069/3676/4112 3078/3677/4113 3085/3675/4114
s 440
f 3078/3663/4115 3079/3662/4116 3150/3678/4117 3143/3679/4118
s 441
f 3079/3662/4119 3080/3665/4120 3149/3680/4121 3150/3678/4122
s 442
f 3080/3665/4123 3081/3667/4124 3148/3681/4125 3149/3680/4126
s 443
f 3081/3667/4127 3082/3669/4128 3147/3682/4129 3148/3681/4130
s 444
f 3082/3669/4131 3083/3671/4132 3146/3683/4133 3147/3682/4134
s 445
f 3083/3671/4135 3084/3673/4136 3145/3684/4137 3146/3683/4138
s 446
f 3084/3673/4139 3085/3675/4140 3144/3685/4141 3145/3684/4142
s 447
f 3085/3675/4143 3078/3677/4144 3143/3686/4145 3144/3685/4146
s 448
f 3086/3687/4147 3087/3688/4148 3142/3689/4149 3135/3690/4150
f 3087/3688/4148 3088/3691/4151 3141/3692/4152 3142/3689/4149
f 3088/3691/4151 3089/3693/4153 3140/3694/4154 3141/3692/4152
f 3089/3693/4153 3090/3695/4155 3139/3696/4156 3140/3694/4154
f 3090/3695/4155 3091/3697/4157 3138/3698/4158 3139/3696/4156
f 3091/3697/4157 3092/3699/4159 3137/3700/4160 3138/3698/4158
f 3092/3699/4159 3093/3701/4161 3136/3702/4162 3137/3700/4160
f 3093/3701/4161 3086/3703/4147 3135/3704/4150 3136/3702/4162
s 449
f 3094/3705/4163 3095/3706/4164 3134/3707/4165 3127/3708/4166
s 450
f 3095/3706/4167 3096/3709/4168 3133/3710/4169 3134/3707/4170
s 451
f 3096/3709/4171 3097/3711/4172 3132/3712/4173 3133/3710/4174
s 452
f 3097/3711/4175 3098/3713/4176 3131/3714/4177 3132/3712/4178
s 453
f 3098/3713/4179 3099/3715/4180 3130/3716/4181 3131/3714/4182
s 454
f 3099/3715/4183 3100/3717/4184 3129/3718/4185 3130/3716/4186
s 455
f 3100/3717/4187 3101/3719/4188 3128/3720/4189 3129/3718/4190
s 456
f 3101/3719/4191 3094/3721/4192 3127/3722/4193 3128/3720/4194
s 449
usemtl lambert5SG
f 3102/3723/4195 3103/3724/4196 3126/3725/4197 3119/3726/4198
s 450
f 3103/3724/4199 3104/3727/4200 3125/3728/4201 3126/3725/4202
s 451
f 3104/3727/4203 3105/3729/4204 3124/3730/4205 3125/3728/4206
s 452
f 3105/3729/4207 3106/3731/4208 3123/3732/4209 3124/3730/4210
s 453
f 3106/3731/4211 3107/3733/4212 3122/3734/4213 3123/3732/4214
s 454
f 3107/3733/4215 3108/3735/4216 3121/3736/4217 3122/3734/4218
s 455
f 3108/3735/4219 3109/3737/4220 3120/3738/4221 3121/3736/4222
s 456
f 3109/3737/4223 3102/3739/4224 3119/3740/4225 3120/3738/4226
f 3120/3738/4226 3119/3740/4225 3110/3658/4227 3118/3656/4228
s 455
f 3121/3736/4222 3120/3738/4221 3118/3656/4229 3117/3654/4230
s 454
f 3122/3734/4218 3121/3736/4217 3117/3654/4231 3116/3652/4232
s 453
f 3123/3732/4214 3122/3734/4213 3116/3652/4233 3115/3650/4234
s 452
f 3124/3730/4210 3123/3732/4209 3115/3650/4235 3114/3648/4236
s 451
f 3125/3728/4206 3124/3730/4205 3114/3648/4237 3113/3646/4238
s 450
f 3126/3725/4202 3125/3728/4201 3113/3646/4239 3111/3644/4240
s 449
f 3119/3726/4198 3126/3725/4197 3111/3644/4241 3110/3643/4242
s 456
f 3128/3720/4194 3127/3722/4193 3102/3739/4224 3109/3737/4223
s 455
f 3129/3718/4190 3128/3720/4189 3109/3737/4220 3108/3735/4219
s 454
f 3130/3716/4186 3129/3718/4185 3108/3735/4216 3107/3733/4215
s 453
f 3131/3714/4182 3130/3716/4181 3107/3733/4212 3106/3731/4211
s 452
f 3132/3712/4178 3131/3714/4177 3106/3731/4208 3105/3729/4207
s 451
f 3133/3710/4174 3132/3712/4173 3105/3729/4204 3104/3727/4203
s 450
f 3134/3707/4170 3133/3710/4169 3104/3727/4200 3103/3724/4199
s 449
f 3127/3708/4166 3134/3707/4165 3103/3724/4196 3102/3723/4195
s 448
usemtl lambert4SG
f 3136/3702/4162 3135/3704/4150 3094/3721/4243 3101/3719/4244
f 3137/3700/4160 3136/3702/4162 3101/3719/4244 3100/3717/4245
f 3138/3698/4158 3137/3700/4160 3100/3717/4245 3099/3715/4246
f 3139/3696/4156 3138/3698/4158 3099/3715/4246 3098/3713/4247
f 3140/3694/4154 3139/3696/4156 3098/3713/4247 3097/3711/4248
f 3141/3692/4152 3140/3694/4154 3097/3711/4248 3096/3709/4249
f 3142/3689/4149 3141/3692/4152 3096/3709/4249 3095/3706/4250
f 3135/3690/4150 3142/3689/4149 3095/3706/4250 3094/3705/4243
s 447
f 3144/3685/4146 3143/3686/4145 3086/3703/4251 3093/3701/4252
s 446
f 3145/3684/4142 3144/3685/4141 3093/3701/4253 3092/3699/4254
s 445
f 3146/3683/4138 3145/3684/4137 3092/3699/4255 3091/3697/4256
s 444
f 3147/3682/4134 3146/3683/4133 3091/3697/4257 3090/3695/4258
s 443
f 3148/3681/4130 3147/3682/4129 3090/3695/4259 3089/3693/4260
s 442
f 3149/3680/4126 3148/3681/4125 3089/3693/4261 3088/3691/4262
s 441
f 3150/3678/4122 3149/3680/4121 3088/3691/4263 3087/3688/4264
s 440
f 3143/3679/4118 3150/3678/4117 3087/3688/4265 3086/3687/4266
s 439
f 3152/3633/4034 3151/3634/4033 3069/3676/4267 3076/3674/4268
s 438
f 3153/3632/4030 3152/3633/4029 3076/3674/4269 3075/3672/4270
s 437
f 3154/3631/4026 3153/3632/4025 3075/3672/4271 3074/3670/4272
s 436
f 3155/3630/4022 3154/3631/4021 3074/3670/4273 3073/3668/4274
s 435
f 3156/3629/4018 3155/3630/4017 3073/3668/4275 3072/3666/4276
s 434
f 3157/3628/4014 3156/3629/4013 3072/3666/4277 3071/3664/4278
s 433
f 3158/3626/4010 3157/3628/4009 3071/3664/4279 3070/3661/4280
s 432
f 3151/3627/4006 3158/3626/4005 3070/3661/4281 3069/3660/4282
